"Course subject code","Course number","Course name","Campus","Course description","Minimum credits","Maximum credits","Is this course repeatable?","What is the maximum number of completions allowed?","What is the maximum number of credits that can be earned from this course?","Grading basis","Requirements","Typically offered term(s)"
"AAS","3601W","War and Empire: Asian American Perspectives","Twin Cities","This course examines the reach of war and empire in Asian America since the turn of the twentieth century. Starting with US wars in the Philippines (1898-1910) and the formation of the colonial state, the course will track the ascendancy of US empire in Asia and paths toward wars against imperialist Japan (1941-1945), in Korea (1950-53), and in Vietnam (1955-1975). The course will address the relevance of the unending Global War on Terrorism (2001-) in contemporary Asian America. Together, the course explores how these wars have shaped and continue to inform the lives and memories of Asian immigrants and refugees, their children, and other Asian Americans.","3","3","No","1","3","OPT - Student Option","-","Periodic Spring"
"AFRO","1009","History of Women in Africa: 1500 to the Present","Twin Cities","This course examines the histories of women on African frontiers. The course will highlight the role of women in their relation with family, with other African/nonAfrican peoples, as well as the role of women of the border regions of Sahel-Savanna, SavannaForest, within the country of Morocco, and along the Indian Ocean-Swahili Coast and Atlantic Coast frontiers. AFRO 1009 will compare the roles of African women from specific regions to others in different times and places in Africa, as well as with their contemporaries in Asia, Europe, and the Americas. We will consider the ways in which the women under scrutiny played a critical role in the dynamic changes that transformed their worlds and the worlds around
them. Indeed, the historical lens that informs and underpins this course is premised on the understanding that people make change and that change does not just happen in and of itself. In recognizing the process of change over time, AFRO 1009 emphasizes the significance of social
and cultural context in shaping the extent and nature of women’s participation in these processes. Therefore, the course will seek to understand the cultural beliefs and the rich ethnic, economic, religious networks, which buttressed the women’s roles and examine their associated factors. In
addition to stressing the importance of change over time, AFRO 1009 engages students in a reflection of the past in an attempt to understand those reflections within the continuum of past, present, and future. Accordingly, AFRO 1009 impels us to think about the long term effects of
any change, however slight or insignificant it may seem.","3","3","No","1","3","OPT - Student Option","-","Every Fall"
"AFRO","1012","Black Worlds in Global Perspective: Challenges and Changes","Twin Cities","Our primary goal is to generate and develop analytical perspectives to deepen the understandings of the experiences of Africans and peoples of African descent in global terms, so as to establish connections across different histories, cultures, and political dynamics of “Black worlds,” all the while making gaps
and tensions. Searchingly looking for ways to reconnect with Africa and myriad communities of the African diaspora in the United States, the Caribbean, and Europe, this course encourages students to grapple with the challenges and possibilities emerging out the dynamic processes of the dispersal of Africans and their descendants throughout the New World. We are also equally interested in nurturing a sense of solidarity among Black peoples of the New World, Europe, and Africa, including a pan-Africanist vision. To this end, throughout, we will pay close attention to racism, both locally and globally, and how this “problem of the color line,” as W. E. B. Du Bois famously put it, is tightly bound up with the capitalist system of economic exploitation, or the capitalist empire, and the mechanisms of political domination
connected to the historical development and legacies of New World slavery, imperialism, and
colonialism. From this grounding, we will also investigate stories of struggle and resistance, how diverse constituents of social movements in the Black worlds continue to pursue the possibility of another world, then and now.","3","3","No","1","3","OPT - Student Option","-","Every Spring"
"AFRO","1021","Introduction to Africa","Twin Cities","Through a close engagement with selected oral, visual, audio-visual, and written sources, this course interrogates the representation of Africa as a failed and passive site, hopelessly mired in poverty and ill-equipped to face the challenges of the 21st century. Using the lens of gender as a critical category, the course specifically considers the ways in which African women have distinguished themselves in the areas of politics, the economy, culture, education, and other fields. The historical lens that informs and underpins this course is premised on the understanding that people make change, and that change does not just happen in and of itself. In recognizing the process of change over time, AFRO 1021 demonstrates that African women have played a pivotal role in the dynamic changes that have transformed the continent and its diverse societies. More importantly, African women have always defined and carried out their own struggles, always been on the frontline of agitating for socio-economic and political reforms, and always played critical leadership roles in their families, communities, and civil society. In addition to stressing the importance of change over time, AFRO 1021 engages students in a reflection of the past to understand those reflections within the continuum of past, present, and future.","3","3","No","1","3","AFV - A-F or Audit","-","Every Fall & Spring"
"AFRO","1023W","Introduction to African World Literature","Twin Cities","Childhood is a time of intense growth and dramatic change; of rapid physical, mental and emotional development. It is a time of discovering, experiencing, exploring; of exuberant curiosity and creativity. It is a state characterized by play and activity, innocence and wonder, surprise and delight. But childhood can also be a time of great confusion and uncertainty; of doubt, turmoil and anxiety. Through select pieces of short fiction, prose, essays and cinematic works, we will analyze the popularity of the coming–of–age genre (or bildungsroman) as a primary mode of formative response within the African world literary tradition. We will consider how the autobiographical or semi-autobiographical story, told by a narrator who is growing up and becoming conscious of their body, their familial and wider social surroundings, their emotions, their very identity, dramatizes the cultural, political, and historical contexts in which it is set. Through our exploration of socialization as a thematic component of the bildungsroman, we will examine how “coming-of-age” comes to represent something very different for boys and for girls.","3","3","No","1","3","A-F - A-F Grade Basis","-","Every Fall & Spring"
"AFRO","3002","West African History: 1800 to Present","Twin Cities","West African history from late 18th century to present. Past/profound changes including new 19th century state formation, European colonialism, post-colonial issues.","3","3","No","1","3","OPT - Student Option","-","Every Fall, Spring & Summer"
"AFRO","3009","History of Women in Africa: 1500 to Present","Twin Cities","Through a close engagement with selected oral, visual, audio-visual, and written sources, this course examines the histories of women in Africa. The course will highlight the role of women in their relationship with family and with other African and non-African peoples. AFRO 3009 will compare the roles of African women from specific regions to others in different times and places in Africa, as well as with their contemporaries in other parts of the world. We will consider the ways in which the women under scrutiny played a critical role in the dynamic changes that transformed their worlds and the worlds around them. Indeed, the historical lens that informs and underpins this course is premised on the understanding that people make change, and that change does not just happen in and of itself. In recognizing the process of change over time, AFRO 3009 emphasizes the significance of social and cultural contexts in shaping the extent and nature of women's participation in these processes. Therefore, the course will seek to understand the cultural beliefs and the rich ethnic, economic, religious networks, which buttressed the women's roles and examine their associated factors. In addition to stressing the importance of change over time, AFRO 3009 engages students in a reflection of the past to understand those reflections within the continuum of past, present, and future. Accordingly, AFRO 3009 impels us to think about the long-term effects of any change, however slight or insignificant it may seem.","3","3","No","1","3","OPT - Student Option","-","Every Fall & Spring"
"AFRO","3016","Africa and African Diaspora Archaeology","Twin Cities","Africa and African Diaspora Archaeology (AFRO/ ANTH 3016/5016) examines the evolution of human behavior in Africa and looks at subsequent social, cultural, and technological developments as shown in archaeological records including artifacts, ecofacts, rock art, and structures at archaeological sites. It also discusses methods used to identify archaeological records and how these records can be used to reconstruct past ways of life. Students will obtain hand-on-experience in identifying, classifying, and interpreting archaeological objects. The course covers Africa from around 2.6 million years ago to the recent past, focusing primarily on the last 10,000 years. It examines the development and spread of food production, pottery, metallurgy, trade, and African connections with the Atlantic world dating back to the fifteenth century. 
","3","3","No","1","3","OPT - Student Option","-","Every Fall"
"AFRO","3103","World History and Africa","Twin Cities","This course is an interdisciplinary survey of the history of the African continent. It examines the social, cultural, economic and political transformations that shaped varied African communities from prehistory to the present. Focusing primarily on the intricate intersection of culture, society, economics, and politics, the course examines the concept of “world history” and Africa’s location in the production of this history as theoretical and analytical lenses. It puts particular emphasis on the social, cultural and political developments that informed individual and collective experiences of various African peoples and societies, including the historical narratives and scholarly discourses associated with them.

","3","3","No","1","3","AFV - A-F or Audit","-","Periodic Fall, Spring & Summer"
"AFRO","3120","Social and Intellectual Movements in the African Diaspora","Twin Cities","Political, cultural, historical linkages between Africans, African-Americans, African-Caribbean. Black socio-political movements/radical intellectual trends in late 19th/20th centuries. Colonialism/racism. Protest organizations, radical movements in United States/Europe.","3","3","No","1","3","AFV - A-F or Audit","-","Every Fall"
"AFRO","3131","Contemporary Issues in Africa","Twin Cities","Departing from a country-specific focus and a comparative regional perspective, this course examines contemporary African challenges and varied struggles using case studies, and a range of analytical parameters. Of particular interest will be issues relating to peace and (in)security, ethnic/civil clashes, religious conflicts, authoritarianism, democracy and related impacts: political destabilization, social fragmentation, economic disruption; internal displacement and international migration within regional and global contexts, etc. Historical contexts (colonial legacies) and contemporary dynamics (contemporary realities) will be studied from a political and sociological perspective to establish course content and outcomes.","3","3","No","1","3","A-F - A-F Grade Basis","-","Every Spring"
"AFRO","3205","History of South Africa from 1910: Anti-Racism, Youth Politics, Pandemics & Gender (Based Violence)","Twin Cities","We are all living in extraordinary times. But what does that mean? In South Africa, we have seen the COVID-19 pandemic and the measures implemented to control it causing massive social upheaval and personal distress. It has forced the people in the country to confront issues that life prior to the pandemic had made easy to turn away from. Misogyny, gender based violence, and sexual violence, a long-standing emergency in the south of Africa, have been forced into our vision once again. It was not the pandemic that created this violence. Nor was it the first time people had been outraged by a lack of action to address it. In the years approaching 2020, calls, protests and demonstrations were increasingly demanding the culture of impunity in gender based violence be ended; sometime with violent outcomes against the protestors themselves. Over those same years, nationwide protests have rocked South Africa's university campuses. The student movements known as #RhodesMustFall, #FeesMustFall and #RUReferenceList highlight the contrasts and disappointments of the recent past in South Africa, confront the legacy of racism and misogyny in its institutions and knowledge systems, and resonate with a history of anti-racism and struggle that now, in turn, similarly fuel the on-going Black Lives Matter and #MeToo movements worldwide.","3","3","No","1","3","OPT - Student Option","-","Periodic Fall"
"AFRO","3431","Early Africa and Its Global Connections","Twin Cities","This course offers a general, introductory survey of African history from the earliest times to around 1860. You need have no prior knowledge of the subject, just interest and enthusiasm. We will explore Africa’s rich and diverse pre-colonial past, paying particular attention to material and social change and the ways in which both ruling elites and “ordinary” men and women—farmers, herders, traders, slaves—helped to shape their worlds.

Given the vast chronological and geographic scope of the continent, our coverage will necessarily be selective. Rather than attempting to cover everything, the course highlights major themes and case studies that illuminate broader patterns and transformations. Topics include climate and environment, migration and settlement, material culture, state formation, trade networks, slavery and the slave trade, and the spread and influence of Islam and Christianity.

Students will also be introduced to the methods historians use to reconstruct Africa’s early past, including oral traditions, archaeology, linguistics, and anthropology. By the end of the course, students will have developed a strong methodological and historiographical foundation for understanding African history and situating specific events and processes within larger regional and global contexts","3","3","No","1","3","A-F - A-F Grade Basis","-","Periodic Fall & Spring"
"AFRO","3432","Modern Africa in a Changing World","Twin Cities","Socioeconomic, political, and cultural development in Africa, from abolition of trans-Atlantic slave trade through postcolonial era.","3","4","No","1","4","OPT - Student Option","-","Every Fall, Spring & Summer"
"AFRO","3433","Economic Development in Contemporary Africa","Twin Cities","Major socio-economic challenges that confront post-independence sub-Saharan African countries in quest for sustainable economic development/growth. Causes of persistent poverty/inequality, role of institutions/multinational agencies. Growth in 21st century.

prereq: APEC 1101 or ECON 1101","3","3","No","1","3","A-F - A-F Grade Basis","-","Every Spring"
"AFRO","3434","Images of Africa","Twin Cities","Major themes in African history, from early human development to present.  History of western ""knowledge"" about Africa. Assumptions that have influenced production of African history. Extent to which African history is ""packaged"" for public consumption inside/outside Africa. How history is used to support modern political agendas.","3","3","No","1","3","OPT - Student Option","-","Periodic Fall & Spring"
"AFRO","3435","Political Dynamics in the Horn of Africa","Twin Cities","Who wields political power? Who challenges those in power? And how do they legitimize their claims and go about enforcing them? These are the core questions that will guide our exploration of the political dynamics in the Horn of Africa. Just like most regions in Africa, the Horn is home to diverse cultures and languages. What distinguishes it, however, is the contested nature of state borders, which have been redrawn in ways not observed anywhere else in Africa since the end of European colonialism. The purpose of this class is to delve deeper into these conflicts, to examine the interactions between incumbent governments, armed rebel groups and international actors in shaping war and peace in the Horn. Throughout this journey, we will pay special attention to ideas of sovereignty, identity and violence and draw on literature outside of the Horn to help us better dissect what is going on within it. ","3","3","No","1","3","OPT - Student Option","-","Every Spring"
"AFRO","3478W","Contemporary Politics in Africa and the Colonial Legacy","Twin Cities","At the core, this class is about the interaction between the assertion of and challenge to political authority in Africa. Who should have the right to make decisions that structure people's lives? To what extent is ""might"" an important source of political authority? How, in turn, do people respond to these different means of establishing political authority? Using these questions as a springboard, this class will examine some broader themes relating to colonialism, state building, conflict and development in Africa. Politics in Africa, just as in any other place in the world, is complex and for that reason, the objective of the class is not to give you answers, but to have you think critically about the issues we cover. Towards this end, this class will draw on different sources ranging from novels to manifestos so as to illustrate both the mundane and extraordinary events that have helped shape the political landscape of the continent.","3","3","No","1","3","OPT - Student Option","-","Every Spring"
"AFRO","3601W","African Literature","Twin Cities","The globalized present has witnessed increased mobility as economic, political, and social unrest intensify, forcing mass migration of populations across scorching deserts, treacherous mountains and perilous seas. In the United States and in Western Europe specifically, the consequence of this mobility—immigration—remains the single most cross-cutting issue and the most vexed political challenge of the day. Defined as threatening and intrusive, frequently criminalized in discourse and in action, immigrants have become scapegoats for a wide range of problems that bedevil every aspect of life in every country. Blamed for everything from taking jobs from locals to rising crime and the spread of communicable diseases, immigrants have become victims of xenophobic violence and repositories for the routine fear-mongering prevalent in post-9/11 global terror and counter-terror climate. This course addresses the keys issues that arise in contemporary immigration and global security debates. Throughout the course of the semester, we will interrogate the literary and audio-visual arts as a mirror of the times, reflecting socio-political conditions. In a bid to place the current “crisis” in a historical perspective, we will examine select works by African writers, filmmakers and artists, which provide examples that enable us to move beyond stereotypes and common assumptions.","3","3","No","1","3","A-F - A-F Grade Basis","-","Every Fall, Spring & Summer"
"AFRO","3625W","Women Writers of Africa and the African Diaspora","Twin Cities","Works of black women writers from Europe, Africa, South America, and the Caribbean. Novels, drama, films, and essays.","3","3","No","1","3","A-F - A-F Grade Basis","-","Spring Even Year"
"AFRO","3654","African Cinema","Twin Cities","This course introduces you to films written and directed by African filmmakers beginning the 2nd part of the 20th Century. Through an exploration of the stylistic and thematic issues raised by each film, it is expected that students will gain a broad understanding of how African filmmakers portray African social and cultural life, including the artistic and political contexts within which they work. In this way, students will gain an historical perspective on the origins of African filmmaking, confront the basic social, cultural, and aesthetic questions raised by African filmmakers and critics, and consider how questions raised by African filmmakers and their films fit into the larger context of world cinema. We will contrast postcolonial African films with Hollywood jungle epics, settler/adventure romances in safari paradise, and colonial movies about Africa. Moving beyond strict categories and standards we will also examine the role of documentary films in shaping our understanding of African people's lives and the social construction of reality. We will review the place of documentary film in the current media-scape and discuss its functions and limitations. Most films will be screened in original languages with English subtitles.","3","3","No","1","3","OPT - Student Option","-","Periodic Fall & Summer"
"AFRO","3681","Black Europe","Twin Cities","Europe is constantly associated with whiteness, yet Black people have existed in Northern and Central Europe (the contemporary spaces known as Germany, Austria, the Netherlands, Belgium, and Scandinavia) for centuries. To counter this imagined whiteness, students will be reading histories and Black authors' experiences in these nations. A closer investigation will show that Black people have been traveling to Europe (willingly and unwillingly) for centuries. While Afro-Europeans remain at the margins of these nations, they find avenues to survive and thrive in the face of microaggressions and racism. As the semester progresses, we will examine the following questions: What is daily life like in a majority white country? In what ways are these authors included or excluded from national discourses? What ways do they bring attention to anti-Blackness in their local contexts? How do they define home and belonging? These questions will help us understand the imagined citizens of Central Europe and the people trying to tear these false images down.","3","3","No","1","3","OPT - Student Option","-","Spring Even Year"
"AFRO","5016","Africa and African Diaspora Archaeology","Twin Cities","Africa and African Diaspora Archaeology (AFRO/ ANTH 3016/5016) examines the evolution of human behavior in Africa and looks at subsequent social, cultural, and technological developments as shown in archaeological records including artifacts, ecofacts, rock art, and structures at archaeological sites. It also discusses methods used to identify archaeological records and how these records can be used to reconstruct past ways of life. Students will obtain hand-on-experience in identifying, classifying, and interpreting archaeological objects. The course covers Africa from around 2.6 million years ago to the recent past, focusing primarily on the last 10,000 years. It examines the development and spread of food production, pottery, metallurgy, trade, and African connections with the Atlantic world dating back to the fifteenth century. ","3","3","No","1","3","OPT - Student Option","-","Every Fall"
"AGRO","3203W","Environment, Global Food Production, and the Citizen","Twin Cities","Ecological/ethical concerns of food production systems in global agriculture: past, present, and future. Underlying ethical positions about how agroecosystems should be configured. Decision cases, discussions, videos, other media.","3","3","No","1","3","OPT - Student Option","-","Every Spring"
"AGRO","3305","Agroecosystems of the world","Twin Cities","Explore four different areas of world (Minnesota, Morocco, Nepal, Costa Rica) by networking with locals on ground in each region through online interactions. Food, agriculture, environment. Biophysical/socio-cultural aspects of agroecosystems through unique multi-disciplinary lens.","3","3","No","1","3","OPT - Student Option","-","Every Fall"
"AHS","3001","Health and Medicine in India in a Social and Cultural Context","Twin Cities","Students are required to attend two pre-orientations, travel to India on the global seminar, and complete a project and presentation upon their return to the United States.

prereq: instr consent","3","3","No","1","3","A-F - A-F Grade Basis","-","Every Spring"
"AHS","3002","Global Health in Thailand - Humans, Elephants, and Disease","Twin Cities","Global Health in Thailand is a Global Seminar that travels to Chiang Mai, Thailand to examine the relationship between human, animal, and environmental health through the One Health approach. The course travels to Thailand over winter break and then meets for the first half of spring semester. For more information, see the Learning Abroad Center website.","3","3","No","1","3","A-F - A-F Grade Basis","-","Every Spring"
"AHS","3003","Sustainable Approaches to Health in France","Twin Cities","A wide range of factors influences health status in a country, including politics, economics, culture, history, and the systems that provide structure and process in the country. As the global world developed the 2030 Sustainable Development Goals (SDGs) framework, we have seen an increase in innovative strategies by countries to meet the 2030 goals, with France emerging as a leader in their efforts. The 2030 Sustainable Development Goals are framed by five categories: planet, people, prosperity, peace, and partnership.  France has made some innovative efforts to move the needle in each of these categories. For example, France is leading the way with food security, having introduced a new international strategy for food security, nutrition, and sustainable agriculture in October 2019.  From public health and healthcare systems to food safety and security, the extensive challenges require collaboration, coordination, and an interprofessional approach to be successful.

According to writer Kim Ann Zimmerman, “The culture and underlying values in France are distinctly different from the US. The French believe in égalité, which means equality, and is part of the country's motto: ""Liberté, Egalité, Fraternité."" Many say they place a higher importance on equality than liberty and fraternity, the other two words in the motto.”  We will explore how France’s history, culture, and underlying values affect health, health disparities, and systems that influence health, healthcare, and SDGs.","3","3","No","1","3","A-F - A-F Grade Basis","-","Every Spring"
"AHS","3004","Health in Ecuador: History, Environment, & Culture","Twin Cities","During the first half of the spring semester at the University of Minnesota, students will learn about the challenges and opportunities of addressing the United Nations Sustainable Development Goals in Ecuador while comparing and contrasting with the US and/or Minnesota. Students will work in teams and will be tasked to focus on a perspective of a Sustainable Development Goal throughout the semester. Students will also learn very basic Spanish words and phrases in preparation for their time in Ecuador. Through taking and learning about the Intercultural Development Inventory and cultural development and reflection activities, including Observe, Describe, Interpret, and Evaluate (ODIE), students will learn more about their own cultures while preparing to openly experience cultures in Ecuador.  

During their time abroad, students will have the opportunity to apply the knowledge learned in the early spring semester to observations and experiences in Ecuador. The teams will ask questions during site visits from their assigned SDG perspective in preparation for their final project on SDGs in Ecuador. Site visits will include a visit to Colonial Quito and the Mitad del Mundo City Museum. Students will visit an urban and rural health center, the CINCA Agroecological Center, the San Clemente Pukyu Pamba project, featuring an indigenous community where they will share a meal with the community. Students will also participate in an indigenous healing ceremony. Finally, students will visit Pambilino, a Bosque Escuela, located in the northwest of Ecuador near the community of Mashpi, a nature reserve of the Choco rainforest that has a 4 hectare permaculture farm in the North Occidental of Ecuador, nestled within the tropical foothills of Ecuador. They work to teach sustainable agroforestry techniques to those that want to learn on the Bosque-escuela.

Upon returning to Minnesota, the students will participate in re-entry activities, present their final project, and have a final class debrief. Students will complete reflective journal entries throughout the semester and a final personal reflection on SGDs in Ecuador compared and contrasted to Minnesota/USA.","3","3","No","1","3","A-F - A-F Grade Basis","-","Every Spring"
"AHS","3005","Modern Medicine Through History in Greece","Twin Cities","AHS 3005 is a 4-credit embedded study abroad course that meets on campus during B term spring semester and then travels to Greece for two weeks in May. Greece is known for its rich history, beautiful landscapes, ancient civilization, and cultural contributions to the world. It is often referred to as the birthplace of Western civilization and holds a prominent place in history due to its influence on philosophy, democracy, art, architecture, medicine, and more. Ancient Greece made significant contributions to the field of medicine, laying the foundation for modern medical practices and theories. In addition to its historical significance, Greece boasts a rich cultural heritage evident in its traditional music, dance, art, and cuisine. Like many other countries worldwide, Greece aligns its policies and initiatives with the United Nations Sustainable Development Goals (SDGs), which aim to address global challenges, including health, poverty, inequality, climate change, environmental degradation, peace, and justice. Over the period of this course, students will learn from Greece's extensive history regarding health and medicine, and work in teams to create a final project related to the SDGs.","4","4","No","1","4","A-F - A-F Grade Basis","-","Every Spring"
"AMES","1001","Asian Film and Animation","Twin Cities","Various film styles within Asian film/animation production. Ways of analyzing film. Work of 20th-century directors in Asia.","3","3","No","1","3","OPT - Student Option","-","Periodic Fall & Spring"
"AMES","1201","Arrow, Fist, and Sword: Conceptions of the Hero in Asian Cultures","Twin Cities","Concepts of the ""hero"" in Persian, Indian Chinese, Korean, and Japanese cultures: How did various societies in these countries define the ethos of the ""hero"" and his relationship to the community? How did versions of the hero change over time, and how was the hero redefined in the context of modern nationalism? What part have traditional gender roles played in defining the hero and is a ""female"" hero possible within these traditions? And how has popular film allowed modern Asian societies to reinterpret their traditional conceptions of the hero? Specific explorations: the Persian hero Rostam in The Book of Kings; Rama and retellings of the Indian Ramayana; Mulan and the Chinese female warrior; the Korean hero Hong Gildong; and the Japanese story of the forty-seven ronin.","3","3","No","1","3","OPT - Student Option","-","Periodic Fall & Spring"
"AMES","1351","Chinese Martial Arts Cinema","Twin Cities","Martial arts cinema may be China's most globally popular as well as most culturally distinctive form of film making. With origins in traditional Chinese popular literature and a cinematic history going back to the silent film era, the genre has experienced multiple periods of popularity both in China since the 1920s and in the West since the 1960s-70s. This course will look at Chinese martial arts cinema with these learning goals in mind:
- To learn the distinctive film style of the genre by discussing basic film techniques such as cinematography, editing, and performance.
- To use martial arts films to explore deeper aspects of Chinese culture such as philosophy, religion, and ethics.
- To see how the development of martial arts cinema reflected trends in modern Chinese history, including the tension between nationalism and globalism.
We will watch films from the pre-1949 Republic of China, the post-1949 People's Republic of China, Hong Kong during the British colonial period, and Taiwan. Each week students will have one film to watch streaming as homework and a reading assignment usually totaling 20-30 pages. ","3","3","No","1","3","A-F - A-F Grade Basis","-","Periodic Fall & Spring"
"AMES","1456","Japanese Film and Animation","Twin Cities","This course offers an introduction to the history of moving images in Japanese film and animation from 1945 to the present as a method for understanding how one nation's film culture has contributed to global political, social, and ecological movements. Students learn how Japanese cinema has been an essential contributor to the development of global film genres and cultures. This course fulfills the Global Perspective because it illustrates the rich history of Asian cinema in a global mediascape. Students will learn how moving images from Asia provide important perspectives on global social, political, and environmental issues. Upon completion of the course, students will be able to use their new skills in film and animation interpretation to analyze media in their daily lives. They will have tools for critical analysis of dominant Western and Hollywood media forms. 

Students will analyze films from multiple angles, engaging in a multi-optic analysis.","3","3","No","1","3","OPT - Student Option","-","Periodic Fall & Spring"
"AMES","1806","Modern Middle Eastern Cultures and Societies","Twin Cities","What we commonly and monolithically refer to as “the Middle East” in fact consists of many different individual nation-states, each with their own particular historical trajectory and a combined population of half a billion people encompassing a plethora of religious faiths, political orientations, social formations, and varied identities. This course provides a starting point for comprehending this frequently misunderstood part of the world, the diverse peoples who inhabit it, and the myriad cultures they practice. We will address the various problems we encounter when approaching such an unwieldy concept as “the Middle East,” key moments that have shaped modern Middle Eastern cultures and societies, and examples of how cultural production functions in the context of modern Middle Eastern history and politics.","3","3","No","1","3","OPN - Student Option No Audit","-","Periodic Fall & Spring"
"AMES","1836","Modern Middle Eastern Literature","Twin Cities","This course introduces students to the diversity of contemporary Middle Eastern cultures, identities, and histories through readings in modern literature. Reading novels, stories, poetry, and memoirs translated from Arabic, Hebrew, Persian, and Turkish, we will follow a number of key concerns shaping Middle Eastern cultural production: legacies of colonialism and the manner they shaped the relationship between classical and modern literary forms, the ethical and aesthetic challenges of bearing testimony to violence, and the manner literature reflects and subverts racial hierarchies, ethnic divisions, and gender dynamics. These themes will be debated in a range of spaces and contexts: the desert, the city, and the ocean as quintessential environments in times of great social and ecological upheavals; migration flows and refugee identities; the alternating banality and grotesqueness of war; and the formation of intimate, personal relationships. ","3","3","No","1","3","A-F - A-F Grade Basis","-","Periodic Fall & Spring"
"AMES","1917W","Playing with Genders: How Arts Inform Our Everyday Genders, a Case Study in Japanese Arts","Twin Cities","Matters related to ""gender"" have been debated in courts, schools, businesses, and the media. These societal debates point to the difficulty in defining ""gender"" in a simple and stable sense. This difficulty points to the reality that gender is not a way of ""being""—but more a way of ""doing."" One way to begin to understand this paradigm shift is to look to the arts for an understanding of gender and how gender performance in art can inform our everyday concepts of gender.
	In order to begin this understanding, this seminar focuses on the gender performance of Japanese literature and theater (in English) as a ""case study"" due to Japan's highly formal cultural traditions and their rich ""cross-gender"" performing arts. The long ""history"" of ""cross-gender"" performing arts in Japan can even date back to a mythical warrior prince in ancient times, and such performing arts have remained flourishing through today not only in literature and theater but also in film, TV, anime/manga, video games, etc. This seminar will explore the history of ""cross-gender"" performance, mainly starting in the 17th century.
	The course will give students an opportunity to explore gender performance in Japanese art in the classroom and also at the University libraries and Minneapolis Institute of Art. Our class will host several guest speakers on gender performance beyond Japan, including Asian American theater, Chinese theater, and British theater.

This cousre is taught by Maki Isaka, Asian and Middle Eastern Studies. Maki Isaka offers courses on topics related to her research areas: performing arts in Japan, literature in Japan, martial arts in Japan, and gender theory (Japan and beyond). Her current research project is on female players of Gidayû, an ""all-male"" music used in Kabuki- and Bunraku-puppet theaters. Outside of her research, Isaka is a massive fan of horses and music.","3","3","No","1","3","A-F - A-F Grade Basis","001475","Periodic Fall & Spring"
"AMES","3256","Graphic Novels: Conflict, Peace and Protest","Twin Cities","This course will examine a particular medium—graphic novel—which is inherently rich in visual, narrative, and linguistic components. The materials chosen for this course are driven by wars and conflicts in the following four regions: East Asia, South Asia, Southeast Asia, and the Middle East. Through these selected works, we will explore histories of political conflicts, state violence, anticipation for peace as well as understandings and praxes of protest in various forms, namely, social movements; mourning; remembrance; art making; and writing. Given the nature of conflict that always goes above and beyond the question of nation-state, this course will also discuss its amplification to the question of migration, refugee crisis, displacement, and multi-generational trauma among diasporic subjects. Located at the intersection of conflict, peace, and protest, this course not only introduces students to historical processes and complexities of these conflicts—both from the national and international points of view—but also challenges students to question the potentials of graphic novels in mediating these histories and discourses around human rights for readers. Finally, this class explores ways in which we can engage with each other via our shared history and vulnerability, and questions whether peace and resolution promised to our generation via the discourse of human rights are, or will ever be, attainable.","3","3","No","1","3","OPT - Student Option","-","Periodic Fall & Spring"
"AMES","3335","Philosophies for Change: Ancient Chinese Thought and Intellectual History","Twin Cities","How should we build a better world, especially when it seems to be falling apart into social instability and moral degeneration? What measures should a government take to ensure it survives? What should be the purpose and role of the state?  How do we define human nature and use this knowledge to build a better society? What obligations do we have for fellow human beings? What makes a moral person (should we even care about morality)? Could it be that such artificial things as states, institutions, and customs constructed by humans themselves are the source of problems? These are some of the questions asked by ancient Chinese thinkers who lived in arguably the most divisive and violent eras in ancient China, the Spring and Autumn (Chunqiu春秋770-481 BCE) and the Warring States (Zhanguo戰國475-221 BCE ) periods. Sensing that they are living in a collapsing society, which will have to be reinvented and rebuilt, the thinkers of ancient China fiercely debated the best methodologies and models for restoring socio-political order, enriching the lives of people, and thereby ushering in the new age of peaceful prosperity. In this class, we will read the works of the most innovative thinkers to emerge in this period, leading up to the critical historical event that they were yet to foresee: the first unification of China (221 BCE) by the Qin Dynasty (秦221-207BCE).

Each week, we will explore different thinkers who set the stage for the future cultural, political, and intellectual development of East Asian civilizations. By the end of the course, you will have developed your own understanding of the major philosophers of ancient China, such as Confucius 孔子, Mozi 墨子, Mencius 孟子, Xunzi荀子, Hanfeizi韓非子, Laozi老子, Zhuangzi莊子, Mozi墨子, and Sunzi孫子. The course will conclude with the Former Han (前漢206BCE-221CE) synthesis of classical thoughts. Aside from philosophical texts, we will also read a few other kinds of historical documents, including some chapters drawn from the Records of the Grand Historian (Shiji史記), the first comprehensive history of China written by Sima Qian 司馬遷 (145-86BCE). By exploring various thinkers’ views and visions of the ideal human being and society, we will discover both the universality and diversity of human thought across time and place. The wealth of perspectives offered by the most creative and innovative thinkers of this foundational period of Chinese history will offer valuable insights into alternative ways of approaching and tackling the problems we face in our own daily lives and in society at large.","3","3","No","1","3","OPT - Student Option","-","Periodic Fall & Spring"
"AMES","3336","Revolution and Modernity in Chinese Literature and Culture","Twin Cities","Introduction to modern Chinese literature, visual culture, and critical thought from beginning of 20th century to end of Mao era. Examples of literature/culture, parallel readings of Chinese critical essays. Readings are in English translation.","3","3","No","1","3","A-F - A-F Grade Basis","-","Periodic Fall & Spring"
"AMES","3337","Contemporary Chinese Literature and Popular Culture","Twin Cities","Contemporary Chinese literature, popular culture. End of Mao era to present. Creative results of China's ""opening and reform."" Commercialization and globalization of culture. Literature, visual culture, and popular music.","3","3","No","1","3","A-F - A-F Grade Basis","-","Periodic Fall & Spring"
"AMES","3351","Chinese Martial Arts Cinema","Twin Cities","Martial arts cinema may be China's most globally popular as well as most culturally distinctive form of film making. With origins in traditional Chinese popular literature and a cinematic history going back to the silent film era, the genre has experience multiple periods of popularity both in China since the 1920s and in the West since the 1960s-70s. This course will look at Chinese martial arts cinema with these learning goals in mind:
- To learn the distinctive film style of the genre by discussing basic film techniques such as cinematography, editing, and performance.
- To use martial arts films to explore deeper aspects of Chinese culture such as philosophy, religion, and ethics.
- To see how the development of martial arts cinema reflected trends in modern Chinese history, including the tension between nationalism and globalism.
We will watch films from the pre-1949 Republic of China, the post-1949 People's Republic of China, Hong Kong during the British colonial period, and Taiwan. Each week students will have one film to watch streaming as homework and a reading assignment usually totaling 20-30 pages. ","3","3","No","1","3","A-F - A-F Grade Basis","-","Periodic Fall & Spring"
"AMES","3362","Women Writers in Chinese History","Twin Cities","This class surveys the surprisingly diverse and vibrant tradition of women writers in Chinese cultural history, which during its long imperial period (221 B.C.E.-1911 C.E.) was dominated by a male-centered cultural order. The class situates individual women writers within their specific historical settings and larger cultural backdrops, thus introducing students to literary themes, gender dynamics, and conditions of cultural production in Chinese history. The class also addresses complex shifts in female writing and its social presence across the premodern-modern transition. Taught in English and no prerequisites.","3","3","No","1","3","A-F - A-F Grade Basis","-","Periodic Fall & Spring"
"AMES","3436","Postwar Japanese Literature in Translation","Twin Cities","This is an introductory survey of modern Japanese literature and its role in the postwar  debates around Japanese culture, aesthetics, politics, and environment. Beginning with the occupation of Japan by the US military and ending with the 2020 Tokyo Olympics (postponed by a global pandemic), students will analyze the main movements in postwar Japanese literary production and the core issues featured in this literature. We will explore national genres in Japan, their premodern precursors, and postmodern manifestations. The course has no prerequisite and assumes no prior knowledge of Japanese cultures or experience with literary analysis. All materials, lectures, and discussions are in English.
","3","3","No","1","3","OPT - Student Option","-","Periodic Fall & Spring"
"AMES","3437","The Japanese Novel","Twin Cities","Survey of the principal authors of the period spanning Japan's opening to the West (1860s) to World War II. Writers include Natsume Soseki, Shiga Naoya, Kawabata Yasunari, Edogawa Rampo, Hayashi Fumiko, and Tanizaki Junichiro.","3","3","No","1","3","A-F - A-F Grade Basis","-","Periodic Fall & Spring"
"AMES","3456","Japanese Film and Animation","Twin Cities","This course offers an introduction to the history of moving images in Japanese film and animation from 1945 to the present as a method for understanding how one nation's film culture has contributed to global political, social, and ecological movements. Students learn how Japanese cinema has been an essential contributor to the development of global film genres and cultures. This course fulfills the Global Perspective because it illustrates the rich history of Asian cinema in a global mediascape. Students will learn how moving images from Asia provide important perspectives on global social, political, and environmental issues. Upon completion of the course, students will be able to use their new skills in film and animation interpretation to analyze media in their daily lives. They will have tools for critical analysis of dominant Western and Hollywood media forms.
Students will analyze films from multiple angles, engaging in a multi-optic analysis.","3","3","No","1","3","OPT - Student Option","-","Periodic Fall & Spring"
"AMES","3458","Japanese Animation","Twin Cities","This course takes as its object of analysis the technologies, genres, and themes of Japanese animation, as well as the transnational processes that link them. Needless to say, the course cannot make any claims to being comprehensive or up-to-date with the latest anime, given the sheer volume of available titles throughout the past decades. Nonetheless, while it is selective in its coverage, through the examination of select works of important directors (Miyazaki, Oshii, Kon, etc.) alongside media theories and other scholarly analyses, the course will cover not only the major genres and recurrent themes of anime, but also the important cultural and critical contexts for apprehending Japanese animation. Initially, we will focus our attention on the technology of animation and its impact on the development of the aesthetics of anime. With this as our starting point, we will then proceed to examine the ways in which animetic aesthetics have shaped different facets of the practices of spectatorship vis-à-vis Japanese animation in a global context. Our discussions will cover such issues as anime fan culture, anime’s engagements with issues of war and history, the representation of women and sexuality in anime, and the development of anime into a transnational and transmedia cultural commodity. At the heart of the course will be the question of not only what Japanese animation is, but more importantly, the question of how to critically approach Japanese animation as a cultural object.","3","3","No","1","3","A-F - A-F Grade Basis","-","Periodic Fall & Spring"
"AMES","3461","Martial Arts in Japan: Praxes, Philosophy, and Images in History","Twin Cities","'	This course studies ""Martial arts in Japan"" by situating them in three phases of importance: 
(1) In medieval times (the 13-16th centuries), samurai—nominalized out of a verb, saburou (""to serve"")—came to overpower aristocrats, to whom they had literally been servers and servants in the previous classical era. With their martial skills, samurai became the major player of this era of multigenerational domestic belligerency. Ironically, martial arts had not yet existed during this ""age of samurai."" 
(2) Martial arts were born out of such medieval martial skills and theorized accordingly in the ensuing Edo era (1600-1867), when a major samurai household unified the country and materialized a long-lasting peacetime in which the ""real"" martial skills became increasingly irrelevant and devalued socially. 
(3) Then ""samurai"" also became irrelevant in modern times: the Meiji era (1868-1912) onward. For the last samurai government—the Edo shogunate—was unable to deal with then looming Western colonial powers and thus replaced by the first modern government, which chose rapid and intense westernization and modernization as their national policy to navigate amid the world-wide colonial milieu. Intriguingly, there emerged a certain discourse to identify the Japanese with ""samurai,"" despite the fact that ""samurai"" had only been a miniscule part of the population before, and while not being recognized overtly, ""martial arts"" seem to be a taken-for-granted, indispensable component of samurai images thus generated. Such images have continuously been amplified to date, with inevitable constant modifications, involving multiple media, not only texts in languages but also film, anime, manga, video game, etc.
	By historicizing ""martial arts"" in this manner, the course aims not only at (A) understanding them as effectively as possible, including such philosophical questions as ""body,"" ""body grammar,"" ""body-mind relationship,"" and, most fundamentally, ""performative nature of a being,"" but also at (B) experiencing firsthand the highly complicated and elusive relationship between what are called primary and secondary sources as well as the necessity to distinguish them nevertheless.
	This course is open to anyone with an interest. No prerequisite. No previous knowledge nor learning experience of martial arts and of Japanese is required. All reading assignments will be in English translation. Audio-visual materials will be used when available and appropriate.","3","3","No","1","3","OPN - Student Option No Audit","-","Periodic Fall & Spring"
"AMES","3536","Modern Korean Literature","Twin Cities","Modern Korean literature in English translation from the colonial period until the 1990s. Read literary texts critically, using genre categories, theories of narrative voice, different understandings of modern literary subjectivity, and historical contextualization. ","3","3","No","1","3","OPT - Student Option","-","Periodic Fall & Spring"
"AMES","3556","Korean Film and Media","Twin Cities","This course is an introduction to Korean film from the Japanese colonial period (1910-1945) to the present day. We discuss the emergence of the Korean film industry under the conditions of colonial modernity and the various political pressures put on film production in South Korea until the 1990s. We will then turn to the last twenty years, during which South Korean film and television have experienced a boom in popularity in East Asia and globally. Throughout, we will focus on the formal and technical aspects of film, representations of history and historical memory, genre borrowing and genre mixing, and the relationships between art-house and culture industry productions.","3","3","No","1","3","OPT - Student Option","-","Periodic Fall & Spring"
"AMES","3558","Korean Popular Culture","Twin Cities","This course is an introduction to contemporary Korean popular culture, with a focus on television, video, and online media. We will learn how to think critically about a variety of popular culture phenomena, including dramas, variety shows, comedy performances, video games, food-related programs and videos, political satire and commentary, and music videos. By engaging with the academic scholarship on popular culture, we will learn how to analyze the stories, images, and sounds of Korean popular culture, while situating these within their various cultural and social contexts. Topics covered will include the Korean Wave (hallyu), the culture industry, digital platforms and economies, celebrity, fandom, and globalization. Attention will be given both to the local conditions of cultural production and the transnational influences of Korean media on East and Southeast Asia, as well as Europe and the Americas.","3","3","No","1","3","A-F - A-F Grade Basis","-","Periodic Fall & Spring"
"AMES","3576","Language & Society of the Two Koreas","Twin Cities","This course is designed to offer an introduction and contrastive analysis of the language and society of the two Koreas; the Republic of Korea (better known as South Korea) and the Democratic People's Republic of Korea (better known as North Korea). This course will introduce the growing divide of the past 70 years between North and South Korea in the areas of language, society, and culture.","3","3","No","1","3","A-F - A-F Grade Basis","-","Periodic Fall & Spring"
"AMES","3637W","Modern Indian Literature","Twin Cities","Survey of 20th century literature from South Asian countries, including India, Pakistan, and Sri Lanka. All readings in English. Focuses on colonialism, post-colonialism, power, and representation.","3","3","No","1","3","AFV - A-F or Audit","-","Periodic Fall & Spring"
"AMES","3651","Ghosts of India","Twin Cities","Writers, filmmakers, and other creative art practitioners from almost every corner of this living world use the figure of the ghost to address questions of ethics, justice, violence, and repression. This course focuses on India's modern ghosts as well as ghosts and spirits from classical Indian literature. In every sphere of our lives, public and private, we are chased by various ghosts that often appear in forms of memory, remembrance, nostalgia, and forgetfulness. Ghosts scare us, enchant us, and capture our imagination. Our intellectual engagement will consist of theorizations around the figure of the ghost and its various conceptual offshoots (hauntology, specter, the uncanny, etc.) as encountered through literary and filmic texts. The course will also connect these ghostly tales with issues of nationalism, gender, communal and ethnic violence, and capitalism.","3","3","No","1","3","A-F - A-F Grade Basis","-","Periodic Fall & Spring"
"AMES","3672","Buddhism","Twin Cities","Historical and contemporary account of the Buddhist religion in Asia/world in terms of its rise, development, various schools, practices, philosophical concepts, and ethics. Current trends in the modern faith and the rise of ""socially engaged"" Buddhism.","3","3","No","1","3","OPT - Student Option","-","Periodic Summer"
"AMES","3673","Voices of India: Languages, Literature, and Film","Twin Cities","A course on Indian languages and literatures that studies the languages of India from genealogical, linguistic, typological, historical, and sociological perspectives. Diachronic analysis of the languages of India in relation to some structural features will be also investigated. This course will also provide an overview of literatures of several main South Asian languages with a focus on Hindi - Urdu literatures. We will address the origin of Hindi-Urdu literatures, periodization, and naming of each period. We will also examine the important writers and their representative work, along with the literary trends and influences of each period, including political, social, and cultural situations which helped to shape the writers and their work. Among the representative literary works in Hindi-Urdu, some have been made into films.","3","3","No","1","3","AFV - A-F or Audit","-","Periodic Fall & Spring"
"AMES","3679","Religion and Society in Modern South Asia","Twin Cities","Survey of religious formations in modern South Asia (Hindu, Islamic, Sikh, Buddhist). Transformation of religious practice/thought in modernity. Relation between religion and nationalism. Geopolitical dimensions of religious transformation in South Asia.","3","3","No","1","3","OPN - Student Option No Audit","-","Periodic Fall & Spring"
"AMES","3756","Southeast Asian Cinema","Twin Cities","This course examines the social life and political functions of cinema in Southeast Asia in relation to various contexts in which cinema emerged and circulate. The course is attentive to the impact of historical processes on cinema as well as to how film and media process historical events—colonialism, militarism, religious conflict, ideological wars, economic turmoil. The course is guided by three different problematics: the arrival of cinema as an imported technology that coincided with and was arguably contingent upon the European colonial presence in the region; the ideological conflicts of the Cold War, anti-Communist sentiments; and the emergence of national film industries vis-à-vis independent cinema in the contemporary time. The latter sees cinema as a recuperative means, on the one hand, from political trauma and, on the other hand, from the ongoing human rights crises and the decline of democracy in the region. ","3","3","No","1","3","OPT - Student Option","-","Periodic Fall & Spring"
"AMES","3771","History of Southeast Asia","Twin Cities","Origins of civilization/indigenous states. impact of world religions and Western colonialism on gender, social, political, and economic structures. Nationalism. Establishment of Vietnam, Thailand, Indonesia, and the Philippines.","3","3","No","1","3","AFV - A-F or Audit","-","Every Fall & Spring"
"AMES","3773","Hmong Language and Culture Immersion in Thailand","Twin Cities","This is an instructor-led study abroad course in Thailand. Hmong in the United States trace their story of diaspora directly to Thailand as the most recent country of immigration. While many traced their refugee stories to Thailand, before immigrating to the United States and other countries, Thailand is also a country where many Hmong settled. Thailand is a country of many Hmong stories, intertwined with settlement, immigration, social economic struggles and successes, language development, and more. This study abroad course will focus on learning, observing, and exploring the Hmong diaspora through language and culture in Thailand. The course will explore the historical, cultural, and linguistic contexts of Hmong settlement and immigration in Thailand as well as compare to contexts of Hmong in the United States. ","4","4","No","1","4","OPN - Student Option No Audit","-","Periodic Summer"
"AMES","3832","The Politics of Arabic Poetry","Twin Cities","This course engages with Arabic poetry in its socio-political context. How have Arab poets from the
pre-Islamic era till the present time used their verse as a tool to affirm the structure of their society, or to
struggle with it? What roles did Arabic poetry play at the Abbasid imperial courts? How does Arabic
poetry participate in the constitution and promulgation or subversion of political ideologies? And what
presence has it had in Arab peoples' struggles for independence or reform, historically and today as part
of the Arab Spring?","3","3","No","1","3","A-F - A-F Grade Basis","-","Periodic Fall & Spring"
"AMES","3833","Jinn, Ghosts, and Demons in Arabic Literature","Twin Cities","Jinn, also known as genies, are supernatural beings intrinsic to Islamic cosmology and culture: neither human nor divine, of our world but (usually) invisible to us. This course traces the trope of the jinni in Arabic literature: from the place of jinn in the Quran and Islamic tradition, through their role in the composition of the greatest poetry, to their reincarnation in modern works of literature. Following a survey of classic texts and contexts, we will ask why modern authors summon demons and resurrect ghosts, and what political and cultural work these unruly beings are called to perform. More specifically, we will explore the manner in which jinn are latched onto modern debates on personal and collective trauma, memory, madness, relations between East and West (or North and South), political and state violence, gender relations and hierarchies, and virtual realities.","3","3","No","1","3","A-F - A-F Grade Basis","-","Periodic Fall & Spring"
"AMES","3837","Hebrew Literature: Settlement and Ideology","Twin Cities","An introductory survey of Modern Hebrew Literature and its journey from Eastern Europe through Ottoman/British Palestine to the State of Israel. The class centers on the manner in which Hebrew literature has envisioned the Middle East or “the Orient,” reflecting, manipulating, or challenging orientalist paradigms. The first part of the course focuses on Hebrew literature written by Eastern European writers, their fantasies of the East as well as their engagements with orientalist or anti-Semite prejudices. The second part examines Hebrew literature’s attempts to “nativize” in Palestine. Finally, we will read a series of texts by Ashkenazi, Mizrahi, and Palestinian Israeli writers that complicate any attempt to position Hebrew within an Orient/Occident dichotomy. No prior familiarity with Hebrew literature is necessary. All texts will be read in English.","3","3","No","1","3","A-F - A-F Grade Basis","-","Periodic Fall & Spring"
"AMES","3856W","Palestinian Literature and Film","Twin Cities","This course examines modern literature and film of the Palestinian people both for artistic significance and interactions with the broader historical and political situations confronted by Palestinians. We will ask how cultural production, namely literature and film, interacts with, responds to, and even anticipates historical and political events. At the same time, we will problematize a strictly historicist and political reading of literary and cinematic texts, which reduces such artistic works to mere sociological documents, overlooking their creative and artistic achievements. Ultimately, this leads us to a number of questions: what is the relationship between history/politics and art? Can artistic texts transcend the historical and political contexts in which they are produced?  How has artistic production functioned within the context of Palestinian statelessness, exile, and anti-colonial struggle? All texts covered in the course will be in English translation, however those able to read texts in the original Arabic are encouraged to do so.","3","3","No","1","3","A-F - A-F Grade Basis","-","Periodic Fall & Spring"
"AMES","3857","Iranian Society through Cinema","Twin Cities","In this course, we will understand contemporary Iranian society and culture through the lens of Iran's postrevolutionary cinema. Internationally renowned for its artistic, thematic, and narrative prowess, post-revolutionary Iranian cinema is unique in its ability to capture the aspirations, struggles, and triumphs of ordinary Iranians as they manage life in the Islamic Republic. In moving beyond stereotypical images presented by mass media, modern Iranian cinema provides a medium for us to delve into the complex makeup of issues such as religion, gender, class, and politics in Iran today. How does Iranian cinema reflect Iran's culture, society and politics? What role does Iranian cinema play in shaping Iran's national identity? What new insights does Iranian cinema shed onto the interests, subjectivities, and desires of Iranians themselves? Throughout this course, we will attempt to answer these questions by viewing a number of masterpieces of Iranian cinema and reading related social, historical, and political analyses. By engaging in an exploration of daily life in Iran through film, we will gain a more nuanced understanding of Iran's modern landscape and the diversity of opinions and experiences that it constitutes. This course will also serve as an introduction to Iranian history, especially following the 1979 revolution. By examining how Iranian cinema is intimately linked with this history, students will gain a better understanding of the significant role that cinema has played in shaping Iran today.","3","3","No","1","3","A-F - A-F Grade Basis","-","Periodic Fall & Spring"
"AMES","3873","Islamic Mysticism: From Divine Love to Anti-Colonial Resistance","Twin Cities","This course offers a comprehensive introduction to Islamic mysticism, or Sufism. In this course, we will develop a well-rounded understanding of Islamic mysticism, highlighting its diverse manifestations across historical periods and regions while exploring its literary dimensions, spiritual practices, and enduring influence on Islamic intellectual, social, and political life. We will trace the development of Islamic mysticism from its beginnings in the ninth century to the present, exploring its various trajectories around the globe. With this historical foundation in hand, each week we will focus on a different theme, such as Sufi approaches to the Qur'an, love poetry, rituals and practices, saintly miracles and shrine visitation, and Sufism's role in the political sphere. Special attention will be given to how Sufism is intertwined with the social and political life of Muslims in both medieval and contemporary times. The course will end with an examination of Sufism in the modern period, its relationship to colonialism, and the tensions that have arisen between Sufism and its detractors. Throughout the semester, we will engage with a wide range of materials, including poetry translations, news articles, medieval texts, musical performances, short films, and more. 

No prior knowledge of Islam is required, and all readings will be in English translation.","3","3","No","1","3","A-F - A-F Grade Basis","-","Periodic Fall & Spring"
"AMES","3876","Survey of the Modern Middle East","Twin Cities","Political history of Middle East in modern era. Socio-economic/intellectual issues. Decline of Ottoman Empire. Imperialism. Nationalism, rise/development of states. Political Islam.","3","3","No","1","3","OPT - Student Option","-","Every Fall"
"AMES","3877","The Arab Renaissance: Narrating Modernity","Twin Cities","The Nahḍa, a word meaning renaissance, awakening, or simply the act of standing up, is the name Arab writers and intellectuals of the 19th c. gave their own historical period. What does it mean to view oneself as living through a revival? How does this view shape the contours of the past, or of the future? This class will address these questions through a survey of the political, intellectual, social, and cultural aspects of Arab modernity. We will examine how Arab thinkers of the late 19th and early 20th century produced new genres, identities, and communal affiliations to narrate their experience of modernity, which they often coded as “the encounter with the West.” Our readings, all in English translation, will cover the first confrontations (and love affairs) with European powers, the self-professed urgency of projects of reforming language, literature, and cultural institutions, the growing schism between religious and secular thought, and the attempts to articulate indigenous alternatives to Western-style modernity. ","3","3","No","1","3","A-F - A-F Grade Basis","-","Periodic Fall & Spring"
"AMIN","3412","Comparative Indigenous Feminisms of The Americas","Twin Cities","This course will critically and closely engage with indigenous feminisms in the Americas. What does it mean to be an intersectional indigenous feminist? How are indigenous womyn activists, cultural workers, and intellectuals throughout the Americas theorizing and critiquing the production of gender, gender roles, heterosexualism, patriarchy, and anti-Indigenous racism? How are rape and conquest tied to the emergence of patriarchy and the sexualization and violence committed against indigenous womyn’s bodies and queer bodies? This course will consider these questions from indigenous queer and feminist perspectives. Initially, we will set out to understand how the colonization of indigenous peoples in the Americas influenced past and contemporary understandings of race and otherness on the continent. We will analyze how European explorers codified indigenous bodies as different and drew binaries between themselves and indigenous peoples as racial others. We will explore how violence committed against indigenous bodies solidified ideas about indigeneity and how exploitation in colonial institutions turned indigenous bodies into commodities. Additionally, we will consider how colonization and colonial institutions racialized indigenous bodies through sexual violence and rape. Furthermore, we will consider how the imposition of patriarchy and the importation of capitalism established a Eurocentric colonial gender system, which disrupted broader pre-colonial indigenous ideas about gender and sexuality. On the one hand, the gender binary stripped indigenous womyn of their political power and voice by relegating them to the domestic sphere, and, on the other, the new system negated indigenous genders and gender roles, which fell outside of the binary, consequently erasing the existence and validity of queer indigenous people. We will engage with decolonial feminist voices to further our understanding of the impact of pre-colonial conceptualizations of gender and sexuality.
The course will examine the relationship between Western feminism and indigenous feminism, as well as the interconnections between womyn of color feminism and indigenous feminism. In addition to exploring how indigenous feminists have theorized from ""the flesh"" of their embodied experience of colonialism, the course will also consider how indigenous womyn are articulating decolonization and the embodiment of autonomy through scholarship, cultural revitalization, and activism.  ","3","3","No","1","3","OPT - Student Option","-","Periodic Fall & Spring"
"AMIN","5412","Comparative Indigenous Feminisms of The Americas","Twin Cities","This course will critically and closely engage with indigenous feminisms in the Americas. What does it mean to be an intersectional indigenous feminist? How are indigenous womyn activists, cultural workers, and intellectuals throughout the Americas theorizing and critiquing the production of gender, gender roles, heterosexualism, patriarchy, and anti-Indigenous racism? How are rape and conquest tied to the emergence of patriarchy and the sexualization and violence committed against indigenous womyn’s bodies and queer bodies? This course will consider these questions from indigenous queer and feminist perspectives. Initially, we will set out to understand how the colonization of indigenous peoples in the Americas influenced past and contemporary understandings of race and otherness on the continent. We will analyze how European explorers codified indigenous bodies as different and drew binaries between themselves and indigenous peoples as racial others. We will explore how violence committed against indigenous bodies solidified ideas about indigeneity and how exploitation in colonial institutions turned indigenous bodies into commodities. Additionally, we will consider how colonization and colonial institutions racialized indigenous bodies through sexual violence and rape. Furthermore, we will consider how the imposition of patriarchy and the importation of capitalism established a Eurocentric colonial gender system, which disrupted broader pre-colonial indigenous ideas about gender and sexuality. On the one hand, the gender binary stripped indigenous womyn of their political power and voice by relegating them to the domestic sphere, and, on the other, the new system negated indigenous genders and gender roles, which fell outside of the binary, consequentially erasing the existence and validity of queer indigenous people. We will engage with decolonial feminist voices to further our understanding of the impact of pre-colonial conceptualizations of gender and sexuality.
The course will examine the relationship between Western feminism and indigenous feminism, as well as the interconnections between womyn of color feminism and indigenous feminism. In addition to exploring how indigenous feminists have theorized from ""the flesh"" of their embodied experience of colonialism, the course will also consider how indigenous womyn are articulating decolonization and the embodiment of autonomy through scholarship, cultural revitalization, and activism.  ","3","3","No","1","3","OPN - Student Option No Audit","-","Periodic Fall & Spring"
"AMST","1511","Americans Abroad:  Rethinking Travel, Culture, & Empire","Twin Cities","In this course, we will look at Americans (including ourselves) who travel abroad and what their experiences, both in the present and historically, tell us about how we imagine others and our/their place in the world. What do these experiences tell us about who we are as a people, a culture, and a nation? This course will examine how these experiences have transformed (and continue to transform) Americans and the countries and cultures with which they interact. Indeed, this course challenges students to consider the overall effects that these processes have had on America's relationship with the rest of the world.","3","3","No","1","3","OPT - Student Option","-","Every Spring"
"AMST","5412","Comparative Indigenous Feminisms of The Americas","Twin Cities","This course will critically and closely engage with indigenous feminisms in the Americas.  What does it mean to be an intersectional indigenous feminist? How are indigenous womyn activists, cultural workers, and intellectuals throughout the Americas theorizing and critiquing the production of gender, gender roles, heterosexualism, patriarchy, and anti-Indigenous racism? How are rape and conquest tied to the emergence of patriarchy and the sexualization and violence committed against indigenous womyn’s bodies and queer bodies? This course will consider these questions from indigenous queer and feminist perspectives. Initially, we will set out to understand how the colonization of indigenous peoples in the Americas influenced past and contemporary understandings of race and otherness on the continent. We will analyze how European explorers codified indigenous bodies as different and drew binaries between themselves and indigenous peoples as racial others. We will explore how violence committed against indigenous bodies solidified ideas about indigeneity and how exploitation in colonial institutions turned indigenous bodies into commodities. Additionally, we will consider how colonization and colonial institutions racialized indigenous bodies through sexual violence and rape. Furthermore, we will consider how the imposition of patriarchy and the importation of capitalism established a Eurocentric colonial gender system, which disrupted broader pre-colonial indigenous ideas about gender and sexuality. On the one hand, the gender binary stripped indigenous womyn of their political power and voice by relegating them to the domestic sphere, and, on the other, the new system negated indigenous genders and gender roles, which fell outside of the binary, consequentially erasing the existence and validity of queer indigenous people. We will engage with decolonial feminist voices to further our understanding of the impact of pre-colonial conceptualizations of gender and sexuality. 
The course will examine the relationship between Western feminism and indigenous feminism, as well as the interconnections between womyn of color feminism and indigenous feminism. In addition to exploring how indigenous feminists have theorized from ""the flesh"" of their embodied experience of colonialism, the course will also consider how indigenous womyn are articulating decolonization and the embodiment of autonomy through scholarship, cultural revitalization, and activism.  ","3","3","No","1","3","OPT - Student Option","-","Periodic Fall & Spring"
"ANSC","3203W","Environment, Global Food Production, and the Citizen","Twin Cities","Ecological/ethical concerns of food production systems in global agriculture: past, present, and future. Underlying ethical positions about how agroecosystems should be configured. Interactive learning using decision cases, discussions, videos, other media.","3","3","No","1","3","OPT - Student Option","-","Every Spring"
"ANTH","1003V","Understanding Cultures: Honors","Twin Cities","This course is an introduction into culture and the making of humanity, past and present. What is culture, and what are the everyday practices, values, beliefs, and resources that go into the making of the human? We will ask questions such as the following: What makes jokes funny? How do identities and unequal social orders get made and reproduced? How can we understand human cultural variation and diversity? Why is there so much socio-economic inequality in the contemporary world, and how can we make sense of it to help address massive social problems and challenges?

This course is also an introduction to what it means to ""to think like an anthropologist""—which entails challenging our own assumptions and cultural preconceptions about ourselves, other peoples, and the world around us. What does it mean to understand ""the natives' points of views""? What if the exotic ""others"" are actually ""us""? What is ""us,"" anyway? In addition to making the ""strange familiar"" and the ""familiar strange,"" we also investigate what is at stake in doing cultural analysis that is both grounded and responsive to people's lived experiences, and makes claims about the larger world. Key topics to be explored are power and inequality, race and ethnicity, colonialism, globalization, economy and economics, suffering and violence, gender and sexuality, kinship and family.

prereq: Honors","4","4","No","1","4","A-F - A-F Grade Basis","000571","Every Fall & Spring"
"ANTH","1003W","Understanding Cultures","Twin Cities","This course is an introduction to culture and the making of humanity, past and present. What is culture, and what are the everyday practices, values, beliefs, and resources that go into the making of the human? We will ask questions such as the following: What makes jokes funny? How do identities and unequal social orders get made and reproduced? How can we understand human cultural variation and diversity? Why is there so much socio-economic inequality in the contemporary world, and how can we make sense of it to help address massive social problems and challenges?

This course is also an introduction to what it means to ""to think like an anthropologist""—which entails challenging our own assumptions and cultural preconceptions about ourselves, other people, and the world around us. What does it mean to understand ""the natives' points of view""? What if the exotic ""others"" are actually ""us""? What is ""us,"" anyway? In addition to making the ""strange familiar"" and the ""familiar strange,"" we also investigate what is at stake in doing cultural analysis that is both grounded and responsive to people's lived experiences and makes claims about the larger world. Key topics to be explored are power and inequality, race and ethnicity, colonialism, globalization, economy and economics, suffering and violence, gender and sexuality, kinship and family.","4","4","No","1","4","OPT - Student Option","-","Every Fall, Spring & Summer"
"ANTH","2006","Humans and Aliens: Learning Anthropology through Science Fiction","Twin Cities","Science Fiction has been one of the most popular genres of literature over the last century and a half. Despite its great popularity, however, many fans of the genre do not realize how much it has in common with the discipline of Anthropology. Anthropology is the study of what it means to be human in all times and places. Science fiction, for its part, explores human existence in equally diverse contexts, except that those imagined contexts frequently have not yet happened. Despite this similarity, anthropology is extremely poorly known compared to science fiction. This course uses the stimulating and entertaining literature of science fiction to expose students to anthropology who, having never been exposed to it in high school, are likely to leave university without learning the power of the discipline’s perspective on humanity. Through individual pairings of anthropology texts and science fiction stories, the course explores the relevance of biological anthropology, social anthropology, linguistic anthropology, and archaeology to humanity’s future. The course’s juxtaposition of anthropological literature to science fiction stories is designed to provide students with the ability to see how our future is more dependent on how humanity works (as anthropology understands it), than merely what the next technological invention has to offer us.  
	This course introduces students to the breadth of anthropological topics using the literature of such award-winning science fiction (SF) authors as Isaac Asimov, Elisabeth Bear, Jerome Bixby, Octavia Butler, Ted Chiang, Arthur C. Clarke, Philip K. Dick, Robert Heinlein, Frank Herbert, Ursula K. Le Guin, Catherine Moore, Mike Resnik, Kim Stanley Robinson, Neil Stephenson, James Tiptree, Jr., and Kurt Vonnegut. While the course is not designed to cover the literary criticism of SF literature nor the social analysis of the SF community of readers and authors, the choice of which SF authors to oppose to select anthropological topics was shaped by my understanding of the historical development of SF literature. Students will thus read stories written from the Golden Age of magazine SF to the most recent post-cyberpunk novelists. The selection of SF stories is of course idiosyncratic but it is designed to reflect the goal of learning something of anthropology while having a blast reading SF.  
","3","3","No","1","3","OPT - Student Option","-","Periodic Fall & Spring"
"ANTH","3004","Great Controversies in Anthropology","Twin Cities","Notable controversies in anthropology: Is human ""reason"" the same in all cultures? What makes up evidence/truth when we study people? Whose ""voices"" should be heard?  Should anthropologists support contemporary attempts at economic 'development""? Is it possible to agree on a set of universal individual or cultural rights?  Can we make qualitative judgments about cultures? What civic/political responsibilities does the anthropologist have at home and with the people whom she or he studies? In-class debates.","3","3","No","1","3","AFV - A-F or Audit","-","Every Spring"
"ANTH","3006","Humans and Aliens: Learning Anthropology through Science Fiction","Twin Cities","Science Fiction has been one of the most popular genres of literature over the last century and a half. Despite its great popularity, however, many fans of the genre do not realize how much it has in common with the discipline of Anthropology. Anthropology is the study of what it means to be human in all times and places. Science fiction, for its part, explores human existence in equally diverse contexts, except that those imagined contexts frequently have not yet happened. Despite this similarity, anthropology is extremely poorly known compared to science fiction. This course uses the stimulating and entertaining literature of science fiction to expose students to anthropology who, having never been exposed to it in high school, are likely to leave university without learning the power of the discipline’s perspective on humanity. Through individual pairings of anthropology texts and science fiction stories, the course explores the relevance of biological anthropology, social anthropology, linguistic anthropology, and archaeology to humanity’s future. The course’s juxtaposition of anthropological literature to science fiction stories is designed to provide students with the ability to see how our future is more dependent on how humanity works (as anthropology understands it), than merely what the next technological invention has to offer us.  
	This course introduces students to the breadth of anthropological topics using the literature of such award-winning science fiction (SF) authors as Isaac Asimov, Elisabeth Bear, Jerome Bixby, Octavia Butler, Ted Chiang, Arthur C. Clarke, Philip K. Dick, Robert Heinlein, Frank Herbert, Ursula K. Le Guin, Catherine Moore, Mike Resnik, Kim Stanley Robinson, Neil Stephenson, James Tiptree, Jr., and Kurt Vonnegut. While the course is not designed to cover the literary criticism of SF literature nor the social analysis of the SF community of readers and authors, the choice of which SF authors to oppose to select anthropological topics was shaped by my understanding of the historical development of SF literature. Students will thus read stories written from the Golden Age of magazine SF to the most recent post-cyberpunk novelists. The selection of SF stories is of course idiosyncratic but it is designed to reflect the goal of learning something of anthropology while having a blast reading SF.  
","3","3","No","1","3","OPT - Student Option","-","Periodic Fall & Spring"
"ANTH","3016","Africa and African Diaspora Archaeology","Twin Cities","'	Africa and African Diaspora Archaeology (AFRO/ ANTH 3016/5016) examines the evolution of human behavior in Africa and looks at subsequent social, cultural, and technological developments as shown in archaeological records including artifacts, ecofacts, rock art, and structures at archaeological sites. It also discusses methods used to identify archaeological records and how these records can be used to reconstruct past ways of life. Students will obtain hand-on-experience in identifying, classifying, and interpreting archaeological objects. The course covers Africa from around 2.6 million years ago to the recent past, focusing primarily on the last 10,000 years. It examines the development and spread of food production, pottery, metallurgy, trade, and African connections with the Atlantic world dating back to the fifteenth century. ","3","3","No","1","3","OPT - Student Option","-","Every Fall"
"ANTH","3021W","Anthropology of the Middle East","Twin Cities","Anthropological methods of analyzing/interpreting Middle Eastern cultures/societies.","3","3","No","1","3","AFV - A-F or Audit","-","Fall Even Year"
"ANTH","3035","Anthropologies of Death","Twin Cities","Anthropological perspectives on death. Diverse understandings of afterlife, cultural variations in death ritual, secularization of death in modern era, management of death in medicine, cultural shifts/conflicts in what constitutes good or natural death.","3","3","No","1","3","AFV - A-F or Audit","-","Every Spring"
"ANTH","3046W","Romance and Culture","Twin Cities","Romance, aspects of this kind of love relationships from different perspectives in social/biological sciences. Draws on cross-cultural materials.","3","3","No","1","3","A-F - A-F Grade Basis","-","Every Spring"
"ANTH","3147","Digital Anthropology","Twin Cities","Recent developments and adoption of new digital technologies, especially smart phones, social media, and gaming, have prompted academic and popular interest in and debates about the relationship of this technology to society. Anthropologists and other social scientists have been discussing in what ways technology in its various forms interacts with human culture for many years. How does it change society? How does society define its uses and meanings? The focus of this course is the multiple ways in which digital technology affects relationships in culture and society.  We shall how digital technologies influence identity, labor practices, political strategies, among much else.  We will explore ethnographic research on digital cultures, by way of answering this question. For the most part, the course will put an emphasis on anthropological and/or ethnographically informed work. Although, the readings will also be interdisciplinary, drawing on relevant literature from a variety of academic disciplines in the history of communications.  ","3","3","No","1","3","OPT - Student Option","-","Every Spring"
"ANTH","3147H","Honors: Digital Anthropology","Twin Cities","Recent developments and adoption of new digital technologies, especially smartphones, social media, and gaming, have prompted academic and popular interest in and debates about the relationship of this technology to society. Anthropologists and other social scientists have been discussing in what ways technology in its various forms interacts with human culture for many years. How does it change society? How does society define its uses and meanings? The focus of this course is the multiple ways in which digital technology affects relationships in culture and society. We show how digital technologies influence identity, labor practices, political strategies, among much else. We will explore ethnographic research on digital cultures, by way of answering this question. For the most part, the course will put an emphasis on anthropological and/or ethnographically informed work, although the readings will also be interdisciplinary, drawing on relevant literature from a variety of academic disciplines in the history of communications. ","3","3","No","1","3","A-F - A-F Grade Basis","000571","Periodic Spring"
"ANTH","3306W","Medical Anthropology","Twin Cities","Relations among human affliction, health, healing, social institutions, and cultural representations cross-culturally. Human health/affliction. Medical knowledge/power. Healing. Body, international health, colonialism, and emerging diseases. Reproduction. Aging in a range of geographical settings.

prereq: 1003 or 1005 or entry level soc sci course recommended","3","3","No","1","3","AFV - A-F or Audit","-","Every Fall & Spring"
"ANTH","4053","Economy, Culture, and Critique","Twin Cities","Systems of production/distribution, especially in nonindustrial societies. Comparison, history, critique of major theories. Cross-cultural anthropological approach to material life that subsumes market/nonmarket processes.","3","3","No","1","3","OPT - Student Option","-","Every Fall"
"ANTH","5016","Africa and African Diaspora Archaeology","Twin Cities","'	Africa and African Diaspora Archaeology (AFRO/ ANTH 3016/5016) examines the evolution of human behavior in Africa and looks at subsequent social, cultural, and technological developments as shown in archaeological records including artifacts, ecofacts, rock art, and structures at archaeological sites. It also discusses methods used to identify archaeological records and how these records can be used to reconstruct past ways of life. Students will obtain hand-on-experience in identifying, classifying, and interpreting archaeological objects. The course covers Africa from around 2.6 million years ago to the recent past, focusing primarily on the last 10,000 years. It examines the development and spread of food production, pottery, metallurgy, trade, and African connections with the Atlantic world dating back to the fifteenth century. ","3","3","No","1","3","OPT - Student Option","-","Every Fall"
"ANTH","5021W","Anthropology of the Middle East","Twin Cities","Anthropological field methods of analyzing/interpreting Middle Eastern cultures/societies.","3","3","No","1","3","OPT - Student Option","-","Fall Even Year"
"ANTH","5412","Comparative Indigenous Feminisms of The Americas","Twin Cities","This course will critically and closely engage with indigenous feminisms in the Americas. What does it mean to be an intersectional indigenous feminist? How are indigenous womyn activists, cultural workers, and intellectuals throughout the Americas theorizing and critiquing the production of gender, gender roles, heterosexualism, patriarchy, and anti-Indigenous racism? How are rape and conquest tied to the emergence of patriarchy and the sexualization and violence committed against indigenous womyn’s bodies and queer bodies? This course will consider these questions from indigenous queer and feminist perspectives. Initially, we will set out to understand how the colonization of indigenous peoples in the Americas influenced past and contemporary understandings of race and otherness on the continent. We will analyze how European explorers codified indigenous bodies as different and drew binaries between themselves and indigenous peoples as racial others. We will explore how violence committed against indigenous bodies solidified ideas about indigeneity and how exploitation in colonial institutions turned indigenous bodies into commodities. Additionally, we will consider how colonization and colonial institutions racialized indigenous bodies through sexual violence and rape. Furthermore, we will consider how the imposition of patriarchy and the importation of capitalism established a Eurocentric colonial gender system, which disrupted broader pre-colonial indigenous ideas about gender and sexuality. On the one hand, the gender binary stripped indigenous womyn of their political power and voice by relegating them to the domestic sphere, and, on the other, the new system negated indigenous genders and gender roles, which fell outside of the binary, consequently erasing the existence and validity of queer indigenous people. We will engage with decolonial feminist voices to further our understanding of the impact of pre-colonial conceptualizations of gender and sexuality. 
The course will examine the relationship between Western feminism and indigenous feminism as well as the interconnections between womyn of color feminism and indigenous feminism. In addition to exploring how indigenous feminists have theorized from ""the flesh"" of their embodied experience of colonialism, the course will also consider how indigenous womyn are articulating decolonization and the embodiment of autonomy through scholarship, cultural revitalization, and activism.  ","3","3","No","1","3","OPN - Student Option No Audit","-","Periodic Fall & Spring"
"APEC","1101","Principles of Microeconomics","Twin Cities","Economic behavior of consumers/firms in domestic/international markets. Demand, supply, competition. Efficiency, Invisible Hand. Monopoly, imperfect competition. Externalities, property rights. Economics of public policy in environment/health/safety. Public goods, tax policy.","4","4","No","1","4","OPT - Student Option","-","Every Fall & Spring"
"APEC","3007","Applied Macroeconomics: Policy, Trade, and Development","Twin Cities","Indicators of economic development, growth in trade, and welfare of developing countries. Globalization. Drivers of growth, productivity, technical change, and research. Comparative advantage. Distribution consequences of trade. Trade policy instruments/institutions.

prereq: [1101 or ECON 1101], [1101H or ECON 1101H], [1102 or ECON 1102], [1102H or ECON 1102H]; 3001, 3006 recommended","3","3","No","1","3","OPT - Student Option","-","Every Fall & Spring"
"APEC","3061","Economic Development in Contemporary Africa","Twin Cities","Major socio-economic challenges that confront post-independence sub-Saharan African countries in quest for sustainable economic development/growth. Causes of persistent poverty/inequality, role of institutions/multinational agencies. Growth in 21st century.

prereq: 1101 or ECON 1101","3","3","No","1","3","A-F - A-F Grade Basis","-","Every Spring"
"ARCH","3411V","Architectural History to 1750","Twin Cities","This course will begin to situate us, and our work, in the context of the much larger, much longer human story. Architecture, both in practice and in its historical study, is fundamentally about people. In studying the human past through the built environment, from prehistory to 1750, we will see how architecture, both the ordinary and the extraordinary, is the product of its cultural, political, and social context. People make buildings and spaces, and buildings and spaces shape the ideas and behaviors of people. By studying architectural history we will learn about trends of style and form, but our primary emphasis is to learn about the relationships, practices, narratives, and beliefs that have constituted human culture around the world and across time. 

prereq: first year writing requirement; Soph or above","3","3","No","1","3","A-F - A-F Grade Basis","002141","Every Fall"
"ARCH","3411W","Architectural History to 1750","Twin Cities","Built environment as a tool to study the human past from ancient times to 1750. Major trends of style and form and the relationships, practices, and beliefs that have shaped human behavior.

prereq: Soph or above","3","3","No","1","3","AFV - A-F or Audit","000255","Every Fall"
"ARCH","3412V","Honors: Architectural History Since 1750","Twin Cities","Examples of the built environment from the Enlightenment to the present are studied within a broad social, cultural, and political context. Major architectural movements and their associated forms and designs.

prereq: Soph or above","3","3","No","1","3","A-F - A-F Grade Basis","000595","Every Spring"
"ARCH","3412W","Architectural History Since 1750","Twin Cities","Examples of the built environment from the Enlightenment to the present are studied within a broad social, cultural, and political context. Major architectural movements and their associated forms and designs.

prereq: Soph or above","3","3","No","1","3","AFV - A-F or Audit","000595","Every Spring"
"ARTH","1002W","Why Art Matters","Twin Cities","Introduction to history of topics that investigate power/importance of art both globablly and in its diverse forms, from architecture and painting to video and prints.  Sacred space, propaganda, the museum, art/gender, art/authority, tourism.","4","4","No","1","4","OPT - Student Option","-","Every Spring"
"ARTH","3014W","Art of India","Twin Cities","Indian sculpture, architecture, and painting from the prehistoric Indus Valley civilization to the present day.","3","3","No","1","3","OPT - Student Option","-","Every Spring"
"ARTH","3182","Egypt and Western Asia: Art and Archaeology of Ancient Egypt and Western Asia","Twin Cities","This course will provide students with foundational knowledge in the art, architecture, and archaeology of Egypt, East Africa, Asia Minor, Mesopotamia, Iran and Central Asia from the Neolithic through Late Antiquity (ca. 7,000 B.C.E. - 650 C.E.). Students will gain an understanding of the relationship between the visual material and the social, intellectual, political, and religious contexts in which it developed and functioned. In this regard, students will also gain an understanding of the evolution of, and exchanges and differences among, the visual cultures of these time periods and regions. It will also expose them to the preconditions for contemporary geopolitics in the region. 
","3","3","No","1","3","OPT - Student Option","-","Every Fall & Spring"
"BBE","3201","Sustainability of Food Systems: A Life Cycle Perspective","Twin Cities","Consequences of the global food system. Diversity in food systems. Current topics in food sustainability.","3","3","No","1","3","A-F - A-F Grade Basis","-","Every Fall & Spring"
"BIOL","1904","Innovation + Discovery in London","Twin Cities","Students will examine innovation across a variety of disciplines and consider how solutions to problems facing society require creativity, collaboration, and new ways of thinking. Using an ecosystems approach, we will explore how environments can foster innovation, particularly in the British context and the London area, by traveling to London for the initial part of the course. Understanding historical innovation is also an important lens with which to examine current innovation and to understand the cultural context of how society has changed over time. We will explore the rich history of innovation in the United Kingdom by tracing its evolution from the Industrial Revolution to its current status as a global leader in technology, science, and other sectors.

As we examine the reasons behind the United Kingdom’s ranking (#6 in 2025) on the Global Innovation Index, we will meet with London-based institutions engaged in innovation-focused work, tour local organizations implementing sustainable urban planning practices, and visit museums to learn about the history of advancements in technology, medicine, and public health. Students will have the opportunity to expand their perspective on innovation outside of London by ending the program in picturesque Cambridge to learn about world-renowned research.

As a learning abroad seminar, students will learn about their level of intercultural competence and strategies to increase their competence, as well as engage in a practical experience of navigating another culture in an intentional and reflective way. An important part of this course is immersing within British culture to better understand its role, facilitating an innovative environment. Through examining innovation through the British lens and across disciplines, students will emerge with an understanding of how organizational and government practices foster innovation in a country beyond the United States.

This course is taught by Nikki Letawsky Shultz, the Assistant Dean for Student Affairs and International Programs for the College of Biological Sciences. She worked with student organizations and leadership at Cornell University and for the Government of Alberta in post-secondary education planning.  Nikki has led many study abroad courses—from the Galapagos to Sweden—and loves experiencing new countries alongside her students.","3","3","No","1","3","A-F - A-F Grade Basis","001475","Every Fall"
"BIOL","3905","From ABBA to AI: The Swedish Innovation Story","Twin Cities","This course is open to undergraduates from all disciplines and will appeal to students with a broad interest in the creative process and understanding innovation of the past and present. Students will examine innovation across a variety of disciplines and consider how solutions to problems facing society require creativity, collaboration, and new ways of thinking. In particular, we will explore how environments can foster innovation, particularly in the Swedish context by traveling to Stockholm for the course. We examine the reasons behind Sweden’s ranking (#2 in 2023) on the Global Innovation Index, as well as the Nobel Prize, international awards bestowed by Swedish institutions that recognize significant academic, cultural, and scientific advances. As a learning abroad seminar, students will learn about their level of intercultural competence and strategies to increase their competence, as well as engage in a practical experience of navigating another culture in an intentional and reflective way.
An important part of this course is immersing within Swedish culture to better understand its role facilitating an innovative environment in a Scandinavian context. Swedish innovation and culture will be explored across disciplines, such as the arts, education, science, and technology, through readings, lectures, and experiences in-country to various sites, including the Vasa Museum, Nobel Museum, Swedish History Museum, and business visits. Through examining innovation through the Swedish lens and across disciplines, students will emerge with an understanding about how organizational and government practices foster innovation in a country beyond the United States.","3","3","No","1","3","A-F - A-F Grade Basis","-","Every Summer"
"CEGE","4583","Design for Life: Water in Tanzania","Twin Cities","Teams will evaluate community needs and infrastructure to design potable water-handling systems in rural Tanzania, typically off the power grid. Fluid mechanics: complex distribution networks, system losses, pump selection, borehole development; field measurements. Designs must address Tanzanian design guidelines.","3","3","No","1","3","A-F - A-F Grade Basis","000503","Every Spring"
"CFAN","1289","Food Culture of Southern France","Twin Cities","This embedded study abroad course will explore aspects of agriculture, food, and culture in southern France in comparison to each student’s experience in their home community. This course will first begin with a travel experience during August, and then meet on-campus following the travel portion of the course during the fall semester with a focus on thriving in college. Please note that you must also apply and confirm your spot for this seminar through the Learning Abroad Center.","3","3","No","1","3","A-F - A-F Grade Basis","-","Periodic Fall"
"CFAN","3334","Parasites and Pestilence","Twin Cities","This course is designed to provide students with a basic understanding of protozoan and metazoan parasites, focusing on the biology and epidemiology of parasitic diseases and on the parasite-host association. Parasites are explored in the context of transmission, associated disease, diagnosis and treatment options; and environmental, cultural, and socioeconomic drivers of disease epidemiology. The intent of this course is for students to see science as a tool for understanding the world and solving problems. Importantly, the course is not designed to promote skills to become a practicing parasitologist but rather aims to facilitate broad exposure to infectious disease dynamics to foster more informed global citizens—using parasitic diseases as examples. A key tenet of liberal education is that it does not ignore the sciences, as such topics are explored in a way that intertwines science, history, and politics. Liberal education also teaches students how to speak their mind, how to write, and how to learn. As a result, this course will teach students how to use fundamental biological principles to think critically about challenges facing their society and the world.","3","3","No","1","3","AFV - A-F or Audit","-","Periodic Fall & Spring"
"CFAN","3512","From Farm to Fork: Terroir, Food Systems, & Value Chains of France","Twin Cities","One would have thought that the ecological, climate, health, and social catastrophes of the last decade would have led to a green revolution and more sustainable societies, but that has not been the case. As a result, governments, corporations, consumers, and citizens will have to make deep meaningful changes to mitigating negative impacts to ecological biodiversity and natural resources.

Of all sectors of the global economy, the agricultural and food sector is perhaps the most at risk. Producers within this industry are faced with the complicated equation being one of the principle causes of the problems listed above, while also retaining the responsibility to provide food for an ever-growing consumer base. Eating and good nutrition are vital human needs and food is a human right deeply rooted in culture and emotion. Food is a source of pleasure, a means of social integration, a reflection of cultural values, and of cultural identity. As a result, agrobusiness and food industry stakeholders are expected to meet the higher demand for food while also reassessing value chains, far beyond the classic economic and marketing approach, by introducing ecological, social, and cultural indicators when assessing operational standard and economic growth. 
is context, the idea of a terroir-driven food system represents strong sustainable alternative to standard commercial agricultural practices. While the term of terroir originates in western European countries such as Italy and France, the terroir approach is practiced worldwide. Terroir-centered food products, local food products, traditional food products, no matter what it is called, it is about the producing within a limited geographical area and producing products with unique characteristics recognizable to the people who live there. 

Content for this 4-week course, conducted in English, will be delivered via in-class lectures/presentations; educational field trips and cultural visits to Paris, the Loire Valley, Brittany, Normandy; group projects; and case studies.

prereq: instr consent","3","3","No","1","3","AFV - A-F or Audit","-","Periodic Summer"
"CFAN","3516","Sustainable Food Systems of Italy","Twin Cities","This course examines the concepts of sustainability in relation to food production and culture in a country and place where food is a fundamental component of the regional and national culture. The course incorporates intercultural development concepts to introduce students to past and present Italian culture through the cultural importance of food systems, the ethics of food consumption and production and the concepts of sustainability.","3","3","No","1","3","A-F - A-F Grade Basis","-","Every Spring & Summer"
"CFAN","3522","Sustainable Akumal: Turtles, tourists, cenotes and coral reefs","Twin Cities","This Global Campus Partner seminar addresses coastal and marine ecology as affected by tourism and development and how these affect local communities. We will explore these issues in Akumal (Mayan: place of the turtle), Mexico on the Riviera Maya. Tourism and associated development have expanded exponentially in the past decade with subsequent effects on waste management and water quality in the local cenotes, groundwater, lagoons and reefs.  In addition to the water quality effects, increased use by tourist is also directly affecting sea grass, turtles and coral reefs.  We will explore the ecology of these systems, methods to assess their status and impacts, and strategies to reduce or mitigate the effects in a sustainable manner that involves local populations.

Prereq: CFAN 3422","3","3","No","1","3","A-F - A-F Grade Basis","011209","Fall Even, Spring Odd Year"
"CFAN","3523","Greek Agriculture and Gastronomy: A Taste of the Mediterranean","Twin Cities","This embedded course will be based in Thessaloniki, Greece and will examine Greek agriculture, food, and culture. Students will have hands-on experiences learning about the impact that Greek cuisine has on the rural development of the country and how Greeks work to conserve many of their cultural traditions.","3","3","No","1","3","A-F - A-F Grade Basis","-","Every Spring"
"CFAN","3526","Two to Tango: Agricultural Marketing & Communication in Argentina","Twin Cities","Agricultural marketing and farming are global industries and communicators and marketers need to be able to understand how events on other continents can impact decisions made at the firm-level; even in a different hemisphere. This course will study the farming and ranching industries in Argentina that provide the technology, production, expertise, processing, and transformation of farm products into foods that are in global demand. Additionally, this course will explore how Argentinian culture shapes marketing and communication efforts in Argentina. 

This course will spend two weeks in Argentina to meet with international agricultural firms and farmers to learn how Argentina continues to be a global competitor in agricultural commodities. Students will also learn about the challenges limiting South American agricultural production and how this relates to U.S. agriculture. ","3","3","No","1","3","A-F - A-F Grade Basis","-","Spring Odd Year"
"CFAN","3527","Chile: Natural History of Patagonia","Twin Cities","Co-production of sustainable knowledge: An exploration of human-wildlife conflict and a community artistic expression in southern Chile

Conservation biology addresses the tradeoffs inherent in balancing human needs for extractable ecosystem goods and services with our need for biodiversity and natural conditions. Our discussions always include the biophysical science of ecosystems and the human resource science of decisions. This class engages you directly in understanding and communicating about sustainable resource management in Patagonia, the fabulously beautiful, highly diverse, end-of-the-word in South America. You will explore mountainous and marine landscapes, places where you will (at least hope to see) Elephant seals, Mountain Lions, Emperor Penguins, Guanacos, and Patagonian Foxes. You also will encounter invasive rabbits and beavers, gigantic salmon aquaculture opens and an open pit mine. You will work with local community members to develop a permanent mural depicting all that. And you wll work with peers to develop a video documenting your experience.

Humans have inhabited Patagonia for at last 14,000 years. For thousands of years, the nomadic Aónikenk people were the principal humans in the landscape. The technologically superior Mapuche people were predominant during the 1500s; Europeans (primarily Spanish and English) colonized the area from the mid-1500s; Chile has been an independent country since 1826. The economy of the area has been dominated by mining and agriculture. Mining extracts minerals and low quality coal. Agriculture includes sheep ranching as well as large scale marine salmon aquaculture. Sheep ranching resulted in thousands of miles of barbed wire fence, and millions of hectares of degraded grasslands, with associated negative impacts on wildlife. Wool prices were strong from the late 1800s through the mid 1950s, then dropped precipitously. As a result, many sheep estnacias were abandoned or turned into tourist lodges. Patagonia today is a land of expansive landscapes of mountains, grasslands, glaciers and high altitude lakes. The wildlife characteristic of the area include all Guanacos (a South American camel), the Huemel deer, Patagonian fox, hog nosed skunk and Andean Condor. Native marine life include penguins, elephant seals, leopard seals, and the Patagonian skate.","3","3","No","1","3","OPT - Student Option","-","Every Spring"
"CFAN","3528","Exploring The New Nordic: Food Seasonality and Sustainability in Denmark and Sweden","Twin Cities","This embedded study abroad course will explore aspects of agriculture, food, and culture in Scandinavia in comparison to each student’s experience in the United States. This course will first meet on-campus, before our departure for a two-week experience in May.  

In English usage, Scandinavia can refer to Denmark, Norway, and Sweden, and sometimes used more broadly to include the Aland Islands, the Faroe Islands, Finland, and Iceland.  The use of the term Nordic can also include the aforementioned countries along with Finland and Greenland.

Throughout this course, we will embark on an experience through hands-on learning in Denmark and Sweden. Students will learn about, and reflect on, available food resources in Scandinavia, including how Scandinavian cuisine is intertwined with Scandinavian culture.

CFANS has partnered with DIS for this course.  DIS is a non-profit study abroad foundation established in Denmark in 1959, with locations in Copenhagen and Stockholm. DIS provides semester, academic year, and summer programs taught in English, and offers high-impact learning experiences for upper-division undergraduate students from distinguished North American colleges and universities. The intellectually challenging curriculum is broad, cutting edge, and enriched by experiential learning components, including faculty-led study tours across Europe. It provides students with opportunities for meaningful cultural engagement and personal growth, which is further enriched through housing and extracurricular offerings.

Activities and learning will take place at numerous locations throughout Scandinavia. Students will attend lectures and presentations taught by faculty who are experts in the field, and will have the opportunity to learn about the culture and cuisine in Scandinavia. In their exploration of Scandinavia, students will be exposed to a breadth of diverse cultural experiences in which they will be challenged to reflect on their emotional responses and active participation within Scandinavian culture and integrate these into their personal and professional worldview. Students will also visit important archaeological, sacred, and natural sites throughout Scandinavia to better understand the history of the region and the culture of its people.

Students will be encouraged early on to identify a particular interest they want to learn more about in Scandinavia (e.g. precision agriculture, dairy production, sustainability, agro-tourism, etc.) and find opportunities to integrate this interest into the questions they ask in their blog posts, their final project, and at site visits.","3","3","No","1","3","A-F - A-F Grade Basis","-","Periodic Spring"
"CFAN","3529","From Rainforest to Reef: Wildlife Medicine and Conservation in Belize","Twin Cities","Introduction to key topics in wildlife medicine. Students will learn medical issues and approaches, the role of the veterinarian in wildlife conservation, zoo medicine, and wildlife rescue & rehabilitation. This program is held at the Belize Wildlife & Referral Clinicâ¿¿s (BWRC) teaching facility with BWRCâ¿¿s founder and wildlife veterinarian, Dr. Isabelle Paquet-Durand. Labs include distance immobilization, suture, spay & neuter, necropsy, comparative anatomy, radiography, parasitology and blood analysis. Field visits are conducted with Dr. Isabelle to the Belize Zoo and to avian, reptile, primate, and manatee centers. Students are introduced to preventative medicine and common diseases for many of these species. A spay & neuter lab reviews theory and suture practice, this is followed by a spay & neuter clinic organized in the field or at BWRC. Students also have the opportunity to observe, and when possible, assist the BWRC veterinary staff during their daily operations. ","3","3","No","1","3","A-F - A-F Grade Basis","-","Every Spring"
"CFAN","3531","Shifting Sustenance: Contemporary Food Availability and Selection in England and Scotland","Twin Cities","This embedded study abroad course will explore aspects of agriculture, food, and culture in England and
Scotland in comparison to each student’s experience in the United States. This course will first meet
on-campus, before our departure for a two-week experience in May.

England and Scotland have long been associated with unique culinary traditions. In England, dishes such
as “toad in the hole”, “bangers and mash”, and “spotted dick” have been thought of as unique to the
local areas, and what is a traditional dish in Scotland if not “haggis”? However, a survey from Mortar
Research (commissioned by Aldi) in 2000 found that many in the United Kingdom have not only never
tried some of these dishes, some have not even heard of them. Although some of the aforementioned
recipes have been available for hundreds of years, a shifting demographic of UK residents, access to new
food, and a decline in regional eating in the past 30 - 50 years has resulted in a paradigm shift as to what
is considered British and Scottish cuisine.","3","3","No","1","3","A-F - A-F Grade Basis","-","Periodic Spring"
"CFAN","3532","Germany: Leading the Renewables Revolution","Twin Cities","CFAN 3532/CFAN 5532 is part of an ongoing high-level energy and sustainability exchange with Germany. Participants in the student delegation are citizen ambassadors for the USA and Minnesota and represent the next generation of Midwest leaders. They will understand the systems approach underlying Germany's energy transition and experience the energy transition as a project that ties together social, technical, and political issues and requires collaborative leadership across those divisions. 

To register for this course, students must have been accepted and confirmed into this study abroad program.","3","3","No","1","3","A-F - A-F Grade Basis","-","Periodic Fall & Spring"
"CFAN","3533","Indigenous Knowledge: Exploring its value in agriculture, education, and community - Belize","Twin Cities","This course provides students an opportunity to gain insight into the intellectual and cultural traditions of Indigenous peoples. Students will be given the opportunity to learn more about the indigenous/traditional practices in communities to better adapt global knowledge to local conditions and to develop knowledge and dispositions to build understanding and respect for Indigenous ways of knowing and tribal sovereignty in classrooms and schools locally and globally. This course will include an introductory immersion experience to Belize to explore formal and non-formal education about agriculture through indigenous populations with multilingual cultures.","3","3","No","1","3","A-F - A-F Grade Basis","-","Spring Odd Year"
"CFAN","3534","Climate Resilience in Agriculture: Exploring Diverse Regions and Empowering Youth in Morocco","Twin Cities","This course explores agricultural systems in geographically diverse regions of Morocco, the impacts of water scarcity on food production and society and approaches to mitigating and adapting to climate change. Morocco lies in the northwest corner of the African continent. It occupies a land area roughly equal to that of the state of Texas. Despite its relatively small size, Morocco stands out for its notable role in the fight against climate change. Due to declining rainfall and an increase in the severity and frequency of drought in recent decades, the Moroccan government has taken a comprehensive approach to reducing negative impacts on its citizens and promoting climate resilience. Agriculture, which comprises nearly 15% of the GDP of the country and employs nearly 40% of the population, is an important target for these efforts. Food security and economic stability are tightly linked to water availability. We will explore how agricultural systems in different regions are adapting to increasing water scarcity using diverse approaches including modification of production practices and technology. 

We will also consider the critical involvement of youth in agriculture. Despite improvements in agricultural productivity in recent years, the future of Moroccan agriculture is uncertain. While climate change is a clear threat, diminishing interest in agriculture among Moroccan youth is a growing concern. Youth ages 15-26 years old comprise about 26% of the country's population. Migration of youth from rural areas, especially in the mountain and dry-land regions, has accelerated in recent years largely due to increasing water scarcity and economic hardship. This represents the loss of human capacity in rural areas, increasing stress on resources in urban areas and the potential for growing social unrest. We will speak with community groups, organizations that work with young Moroccans and with young people themselves to understand the challenges they face and to learn about education and training efforts to promote youth participation in the agricultural economy. 

In addition to learning about the unique agricultural systems of Morocco, students in this course will gain appreciation for the history, culture, and traditions of the country. For more than five thousand years, Morocco has been the stage for cultural and economic exchange between Northern and sub-Saharan Africa, Asia, and Western Europe. Its modern culture is a beautiful and fascinating blend of Berber, Arab, Jewish, and Western European influences. 

This program involves pre-departure, in-country, and post-return activities and assignments. Pre-departure work will acquaint you with the country and culture of Morocco and introduce concepts that we will use throughout the program. In Morocco, you will experience the people, culture, and agriculture first hand. You will attend lectures, visit farms, converse with producers, meet with leaders of agricultural cooperatives and business owners and interact with Moroccan youth and leaders of organizations who work with youth. You will work independently and with a group to collect and interpret information and prepare presentations. We will visit historical and cultural sites of interest, interact with the people, and enjoy Moroccan cuisine. These experiences will provide rich opportunities for reflection and journal writing. Upon return to the U.S., you will finish the final reflection and complete the course survey.  ","3","3","No","1","3","A-F - A-F Grade Basis","-","Every Summer"
"CFAN","5518","Environmental Issues in New Zealand","Twin Cities","This Global Seminar, Environmental Issues in New Zealand, is open to any undergraduate or graduate students regardless of major. Priority for enrollment is given to University of Minnesota students, but students from other institutions may attend if space is available. There are no course prerequisites and all instruction is in English. New Zealand is a modern country with friendly people and awesome scenery.

Our daily news is filled with reports on climate change, water scarcity and pollution, soaring energy costs, and food shortages.   Solutions must consider environmental, economic, and social implications of our management strategies. Frequently there are tradeoffs between benefits and costs. University students as future leaders of business, government, and social programs should understand how to analyze environmental issues. What are the issues? Who is affected? What alternatives exist to solve them? What are the environmental, economic, and social tradeoffs between these alternatives? What are reliable sources of information? How can each of us contribute to solutions?

New Zealand has undergone significant changes in its plant and animal composition following the invasion of humans and the exotic species they introduced. Alarmed by these changes, New Zealanders recently have made significant strides in recognizing environmental issues and seeking sustainable solutions. They offer valuable lessons for U.S. students to bring home and apply to our own environmental issues.","3","3","No","1","3","A-F - A-F Grade Basis","-","Every Spring"
"CHLS","3352","The Southern Border: Boundary Policing and World-making","Twin Cities","The U.S.-Mexico border is shaped by narratives of migration, xenophobia, neoliberalism, violence, and militarization. This class examines the demographic realities, political and economic shifts, and the cultural exchanges that characterize the U.S.-Mexico borderland. The course will contextualize the militarization of the U.S.-Mexico border within the upticks of xenophobia and anti-Mexican/anti-Latino sentiment that have happened throughout U.S. history. This course provides a structural understanding and analysis of the formation of the southern border as a geopolitical boundary maintained by U.S. interests domestically and through the flow of capital, labor, and trade. The course teaches the history of U.S. intervention in the Central American northern triangle and in Mexico to help students understand how U.S. influence in Latin America shapes migration waves to our southern border. The course treats the U.S.-Mexico border as a living entity rather than as a stagnant boundary that is surveilled and patrolled. Latine subjectivity and agency are interrogated through engagement with Latine thought and cultural production as they emerge from the borderlands. The borderlands have been a fecund space from which Chicane and Latine artists and intellectuals have documented the Chicane and Latine experience and theorized Latine identities. Students will learn about the emergence of a hybrid-rascuache form within Chicane artistic and literary responses to the racialization and dehumanization of Mexicans and Latinos in the U.S. Students will also engage with Central American artistic and theoretical responses to the disposability of brown bodies that perish along the border. The course critically examines the contradiction between neoliberal policies that promote open borders for the flow of goods while forbidding ""illegal"" entry to undocumented people. The course is designed so that students gain a strong grounding in Chicano-Latino borderland theory and other theories of Chicane Latine intersectionality and hybridity; this course should be considered an introductory-yet-advanced course in Chicane Latine transnational theory and borderland theory, which will provide students the theoretical foundation they will need to advance in Chicano and Latino Studies at the graduate level and/or to work with borderland Latine communities in the future.","3","3","No","1","3","OPT - Student Option","-","Fall Even Year"
"CHLS","3412","Comparative Indigenous Feminisms of The Americas","Twin Cities","This course will critically and closely engage with indigenous feminisms in the Americas. What does it mean to be an intersectional indigenous feminist? How are indigenous womyn activists, cultural workers, and intellectuals throughout the Americas theorizing and critiquing the production of gender, gender roles, heterosexualism, patriarchy, and anti-Indigenous racism? How are rape and conquest tied to the emergence of patriarchy and the sexualization and violence committed against indigenous womyn’s bodies and queer bodies? This course will consider these questions from indigenous queer and feminist perspectives. Initially, we will set out to understand how the colonization of indigenous peoples in the Americas influenced past and contemporary understandings of race and otherness on the continent. We will analyze how European explorers codified indigenous bodies as different and drew binaries between themselves and indigenous peoples as racial others. We will explore how violence committed against indigenous bodies solidified ideas about indigeneity and how exploitation in colonial institutions turned indigenous bodies into commodities. Additionally, we will consider how colonization and colonial institutions racialized indigenous bodies through sexual violence and rape. Furthermore, we will consider how the imposition of patriarchy and the importation of capitalism established a Eurocentric colonial gender system, which disrupted broader pre-colonial indigenous ideas about gender and sexuality. On the one hand, the gender binary stripped indigenous womyn of their political power and voice by relegating them to the domestic sphere, and, on the other, the new system negated indigenous genders and gender roles, which fell outside of the binary, consequently erasing the existence and validity of queer indigenous people. We will engage with decolonial feminist voices to further our understanding of the impact of pre-colonial conceptualizations of gender and sexuality.
The course will examine the relationship between Western feminism and indigenous feminism, as well as the interconnections between womyn of color feminism and indigenous feminism. In addition to exploring how indigenous feminists have theorized from ""the flesh"" of their embodied experience of colonialism, the course will also consider how indigenous womyn are articulating decolonization and the embodiment of autonomy through scholarship, cultural revitalization, and activism.  ","3","3","No","1","3","OPT - Student Option","-","Periodic Fall & Spring"
"CHLS","5412","Comparative Indigenous Feminisms of The Americas","Twin Cities","This course will critically and closely engage with indigenous feminisms in the Americas. What does it mean to be an intersectional indigenous feminist? How are indigenous womyn activists, cultural workers, and intellectuals throughout the Americas theorizing and critiquing the production of gender, gender roles, heterosexualism, patriarchy, and anti-Indigenous racism? How are rape and conquest tied to the emergence of patriarchy and the sexualization and violence committed against indigenous womyn’s bodies and queer bodies? This course will consider these questions from indigenous queer and feminist perspectives. Initially, we will set out to understand how the colonization of indigenous peoples in the Americas influenced past and contemporary understandings of race and otherness on the continent. We will analyze how European explorers codified indigenous bodies as different and drew binaries between themselves and indigenous peoples as racial others. We will explore how violence committed against indigenous bodies solidified ideas about indigeneity and how exploitation in colonial institutions turned indigenous bodies into commodities. Additionally, we will consider how colonization and colonial institutions racialized indigenous bodies through sexual violence and rape. Furthermore, we will consider how the imposition of patriarchy and the importation of capitalism established a Eurocentric colonial gender system, which disrupted broader pre-colonial indigenous ideas about gender and sexuality. On the one hand, the gender binary stripped indigenous womyn of their political power and voice by relegating them to the domestic sphere, and, on the other, the new system negated indigenous genders and gender roles, which fell outside of the binary, consequentially erasing the existence and validity of queer indigenous people. We will engage with decolonial feminist voices to further our understanding of the impact of pre-colonial conceptualizations of gender and sexuality.
The course will examine the relationship between Western feminism and indigenous feminism, as well as the interconnections between womyn of color feminism and indigenous feminism. In addition to exploring how indigenous feminists have theorized from ""the flesh"" of their embodied experience of colonialism, the course will also consider how indigenous womyn are articulating decolonization and the embodiment of autonomy through scholarship, cultural revitalization, and activism.  ","3","3","No","1","3","OPT - Student Option","-","Periodic Fall & Spring"
"CI","1424","Global Stories of Education: Literature for Young Adults","Twin Cities","Using young adult novels, short stories, nonfiction, and poems by immigrant, indigenous, minority, and refugee authors, students explore learning experiences of youth. Through immersion in the global lives and identities of characters who cross geographic and cultural borders, students consider what stories teach and how young people learn.","3","3","No","1","3","OPT - Student Option","-","Every Fall & Summer"
"CI","1904","Global Studies in Action: From Classroom to an International Conference","Twin Cities","This course is intended for first-year undergraduate students who have an interest in global studies but do not know how to make this happen in their field of study. Multiple approaches for globalization, while at home or abroad, will be explored. Students, with faculty support, will design and host a Tri-Country Video Conference commemorating International Students Day in November. The faculty are aware that students with integrated global studies in their chosen discipline will be more marketable upon graduation and be more flexible in living in a multicultural, anti-racist, globalized world. There are no prerequisites for this course; students should just have an interest in learning how a global perspective will enhance their life and career skills.

This course is taught by Professor Irene Duranczyk, an Associate Professor in the College of Education and Human Development. Professor Duranczyk has been collaborating with global partners in China, Russia and for the past 10 years. Professor Duranczyk balances the depth and breadth of engaging undergraduates from
three countries as they explore a common global concern.","3","3","No","1","3","OPN - Student Option No Audit","001475","Periodic Fall & Spring"
"CLA","3501","Spanish History on the Camino de Santiago: A Hiking Adventure","Twin Cities","This seminar will combine the history of Spain, the history of the Camino de Santiago, art history, and architectural history with the practice of travel for transformation. While we will travel together, each of us will have the opportunity to experience something that holds unique and individual meaning. It may be a spiritual awakening, an educational epiphany, or a transformative personal moment. There will be ample time for personal reflection and contemplation as well as group experiences. You will be encouraged to use your time on the camino to discover something that holds special meaning for you whether it is spiritual, a rite of passage, personal transformation or just openness to new experiences. We will all engage in reverent travel which is a practice that spans traditions and religions.","3","3","No","1","3","A-F - A-F Grade Basis","-","Periodic Summer"
"CNRC","1911","Silencing the Gods: The Divine and Human in the Hebrew Bible","Twin Cities","The course attempts to “get behind” the overlay imposed by modern culture upon the Old Testament/Hebrew Bible and to read it on its own terms. In order to do so, students will explore the fascinating literature and religion of the ancient Near East. We will read texts from ancient Mesopotamia, Canaan, and Israel, and discuss both the ideas found in them and their literary artistry. After investigating the literature of Israel’s neighbors, we will read biblical literature in dialogue with these stories, intellectually analyzing the narratives of the creation of the world, the origin of life, the great flood story, the idea of divine revelation, and the significance of law. Specific topics to be dealt with include: God, creation, fate, the point of human life, and the meaning of history. We'll also journey outside the classroom to museums to view 2,000-year-old tablets.

About the instructor: Imagine climbing up to an unmarked cave in the desert where some of the most famous of the 2000-year-old Dead Sea Scrolls were discovered. Bernard M. Levinson, just back from Israel where he led an international team of scholars at a famous research institute, did just that. He has taught at the University of Minnesota for the past twenty years. One of his students won the most prestigious undergraduate scholarship in the country, the Rhodes Scholarship.  Come study with an award-winning professor who will challenge you intellectually and help you learn how to become a better student.","3","3","No","1","3","OPT - Student Option","001475","Periodic Fall"
"CNRC","3182","Egypt and Western Asia: Art and Archaeology of Ancient Egypt and Western Asia","Twin Cities","This course will provide students with foundational knowledge in the art, architecture, and archaeology of Egypt, East Africa, Asia Minor, Mesopotamia, Iran and Central Asia from the Neolithic through Late Antiquity (ca. 7,000 B.C.E. - 650 C.E.). Students will gain an understanding of the relationship between the visual material and the social, intellectual, political, and religious contexts in which it developed and functioned. In this regard, students will also gain an understanding of the evolution of, and exchanges and differences among, the visual cultures of these time periods and regions. It will also expose them to the preconditions for contemporary geopolitics in the region.","3","3","No","1","3","OPT - Student Option","-","Every Fall & Spring"
"CNRC","3207W","Race and Ethnicity in Antiquity","Twin Cities","Modern ideas and beliefs about race and ethnicity have shaped and sustained systems of inequality and oppression, but how did we get here? 
This course spotlights the rich diversity and multiculturalism of the ancient peoples of the Mediterranean (in particular: the Greeks, Romans, Egyptians, and Persians). We'll examine how the racial and ethnic biases that they held have influenced our modern perspectives. We'll survey ancient evidence alongside modern scholarship to understand how interpretations and appropriations, primarily of ancient Greek and Roman ideas, have shaped modern racism, colonialism, and white supremacy from the 18th century CE to today. No background in the ancient world is required—just a curiosity to understand the past’s echoes in our present.","3","3","No","1","3","OPT - Student Option","-","Periodic Fall"
"CNRC","3505","Scripture and the Other: Rethinking the Bible After the Holocaust","Twin Cities","How do the Holocaust and other genocides transform our reading of the Bible? In this interdisciplinary course, we explore how religious ideas shape political philosophy, influence government policies, and legal rulings that enlarge or delimit human rights. We'll delve into questions such as: How should we read the Bible’s own literary representation of multiple genocides? To what extent does the Bible become a cause of, or a convenient excuse for, antisemitism and the persecution and genocide of other peoples? How were the ancient authors already engaged in the “modern” project of thinking critically about the ethics of genocide, the principles of universal human rights, and just war theory (by prohibiting atrocities)? Join as we traverse these complex questions and gain a deeper understanding of how ancient texts continue to shape modern ideas on justice, human rights, and ethical governance.","3","3","No","1","3","OPT - Student Option","-","Spring Even Year"
"CNRC","3617","Pagans, Christians, Barbarians: The World of Late Antiquity","Twin Cities","Between classical and medieval, pagan and Christian, Roman and barbarian, the late antique world was a dynamic age. This course will focus on the Mediterranean region from the 2nd to the mid-7th century exploring such topics as the conversion of Constantine, the fall of Rome, barbarian invasions, the spread of Christianity, and the rise of Islam.
","3","3","No","1","3","AFV - A-F or Audit","-","Fall Odd Year"
"CNRC","5207W","Race and Ethnicity in Antiquity","Twin Cities","This course spotlights the rich diversity and multiculturalism of the ancient peoples of the Mediterranean (in particular: the Greeks, Romans, Egyptians, and Persians). We'll examine how the racial and ethnic biases that they held have influenced our modern perspectives. We'll survey ancient evidence alongside modern scholarship to understand how interpretations and appropriations, primarily of ancient Greek and Roman ideas, have shaped modern racism, colonialism, and white supremacy from the 18th century CE to today. No background in the ancient world is required—just a curiosity to understand the past’s echoes in our present.","3","3","No","1","3","A-F - A-F Grade Basis","-","Periodic Fall"
"COMM","3676W","Communicating Terrorism","Twin Cities","Terrorism as an ethical and international problem. Different cultures' historical trajectories for terrorism. Contrasts between Algerian, Irish, and Arab terrorism.","3","3","No","1","3","OPT - Student Option","-","Every Fall"
"CPSY","5981","Cross-Cultural Experiences in Education and English Teaching in Brazil","Twin Cities","This course provides an experiential introduction to the process of learning and teaching a second language to young children in an international setting.  Students will engage in inquiry, planning, classroom teaching and reflection as they participate on a team developing curriculum in a partial day English immersion classroom. Through readings, videos, a homestay experience, small group projects, classroom observations, and participation as part of a team of English teachers in Brazil, students will gain an introduction to Brazilian culture, learn the basics of the local education system, and experience firsthand what it is like to learn a new language. Students will next be exposed to some of the basic elements of early childhood second language teaching, will help to plan and co-deliver relevant and appropriate curriculum, write lesson plans and engage in reflective practice with their teaching team. Finally, because of the cultural immersion element of the class, students will be supported to 1) reflect on their personal cultural adjustment process, 2) develop an effective working relationship with their co-teachers, and 3) consider the ethical dilemma present in the provision of educational opportunity to Brazils marginalized communities. ","12","12","Yes","2","24","S-N - S-N Grade Basis","-","Periodic Fall & Spring"
"CSCL","3131W","Colonial and Postcolonial Literatures and Theory: 1700 to the Present","Twin Cities","Readings in colonial/postcolonial literatures/theory from at least two world regions: Africa, the Americas, the Arab world, Asia, Europe, and the Pacific. Cultural/psychological dynamics and political economy of world under empire, decolonization, pre- vs. post-coloniality, globalization.","3","3","No","1","3","OPT - Student Option","-","Fall Odd, Spring Even Year"
"CSCL","3211","Global & Transnational Cinemas","Twin Cities","This course explores Global and Transnational Cinemas as alternative traditions to the dominant Hollywood-centered accounts of film history. Students will grapple with the historical, social, and political motivations of cinematic projects that critique traditions of national cinema, or that resist the hegemonic force of neocolonial cultural centers. Italian Neo-realism and the French New Wave will be examined as movements that challenge politics and mass culture. Third Cinema in Latin America and pan-African cinematic movements will be examined through their struggles with both colonialism and the rise of post-colonial dictatorships. Indian and Japanese cinemas of the 50s & 60s will mark out new possibilities of filmmaking and distribution. Finally, counter-hegemonic and experimental movements in U.S.-based film, such as the L.A. Rebellion and Fluxus, will allow students to understand how opposition to Hollywood style could exist within the very centers of cultural power while also reaching out to larger global communities.","4","4","No","1","4","OPT - Student Option","-","Every Fall & Spring"
"DES","3151","Italian Design Studio: Blending Tradition and Innovation","Twin Cities","DES 3151 Italian Design Studio: Blending Tradition and Innovation exposes students to the productive intersection of ideas using the city of Rome and its makers as inspiration and context for interdisciplinary design work. The study abroad studio course is submitted to the Council on Liberal Education for approval for a Global Perspectives Theme.

Italian Design Studio meets general Core course requirements in the following ways:

ENHANCING A LIBERAL EDUCATION

Students in this course exercise design as a mode of thinking and practice in an interdisciplinary context. Design thinking is, at its essence, critical thinking for the material world. Design is a process of analyzing, interpreting and evaluating information from multiple viewpoints, and iteratively developing a response that synthesizes this information into a cohesive solution. Design projects never have a ""right answer."" Instead, students come to learn that ""good design"" emerges from a rigorous, creative and critical process of seeing design problems as design opportunities.

In this way, design studio and design thinking have an intriguing synergy with the values of a liberal education. 

A liberal education prepares students to engage a complex, diverse and changing world by seeing problems from multiple viewpoints. Design problems are complex by nature and require expansive thinking. Students who think like designers actively seek a variety of perspectives and intentionally zoom in and out to see a problem at a range of scales and in a shifting context. Students who think like designers are naturally curious about almost everything, and see inspiration and opportunity everywhere. Immersion in another culture naturally piques curiosity and presents an immediate challenge to practice seeing (things and processes big and small) from other perspectives.  

A liberal education prepares students to critically evaluate information and integrate knowledge. From a liberal investigation, students who think like designers begin to discern what is important, relevant and interesting from what is less important, less relevant and less interesting. Designers understand where conditions are fixed and where they have agency to make design decisions. Because the design process is both generative and iterative, integrating new knowledge and reevaluating what is valuable in the investigation is ongoing. While the design process is not a linear one, students in this course do learn that it is nonetheless rigorous, involving the art of opening up a problem, synthesizing a multitude of forces, and working within constraints.

A liberal education prepares students to engage the world as informed, ethical citizens. Design and making are deeply human endeavors that addresses who we are as physical, psychological, social, political and spiritual beings in relationship with the constant, changing and limited resources of our planet. Students in this course learn how the particular circumstances of time and place can have dramatic implications for our designed environment, from the scale of objects to the scale of cities.

A liberal education prepares students to value diverse ways of knowing and modes of inquiry. Designing the material world?whether apparel, graphic, landscape architecture, architecture or interior design?invites a fusion of art and science.  As a mode of inquiry, students in this course pursue design thinking as a rigorous and analytical process with a role for intuition and creativity. Designed objects and places express cultural aspirations and makes our experiences with the physical world poetic. In this way, de is allied with other arts and humanities disciplines. Yet, all designed things are beholden to a host of constraints or forces that lie beyond the control of the designer. Architecture, for example, must accommodate human behavior and needs, must shelter in a particular climate, and must respond to the laws of materials and gravit","3","3","No","1","3","A-F - A-F Grade Basis","-","Every Summer"
"DNCE","3401W","Dance History 1","Twin Cities","Historiography of dance, 20th century through present. Reconstruction/incorporation of dance practice in context of globalization. Artistic choices as influenced by complex history of performing arts and terrain of body/politics. ","3","3","No","1","3","OPT - Student Option","-","Every Fall"
"DTCH","3635","Anne Frank: Perspectives on Her Life and Legacy","Twin Cities","This course examines Anne Frank’s iconic status as a Holocaust victim as well as an object of identification in the context of her ethnic heritage, the historical circumstances under which she came to the Netherlands, the particularity of her hiding situation, and the overwhelming success of her published journal. With a special emphasis on a broader understanding of antisemitism and racism then and now, this course takes the diary and its legacy in film, stage, and television adaptations as well as in memory culture as the basis for critical discussions.","3","3","No","1","3","OPT - Student Option","-","Periodic Fall & Spring"
"EAS","1463","An Introduction to Imperialism in Asia, 1850-Present","Twin Cities","Organized around a series of themes, this course will begin with a broad overview of imperialism in Asia before diving into economics of empire, technologies of imperialism, race and gender, nationalism and the end of empire, and neocolonialism. Throughout, the class will center the history of present-day China, India, Southeast Asia, and Japan, emphasizing whenever possible the perspectives of those impacted by empire rather than those perpetuating it. As such, assigned readings focus on primary sources supplemented by relevant secondary research, with optional readings providing significant breadth and depth for interested students seeking to delve further into their own interests or find new avenues of scholarly inquiry. All told, the histories included here represent some of the most significant events in recent centuries, but ones that often go overlooked in an academic context, covered only as a footnote in the histories of the West. Instead, this course will center the history of Asia and the voices of those impacted by imperialism, offering new perspectives on some of the most significant moments that shaped-and continue to shape-our contemporary world. 

Designed as an introductory course for those unfamiliar with the history of Asia, this class approaches a broad geographic and temporal range through case studies, diving deeply into crucial historical moments rather than providing an exhaustive overview of more than two centuries of Western imperialism. Simultaneously, this class will introduce students to the process of historical analysis itself using a substantial focus on primary sources, instructional time spent in libraries and archives, and a well-supported, intensive research essay process as a way to encourage them to think critically about the historical project while also honing their own historiographical skills. Overall, students will leave this course with a strong foundation in the history of Asia and the history of Western imperialism along with real practice doing history, preparing them for their future within the Department of History, at the University of Minnesota, and beyond. ","3","3","No","1","3","OPT - Student Option","-","Periodic Spring"
"EAS","3449","Philosophies for Change: Ancient Chinese Thought and Intellectual History","Twin Cities","How should we build a better world, especially when it seems to be falling apart into social instability and moral degeneration? What measures should a government take to ensure it survives? What should be the purpose and role of the state? How do we define human nature and use this knowledge to build a better society? What obligations do we have for fellow human beings? What makes a moral person (should we even care about morality?)? Could it be that such artificial things as states, institutions, and customs constructed by humans themselves are the source of problems? These are some of the questions asked by ancient Chinese thinkers who lived in arguably the most divisive and violent eras in ancient China, the Spring and Autumn (Chunqiu春秋770-481 BCE) and the Warring States (Zhanguo戰國475-221 BCE ) periods. Sensing that they are living in a collapsing society, which will have to be reinvented and rebuilt, the thinkers of ancient China fiercely debated the best methodologies and models for restoring socio-political order, enriching the lives of people, and thereby ushering in the new age of peaceful prosperity. In this class, we will read the works of the most innovative thinkers to emerge in this period, leading up to the critical historical event that they were yet to foresee: the first unification of China (221 BCE) by the Qin Dynasty (秦221-207BCE).
Each week, we will explore different thinkers who set the stage for the future cultural, political, and intellectual development of East Asian civilizations. By the end of the course, you will have developed your own understanding of the major philosophers of ancient China, such as Confucius 孔子, Mozi 墨子, Mencius 孟子, Xunzi荀子, Hanfeizi韓非子, Laozi老子, Zhuangzi莊子, Mozi墨子, and Sunzi孫子. The course will conclude with the Former Han (前漢206BCE-221CE) synthesis of classical thoughts. Aside from philosophical texts, we will also read a few other kinds of historical documents, including some chapters drawn from the Records of the Grand Historian (Shiji史記), the first comprehensive history of China written by Sima Qian 司馬遷 (145-86BCE). By exploring various thinkers’ views and visions of the ideal human being and society, we will discover both the universality and diversity of human thought across time and place. The wealth of perspectives offered by the most creative and innovative thinkers of this foundational period of Chinese history will offer valuable insights into alternative ways of approaching and tackling the problems we face in our own daily lives and in society at large.     ","3","3","No","1","3","OPT - Student Option","-","Periodic Fall & Spring"
"EAS","3462","From Subjects to Citizens: The History of East Asia From 1500 to the Present","Twin Cities","How Asian states, societies, economies, and cultures linked with one another and with European powers. How period's historical effects still resonate. Covers India, China, Japan, Korea, and Indochina.  ","3","4","No","1","4","OPT - Student Option","-","Every Spring"
"ECON","1101","Principles of Microeconomics","Twin Cities","Microeconomic behavior of consumers, firms, and markets in domestic and world economy. Demand and supply. Competition and monopoly. Distribution of income. Economic interdependencies in the global economy. Effects of global linkages on individual decisions.

prereq: knowledge of plane geometry and advanced algebra","4","4","No","1","4","OPT - Student Option","-","Every Fall, Spring & Summer"
"ECON","4331W","Economic Development","Twin Cities","Economic growth in low income countries. Theory of aggregate and per capita income growth. Population growth, productivity increases, and capital formation. Allocation of resources between consumption and investment and among sectors. International assistance/trade.

prereq: ECON 1101 (or ECON 1165, APEC 1101), ECON 1102 (or APEC 1102), ECON 3011 & 3012 (or ECON 3101), ECON 3023 & 3024, (or ECON 3102), MATH 1271 or equivalent courses approved by the Economics Department, and completion of freshman writing practice.","3","3","No","1","3","OPT - Student Option","012558","Every Fall, Spring & Summer"
"ECON","4428","London: Economy, Trade, and Environment","Twin Cities","London is a “global city” and has evolved from being a city of merchandise trade to being one of the premier financial services centers of the world. We explore the role of financial services, merchandise trade, trade policy, immigrant populations and cultures, and other events in the evolution of modern London. Globalization, the interactions and interdependencies between the city of London and the rest of the world are researched and explored through course work and numerous site visits.

This course will involve the study of the history of international trade and the effects of Brexit on London and will take place in London. In addition, because of its history as a center for trade and development over the last several hundred years, and because of the current Brexit negotiations between UK and EU countries, London is an ideal location for experiential learning for global perspectives in this seminar. 

The city is also at the leading edge of environmental stewardship and has a net zero carbon target by 2030. In order to achieve deep decarbonization, the city has implemented a multipronged approach that includes behavioral incentives for residents and industries, improved efficiency standards, alternative fuels, wide-scale electrification, and embracing the clean energy transition. We will explore these drivers to understand the transformation London is going through to get to a net zero future.

Class discussions and assignments will include the role of ethics and equity in trade policies. Are trade policy changes intended to increase overall country welfare or do they increase welfare of certain groups over others? Through comparative welfare analysis, students are expected to come up with recommendations to improve the well-being of all individuals in the country.

We will discuss the race relations in London, the history of different peoples as they moved into London—the people from the Caribbean, from India in the 1950s and 1960s, Indians from African countries like Nigeria during Idi Amin’s rule, Bangladesh, the Jewish people after World War II. Student discussion will also focus on current race relations, inequities, and the effects of protests after the death of George Floyd.","3","3","No","1","3","S-N - S-N Grade Basis","-","Every Summer"
"ECON","4431W","International Trade","Twin Cities","Theories of trade/trade patterns. Trade restrictions/commercial policy. International factor movements. Economic growth/development.  Regional integration.

prereq: ECON 1101 (or ECON 1165, APEC 1101), ECON 1102 (or APEC 1102), ECON 3101, ECON 3102, MATH 1271, or equivalent courses approved by the Economics Department, and completion of freshman writing practice.","3","3","No","1","3","AFV - A-F or Audit","012558","Every Fall, Spring & Summer"
"ECON","4438W","Advanced International Trade","Twin Cities","Theories of trade/explanations of trade patterns. Trade restrictions. Commercial policy. International factor movements. Economic growth/development. Multinational corporations. Regional integration. 

prereq: ECON 3011, 3012 and ECON 3023, ECON 3024 or [ ECON 3101, 3102] or equiv, Math 1271, completion of freshman writing practice, [Math 1272 or equiv]","4","4","No","1","4","A-F - A-F Grade Basis","012560","Every Spring"
"ENGL","1003W","Women Write the World","Twin Cities","Concepts in literary studies. Poems, plays, short stories, novels, essays, letters by women from different parts of world. Focuses on lives, experiences, and literary expression of women, including basic concepts of women's studies.","3","3","No","1","3","OPT - Student Option","-","Every Fall"
"ENGL","1401W","Legacies of Colonialism: Literatures in English of the Global South","Twin Cities","This writing-intensive course will introduce you to literature of geographical locations such as Africa, Asia, and the Caribbean with the aim of examining the global impacts of colonialism, particularly for formerly colonized nations. Through close readings of our texts, you will explore the ways writers have engaged with conditions of and experiences with imperialism, global capitalism, nationalism, and displacement. What role does literature play in upholding, resisting, and/or interrogating the legacies of colonial projects? How do these texts construct and respond to these legacies as entangled with concerns of their contemporary moment, such as shifting geopolitical relations? As we think about and discuss such questions, you will be supported with instruction on reading strategies, techniques for writing a paper, and relevant critical approaches.","4","4","No","1","4","OPT - Student Option","-","Every Fall & Spring"
"ENGL","3026","Mediterranean Wanderings: Literature and History on the Borders of Three Continents","Twin Cities","Situated between three continents and at the intersection of numerous ethnic and national cultures, the Mediterranean is like no other place on earth. A place of diverse languages, religions, economies, governments, and ways of daily life, it serves as a microcosm for the world itself imagined as an integrated global system. This course explores the history of the Mediterranean with particular emphasis on the literatures it has produced over the last three millennia. As the protagonists of these epic poems, religious texts, and novels travel from one shore to another, they experience the Mediterranean as a place of violence, cultural accommodation, hope, ethnic and linguistic bewilderment, and endless moral challenge. This course will place as much emphasis on the region's history as its cultural productions. With that in mind, reading may include David Abulafia's The Great Sea in addition to The Odyssey, The Aeneid, the biblical books of Joshua and Acts, Tasso's Gerusalemme Liberata (an epic set during the first crusade), Shakespeare's The Merchant of Venice and Antony and Cleopatra, Flaubert's Salammbo, Akli Tadjer's Les ANI du Tassali, A.b. Yehoshua's Mr. Mani, and Pamuk's The White Castle.","3","3","No","1","3","OPT - Student Option","-","Every Spring"
"EPSY","3401","Mental Health and Well-being in Spain","Twin Cities","As a faculty-led Learning Abroad Center Global Seminar, this course takes place in Toledo, Spain. Students will live and attend class in a converted convent (built in 1514) in the medieval city of Toledo, Spain immersing themselves in the history, culture, and community through a variety of expert-guided tours, excursions, cultural immersion events, readings, guest and instructor lectures, discussions, content-based writings, presentations, reflective exercises, and personal time.","3","3","No","1","3","A-F - A-F Grade Basis","-","Every Summer"
"EPSY","3705","Field Experience in Denmark: Exploring Community, Culture, and Education","Twin Cities","The Department of Educational Psychology is on a mission to provide its students with opportunities to develop the multicultural competencies necessary to work effectively with children and families of all races, cultures, languages, and ethnicities. Through this seminar, students will experience cross-cultural teaching and learning through intense immersion in Danish schools and communities. In addition, as a minority culture in Copenhagen, students will learn from diverse perspectives expanding their respect for individual differences. Consistent with the mission of the College of Education and Human Development and the Special Education Programs, this field experience strengthens effective educational practices, promotes inquiry and problem-solving skills, and builds leadership skills for future professionals who aspire to work in Educational Psychology and related fields.","3","3","No","1","3","A-F - A-F Grade Basis","-","Every Summer"
"ESPM","3051","Lands and Humans in World Cultures: the Past and the Present","Twin Cities","This course focuses on globally diverse farming and land use practices and associated sustainability issues. By examining diverse land uses issues in different countries in the world, this course seeks to provide global perspective on the US and global land use practices and its sustainability.  This course seeks to build interdisciplinary perspectives to better understand the mechanisms and changes in diverse human-nature interactions via land. Class materials will be sourced from multiple disciplines including soil science, ecology, geology, geography, anthropology, and history.","3","3","No","1","3","A-F - A-F Grade Basis","-","Every Spring"
"ESPM","3251","Natural Resources in Sustainable International Development","Twin Cities","International perspectives on resource use and sustainable development. Integration of natural resource issues with social, economic, and policy considerations. Agriculture, forestry, agroforestry, non-timber forest products, water resources, certification, development issues. Global case studies. Impact of consumption in developed countries on sustainable development in lesser developed countries.","3","3","No","1","3","AFV - A-F or Audit","-","Every Fall"
"ESPM","3607","Natural Resources Consumption and Sustainability","Twin Cities","Current world trends for industrial raw materials; environmental/other tradeoffs related to options for satisfying demand/needs; global and systemic thinking;  provides a framework for beginning a process of thinking critically about complex environmental problems/potential solutions in a diverse global economy.","3","3","No","1","3","A-F - A-F Grade Basis","-","Every Spring"
"FOST","3331H","Honors: Leveraging and Understanding Global Identity through Intercultural Learning","Twin Cities","Studying abroad can be a transformative experience that has the power to challenge your thinking and enlarge your perspective on the world. This course guides you through your studies abroad with intercultural readings, theory, writing, reflection, and feedback from peers and the instructor. A key element to this course is leveraging and connecting the intercultural and self-knowledge gained abroad to strength core career competencies. Using scenarios from your time abroad, you will work to understand and articulate career skill outcomes. As you discover your own global identity, you will be better prepared to translate and communicate the skills and strengths that employers and grad school admissions committees value in a globalized world.

prereq: studying abroad the semester student is enrolled in course","1","1","No","1","1","A-F - A-F Grade Basis","000571","Periodic Fall, Spring & Summer"
"FOST","3332","Global Identity: Connecting Your International Experience to Your Future","Twin Cities","Reflect on activities/readings of study abroad experiences overseas. E-journaling, written activities, group interaction using various formats.

prereq: [3321 or EDPA 3102 or instr consent], studying abroad the semester student is enrolled in course","1","1","No","1","1","OPT - Student Option","-","Every Fall, Spring & Summer"
"FOST","3896","Virtual International Internship","Twin Cities","This course is designed to provide students with an opportunity to learn about the virtual international work environment by critically examining a professional, remote experience abroad through an intercultural lens. A key element to this course is to deepen students’ knowledge of their internship placement country’s professional norms and cultural context in comparison to other students’ internship placement countries, as well as the United States, and understand how COVID-19 has impacted these environments. Students’ research and writing on COVID-19 globally will include ethical analysis on how the national approach has impacted society, if they agree with this approach or not, and why. We will interrogate how this knowledge will influence their behavior in their society and the world. Students will also enhance their understanding of their chosen field using a global mindset.

The course is designed to guide students in the internship experience and create a foundation for a successful professional career as well as working to understand and articulate career skill outcomes. In addition to gaining a cross-cultural comparative view on work, the topics and assignments will deepen students’ insights about themselves, professional expectations, and being successful in the virtual workplace. Students are expected to make a valuable contribution to the virtual internship placement through the completion of projects and tasks guided by their internship supervisor in the placement country. This will require students to employ intercultural communication skills in a professional, virtual setting while critically examining their own worldview.

Three Credit Course
Students who take the Virtual International Internship a second time will complete the three-credit version of this course and will be expected to complete the same number of hours at their internship sites as those who are taking the four-credit course. The academic work for the three-credit course will correspond to the second semester of internship participation in order to increase students’ remote, professional experience, strengthen their knowledge of their chosen industry, as well as enhance their global mind-set. The Global Perspectives liberal education requirement is not fulfilled by taking the three-credit version of this course.","3","4","Yes","2","7","A-F - A-F Grade Basis","-","Every Fall, Spring & Summer"
"FREN","1501","Gateways to French and Francophone Studies: English Only","Twin Cities","What key moments in French and Francophone culture can help us understand our world today? What are French and Francophone Studies? This course taught in English answers these questions by letting you discover the diverse cultures of France and French-speaking countries (such as Senegal, Canada or Belgium), and the ways we study them in the humanities. You will encounter texts, visual material, films, music, and historical events from various eras and learn how to make sense of them. Faculty from the French program will come and share with you what they research and why. 

A portion of the semester will be devoted to one of two role-playing simulations. During these weeks, you will delve deeply into the material, researching your historical character and working with other students whose goals converge with yours to sway the opinions of your other classmates. Along the way, you will enhance your skills in public speaking and writing. 

(1) The French Revolution. Where did the notion of the social contract and human rights come from? What dilemmas did the people of France face in this turbulent attempt to transition from monarchy to a new form of government?

(2) The 1889 Universal Exhibition in Paris, which was a focus of debates about art, esthetics and urbanism. Do you want to be a traditional painter, Van Gogh, an art critic, a woman patron, an anarchist, or a worker on the Eiffel Tower? How did each of these groups or individuals understand the role of art?

You can take French 1501 as a freestanding class or at the same time as a language class (FREN 1001-1004, depending on your level). The class is required for new majors and minors in French Studies, but you can take it simply to discover the fascinating cultures of French-speaking communities worldwide! 

No prerequisites. All materials for French 1501 are in English, and students in all programs are welcome!","3","3","No","1","3","AFV - A-F or Audit","-","Every Fall & Spring"
"FREN","1502","Gateways to French and Francophone Studies: Bilingual","Twin Cities","What are French and Francophone Studies? What key moments in French and Francophone culture can help us understand our world today? This course taught in English answers these questions by letting you discover the diverse cultures of France and French-speaking countries (such as Senegal, Canada or Belgium), and the ways we study them in the humanities. You will encounter texts, visual material, films, music, and historical events from various eras and learn how to make sense of them. Faculty from the French program will come and share with you what they research and why. 

A portion of the semester will be devoted to one of two role-playing simulations. During these weeks, you will delve deeply into the material, researching your historical character and working with other students whose goals converge with yours to sway the opinions of your other classmates. Along the way, you will enhance your skills in public speaking and writing. 

(1) The French Revolution. Where did the notion of the social contract and human rights come from? What dilemmas did the people of France face in this turbulent attempt to transition from monarchy to a new form of government?

(2) The 1889 art exhibition in Paris, which was a focus of debates about art, esthetics and urbanism. Do you want to be a traditional painter, Van Gogh, an art critic, a woman patron, an anarchist, or a worker on the Eiffel Tower?

French 1502 is taught in English, but it includes some readings in French. In some semesters, it may also include occasional discussions or small group activities in French. 

You can take French 1502 as a freestanding class or at the same time as a language class (FREN 3015-3016, depending on your level). The class is required for new majors and minors in French Studies, but you can take it simply to discover the fascinating cultures of French-speaking communities worldwide! 

prereq: FREN 1004 (or equivalent through the LPE)","3","3","No","1","3","AFV - A-F or Audit","-","Every Fall & Spring"
"FREN","3471","Crossings and Crossroads: North African Film, Art and Literature","Twin Cities","What happens when borders close and departure becomes impossible? Why do people risk everything on fragile boats to cross a perilous sea with no promise of arrival? How do France and Europe appear in the imagination of migrants and refugees?

This course explores these urgent questions through films, political cartoons, short stories, graphic novels, a novella, poetry, plays and paintings from or about Morocco, Algeria, Tunisia, and France. Together, we will examine how artists and writers confront themes of exile, migration, identity, and belonging across the shifting landscapes of the Mediterranean. The class will be conducted in French.

prereq: 3101W","3","3","No","1","3","OPT - Student Option","002715","Fall Odd Year"
"FREN","3621","Consuming French Culture and Cuisine","Twin Cities","This May session class in beautiful Montpellier France aims to explore Brillat-Savarin's notion of ""Tell me what you eat and I'll tell you what you are."" The course examines, through excursions, readings, and discussion, the relationship of food to culture in a place where food is a privileged cultural medium—one could say almost a national pastime. The seminar is not designed as a gastronomic tour but rather as an introduction to French culture in a particular space and through the foods that it produces; a study of the social contexts in which food is prepared and eaten; and a discussion of the cultural myths and realities embodied in food—in short, how food and Frenchness (francité) are intertwined.","3","3","No","1","3","OPT - Student Option","013548","Periodic Summer"
"FREN","3721","Consuming French Culture and Cuisine","Twin Cities","This May session class in beautiful Montpellier France aims to explore Brillat-Savarin's notion of ""Tell me what you eat and I'll tell you what you are."" The course examines, through excursions, readings, and discussion, the relationship of food to culture in a place where food is a privileged cultural medium—one could say almost a national pastime. The seminar is not designed as a gastronomic tour but rather as an introduction to French culture in a particular space and through the foods that it produces; a study of the social contexts in which food is prepared and eaten; and a discussion of the cultural myths and realities embodied in food—in short, how food and Frenchness (francité) are intertwined.","3","3","No","1","3","OPT - Student Option","-","Periodic Summer"
"FREN","3861","The Francophone World in Film : West and Central Africa and the French Caribbean","Twin Cities","This course focuses on films representing peoples and cultures from Francophone Africa south of Sahara, the French Caribbean as well as black populations in France. It explores historical developments, cultures, and current issues facing the above populations through a set of contemporary films that stand out both for their exceptional aesthetic quality as well as their remarkable ability to confront pressing political and social issues. We will first discuss the ways in which visual media from the west have contributed to creating and perpetuating dominant tropes concerning black peoples, looking especially at the contribution of colonial imagery to the creation of such perceptions. We will subsequently examine the emergence of film-making in Africa before focusing on films by black directors from West and Central Africa, France, and the French Caribbean. Issues explored include migration, race, the colonial legacy, postcolonial identities, gender, sexuality, globalization, and development. The course is taught in French.

prereq: FREN 3016","3","3","No","1","3","OPT - Student Option","-","Spring Odd Year"
"FRIT","1601","Migrants and Refugees in Mediterranean Cinema","Twin Cities","This course deals with films made in France, Spain, Italy, the Maghreb (Morocco, Algeria, and Tunisia), sub-Saharan Africa and the Levant (mostly Syria). All of the films tackle migration and most of them deal with the crossing of the Mediterranean  Sea in particular. It focuses on how migrants, regular and clandestine migrations, as well as related themes, including globalization, hospitality and transnational modes of transportation have been filmed, discussed and written about in various types of discourses. 

Why and how do people emigrate? Where are the major destinations of migrants? What is Fortress Europe? What is the “global South?” What is the so-called refugee crisis? Who is a refugee? What impact has the Arab Spring had on contemporary migrations to Europe? How does mass media portray the global South? What do political discourses tell us about the European and North African handlings of recent human migratory movements? Can artists effectively put forward an alternate take on such issues? What types of responses in artistic productions as well as in the political and humanitarian arenas have failed attempts at crossing the Mediterranean Sea triggered? These are some of the questions we will address. Among the films that we will analyze—all shown in class—are Chus Gutiérrez’s Return to Hansala, Reem Kherici’s Paris or Perish, Ismaël Ferroukhi’s The Grand Voyage and Gianfranco Rosi’s Fire at Sea. 

All films have English subtitles. The class will be conducted in English.","3","3","No","1","3","OPT - Student Option","-","Periodic Spring"
"FRIT","3801","Rome and Paris at the Movies","Twin Cities","Rome and Paris at the Movies: Film, Politics, and Space invites you to analyze film and media as cultural expressions shaped by history, politics, and society. Together, we will explore how cinematic representations of two iconic European capitals—Rome and Paris—construct particular experiences of space, place, community, and history, and why these representations matter both locally and globally.","3","3","No","1","3","AFV - A-F or Audit","-","Periodic Fall & Spring"
"FSCN","1251","Chocolate Unwrapped: How Science Turns Cacao into  Delight","Twin Cities","From tropical cacao pods to the chocolate bars lining store shelves, chocolate’s journey is a rich fusion of science, culture, and global systems. Chocolate Unwrapped introduces students to the biological, chemical, and physical transformations that convert raw cacao seeds into one of the world’s most cherished foods. Through engaging lectures, guided tastings, and discussions, students explore how fermentation, roasting, conching, and tempering shape chocolate’s flavor, texture, and quality. 

Equally central to the course is chocolate’s global story, its origins in ancient Mesoamerican civilizations, its evolution through European industrialization, and its current role as a complex global commodity. Students investigate ethical and sustainability issues in cacao farming, including labor practices, trade inequities, and environmental impacts, while considering how consumer choices influence global food systems. 

Designed for non-science majors, this course blends accessible scientific inquiry with cultural, historical, and ethical perspectives, empowering students to connect food technology with its broader societal implications. By the end of the course, students will have a deeper appreciation for how science transforms cacao into delight and how that transformation shapes the world. ","3","3","No","1","3","A-F - A-F Grade Basis","-","Every Fall"
"FSCN","2512","Food Customs and Culture","Twin Cities","Account of traditional and contemporary food customs and culture. Practice of food choice, preparation, and preservation in the context of worldview, perspectives on diet and health, and belief systems of communities and societies around the world. Major emphasis on US cultures including Native American, Hispanic American, European American, African American, and Asian American. Development of cultural self-understanding and intercultural awareness via food and food habits-related experiences and reflections. ","3","3","No","1","3","AFV - A-F or Audit","-","Every Fall & Spring"
"FSCN","2512H","Food Customs and Culture - Honors","Twin Cities","Account of traditional and contemporary food customs and culture. Practice of food choice, preparation, and preservation in the context of worldview, perspectives on diet and health, and belief systems of communities and societies around the world. Major emphasis on US cultures including Native American, Hispanic American, European American, African American, and Asian American. Development of cultural self-understanding and intercultural awareness via food and food habits-related experiences and reflections. ","3","3","No","1","3","A-F - A-F Grade Basis","000585","Every Fall & Spring"
"FSOS","4158","Thailand: Global Change, Communities and Families","Twin Cities","This interdisciplinary course uses social justice and human ecological lenses to examine global change that is occurring at the intersections among Thailand's natural environment, communities, families, and culture. Topics include globalization, human trafficking, education, religion, environmental issues, and cultural integration/identity formation, particularly among indigenous populations in northern Thailand. Students interact with key community leaders, village leaders, elders, and students who serve as teachers; this leads to critical understanding of Thai culture and the contemporary issues faced by Thailand's families and communities. Through journaling, digital stories, blogging, and discussions, students will synthesize, integrate, apply, and communicate what they've learned.","3","3","No","1","3","A-F - A-F Grade Basis","-","Periodic Spring"
"GEOG","1301W","Our Globalizing World","Twin Cities","Introduction to geographical understandings of globalization and of connections/differences between places.","3","3","No","1","3","OPT - Student Option","-","Every Fall, Spring & Summer"
"GEOG","1372","Geography of Global Cities","Twin Cities","Urban forms/processes. Uses key global cities as examples.  Political, historical, and economic contexts of cities. Planning ideologies. Globalization. Race/segregation. Population growth. Environmental problems. Current issues in global urbanization.","3","3","No","1","3","OPT - Student Option","-","Every Fall"
"GEOG","3145","The Islamic World: A Global Introduction","Twin Cities","The Islamic World provides a comprehensive introduction on Islam from its inception to today. The course’s journey begins with Islam’s dawn in the small desert oasis of Mecca in the Arabian peninsula over 14 centuries ago to today when it is a worldwide faith. One hundred years from its inception, Islam spread to what is today Syria, Iraq, the Horn of Africa, North Africa, and across the Mediterranean Sea. Central Asia, the Indian subcontinent, and Anatolia (Turkey) came under the sway of Islam leading to the emergence of three major Islamic civilization that dominated and enlightened the old world for several centuries. This era came to an end with the rise of Capitalist Europe and its colonization of much of the world including Muslim societies. Like many colonized peoples, Muslims threw the yoke of colonialism and joined the postcolonial World. Beyond this historical geographic survey, the course examines the Muslim World’s relationships with the West, democracy, and development. It will also explore how Muslim and Islam engage the seemingly contemporary topics such as human rights, gender relations, the monumental environmental crisis of our time, the war on terror and the terror of war, and the Palestinian-Israeli conflict. Soo Dhawoow (Welcome).","3","3","No","1","3","OPT - Student Option","-","Every Fall"
"GEOG","3161","How the World Made Europe","Twin Cities","It is impossible to think about the contemporary world without the lasting impact Europe has had on it. But what are the deeper reasons for Europe to emerge as a dominant region from the late Middle Ages onwards? Why has Europe recently found itself in profound economic and political, even existential crisis? Historical geography provides answers. Divided by landscape, language, religion, and war, European empires imposed the state-form, capitalism, and their cultures on the rest of the world. European societies even became the supposed standard for how all humanity is meant to live. But there have always been cracks in this success story. The project of the European Union promised peace and prosperity for half a billion people but faces unprecedented challenges, from Brexit, the Ukraine war, and the return of state racism to climate change and covid. This course will guide you through Europe?s general historical characteristics to understand how it shaped globalization.","3","3","No","1","3","OPT - Student Option","-","Fall Even Year"
"GEOG","3331","Geography of the World Economy","Twin Cities","An invisible, not-quite-dead, not-quite-alive entity—the coronavirus—forced us, rudely and tragically, to reckon with space. As we try and maintain social distance from other bodies, wear masks to disrupt the virus’ pathways of diffusion, confront shortages in grocery stores, home supply outlets, and car dealerships, adjust to interruptions in many services, and either choose to, or are forced to stay at home, in our cities, in our countries, we are thinking and acting spatially. And we are reminded that “stuff”—food, medicines, toilet paper—reaches us often through geographically extensive and logistically intricate webs of economic production and distribution.

We will learn what it means to think geographically about the capitalist economy as a spatial, relational formation. In doing so, we will challenge dominant ways of understanding and analyzing the economy, and of what counts as economic. We will also examine two simultaneous aspects of the world economy—fixity and flow. On the one hand, the economy propels and is propelled by flows—of goods, of services, of people, of labor, and of finance. On the other hand, physical infrastructures are rooted in place on the earth. After all, even the digital worlds of Facebook, Google, and Amazon are enabled by vast server farms. The course will also highlight the production and proliferation of inequalities—between social groups, states, countries, and regions—in and by the world economy. In fact, we will ask: Is economic unevenness a mere byproduct of capitalist economic growth, or the condition of possibility for it? Finally, we will discuss the relationships between global phenomena and local events. Crises like global climate change, overflows of waste matter, COVID19, and the 2008 financial meltdown make it clear that the global and the local are intimately entangled. Not only do global events impact individual livelihoods, including yours and mine, but economic jitters in one place can escalate, sending shockwaves across the world.
","3","3","No","1","3","OPT - Student Option","-","Every Fall"
"GEOG","3373","Changing Form of the City","Twin Cities","Urban origins, ancient cultures/cities, the medieval city, rediscovery of planning, colonial cities. Industrialization and urban expansion. Speculative cities, utopian cities, planning triumphs/disasters. Cities as reflections of society, culture, the past.","3","3","No","1","3","OPT - Student Option","-","Every Spring"
"GEOG","3381W","Population in an Interacting World","Twin Cities","Comparative analysis and explanation of trends in fertility, mortality, internal and international migration in different parts of the world; world population problems; population policies; theories of population growth; impact of population growth on food supply and the environment.","3","3","No","1","4","OPT - Student Option","-","Every Fall, Spring & Summer"
"GER","3601","German Medieval Literature","Twin Cities","Literary investigation of the greatest works of medieval German poetry. Readings in English.  Majors will be required to write a paper with  use of secondary sources in English and German.

prereq: No knowledge of German required","3","3","No","1","3","OPT - Student Option","-","Fall Odd, Spring Even Year"
"GER","3604W","Introduction to German Cinema","Twin Cities","This course explores the history of German cinema—and cinema in Germany—from the 1890s into the 21st century. Including classics of German film such as Fritz Lang's Metropolis and Rainer Werner Fassbinder's The Marriage of Maria Braun, as well as lesser-known films, we will consider the intersection of film aesthetics, technology, and politics across Germany's turbulent history, while at the same time developing skills in close looking and film analysis. Topics to be discussed include the aesthetics of Expressionist cinema, the growth of the metropolis, the ""New Woman"" as film viewer and filmmaker, Leftist and anti-fascist cinema, postwar film culture in East and West Germany, and identity, belonging, and transnationalism in post-unification cinema. The language of instruction and readings will be in English, with additional reading assignments in German for interested students.

Class discussions, readings, and assignments will all be in English, with additional German-language texts available for interested students. Please note that this course does not permit the use of generative algorithms for any reason (this includes ChatGPT, Co-Pilot, Gemini, and any other so-called AI application, including those used to summarize readings). Students will therefore be graded primarily on oral participation and hand-written exams and assignments.","3","3","No","1","3","OPT - Student Option","-","Fall Even, Spring Odd Year"
"GER","3633","The Holocaust: Memory, Narrative, History","Twin Cities","Decades after the end of the second world war, the Holocaust continues to play a formative role in public discourse about the past in Germany and Austria. As the event itself recedes into the past, our knowledge about the Holocaust has become increasingly shaped by literary and filmic representations of it. This course has several objectives: first, to deepen students' historical knowledge of the events and experiences of the Holocaust, and at the same time to introduce critical models for examining the relationship between personal experience, historical events, and forms of representation. This class will introduce students to the debates about the politics of memory and the artistic representation of the Holocaust, with special focus on public debates about the complex ways in which Holocaust memory surfaces in contemporary Germany and Austria, and by the accrual of layers of text and discourse about the Holocaust. We will explore the controversies and debates about public Holocaust memorialization in Germany, Austria, and the U.S. We will also explore the complex interplay between documentary and fictional accounts of the Holocaust, with attention paid to literary and film texts that challenge and ""remediate"" the limits of Holocaust representation. Additional topics will include Holocaust testimony; Holocaust memoirs, and 2nd and 3rd generation Holocaust literature, the Historians' Debate of the 1980s.

No knowledge of German required.","3","3","No","1","3","OPT - Student Option","-","Periodic Fall & Spring"
"GER","3641","German Folklore","Twin Cities","Literary and cultural investigation of the main folklore genres: charms, legends, folktales, and ballads; their composition, origin, and role in society with a strong emphasis on their international character. Readings in English.  Majors required to write a paper with use of secondary sources in English and German.

prereq: No knowledge of German required; cr for major or minor by arrangement with instructor","3","3","No","1","3","OPT - Student Option","-","Fall Even, Spring Odd Year"
"GER","3642","Breaking the Spell: Analyzing Fairy Tales","Twin Cities","From wolves to witches, Rumpelstiltskin to Rapunzel, the fairy-tale tradition of the German-speaking world is filled with rich imagery, familiar themes, and political and social subversion. Of enduring popularity and as constant subjects of reimagination and revitalization, these tales and their retellings serve as a unique lens through which to view the social, political, and cultural contexts in which they were produced. Through a carefully curated selection of Grimms’ tales, we have the opportunity to discuss tales in depth. We discuss the transformation of the Grimms’ tales from the oral tradition of storytelling told in spinning rooms, saloons, while doing domestic chores to stories told to (and for) children, raising anti-French sentiment during the Napoleonic wars, teaching morality and gender norms. With an eye to underlying perceptions and values regarding class, race, gender, nation, nature, religion, and society, both in the first half of the 19th century and in recent years, we will critically engage with these works and contextualize them within a variety of theoretical frameworks. Our investigations will center on tales in a variety of media forms (including literature, film and television) and from a diverse array of voices (in gender, race and sexuality). In recognizing and analyzing the tale’s influences in literature, film, poetry, and pop culture, we will begin to appreciate the fairy tale’s enduring legacy and its place within the literary and cultural history of the German-speaking world and beyond. 

No prior knowledge of German is required. All readings will be provided in English translation.","3","3","No","1","3","OPT - Student Option","-","Periodic Spring"
"GLBT","3404","Transnational Sexualities","Twin Cities","Lesbian/gay lives throughout world. Culturally-specific/transcultural aspects of lesbian/gay identity formation, political struggles, community involvement, and global networking. Lesbian/gay life in areas other than Europe and the United States.","3","3","No","1","3","OPT - Student Option","-","Periodic Fall & Spring"
"GLBT","4415","Transnational Body Politics","Twin Cities","Our bodies are always already modified. How we shape our bodies can express our deepest feelings about who we are. Body modification can also represent cultural and subcultural identifications or expectations based on gender, race, class, and sexuality. But what we do with our bodies is never separate from the politics of cultural difference and fluctuating ideas of what is acceptable or unacceptable, civilized or uncivilized. These ideas are historically and culturally specific. This course looks at body modification on a transnational scale to ask how we come to know what differentiates ""mutilation"" from ""correction."" We ask how feminist, queer and critical race theories illuminate these debates, reading across historical, anthropological, medical, and literary texts. Weekly topics include gender, race, and cosmetic surgery; skin whitening technologies; transnational gender reassignment; surgical tourism; female genital cutting; piercing, tattooing and scarification; the cultural politics of hair; and body modification in the context of transnational feminized labor. ","3","3","No","1","3","A-F - A-F Grade Basis","-","Periodic Fall & Spring"
"GLOS","1015W","Globalization: Issues and Challenges","Twin Cities","Increased global interconnections over past 50 years. Impact of information revolution on human rights, economic inequality, ecological challenges, and decolonization. Comparative cases from Asia, Africa, Latin America, or Middle East.","4","4","No","1","4","OPT - Student Option","-","Every Fall & Spring"
"GLOS","1112","Social Justice Across Borders","Twin Cities","Students will explore the ideas and practices of social justice movements and how those movements shape people’s lived experiences in the world.  This class will consider examples of effective cause-based movements to advance fairness and dignity on topics such as workers? rights, environmental justice, racial and gender equality, and human rights. Students will work together on a current social justice issue -- with both local and global implications -- designing their own responses to that issue.  Through this hands-on case study, we will unpack the tools and strategies of social justice movements, use interdisciplinary perspectives to investigate structural causes and key actors, imagine what change would look like and identify tactics for bringing about that change. Community activists, artists, and advocates will be regular visitors to the class and available to students.","3","3","No","1","3","A-F - A-F Grade Basis","-","Every Spring"
"GLOS","1359","Fascism and Anti-Fascism: Global History, Global Presents","Twin Cities","Ever since it emerged as a political ideology and a societal force in the aftermath of the First World War, fascism (and the opposition to it) have had an immense influence on the global geopolitical stage. Fascism inspired its followers to enact cataclysmic violent acts and it mobilized mass movements of resistance against it. It created a political language and norms that shaped the entire spectrum of ideological beliefs. Reckoning with its destructive impact led to the rise of a collective sensibility that remains on alert to its looming dangers. 

Though it emerged in a particular historical context, fascism has proven to be highly adaptive across diverse geographies and time periods, and it continues to this day to pose genuine threats to societies throughout the world. The anti-fascist opposition that rises against it is similarly formed around a coherent political paradigm while remaining flexibly responsive to political, societal and cultural environments.

This course examines fascism and anti-fascism as historical phenomena that echo loudly in our day and age. We will begin the semester by exploring various ways in which scholars have defined fascism to try to understand why diagnosing it remains a contested political question. We will then read closely into historical examples of fascist practices throughout the twentieth century, from the Italian prototype, through the epitomizing model of Nazi Germany, to Latin American dictatorships in the Cold War era. We will then examine how people and movements throughout the globe and in different moments in time sought to dismantle fascism and its violence through antifascist action. 

Towards the end of the semester, we will use the perspectives we gained throughout the course and apply them to discussions about our current political crises. An important component of this course is the focus on fascism and anti-fascism as global structures that are informed both by immediate local conditions and by transnational exchanges.","3","3","No","1","3","OPT - Student Option","-","Periodic Fall & Spring"
"GLOS","3231","Geography of the World Economy","Twin Cities","Geographical distribution of resources affecting development. Location of agriculture, industry, services. Agglomeration of economic activities, urbanization, regional growth. International trade. Changing global development inequalities. Impact on nations, regions, cities.","3","3","No","1","3","OPT - Student Option","-","Every Fall"
"GLOS","3401W","International Human Rights Law","Twin Cities","This course presents an introductory overview of the idea of human rights, its social and legal foundations and contemporary global issues.  In the class, students will learn about the laws and procedures designed to protect the human rights of individuals and groups, with a special focus on the United Nations system. The course explores the conceptual underpinnings of human rights such as who is eligible to have rights, where those rights come from and who is responsible for guaranteeing them.  Students will learn about how international laws are made and interpreted, and will consider the geo-political context which shapes human rights laws and procedures. Because of the evolving nature of the laws and issues in this field, students are encouraged to think analytically and ethically about how to address the many human rights challenges in the world today.  The course will cover current human rights issues, including the right to health care, housing and other economic and social rights; and the right to life, freedom from torture and other civil and political rights. The course is writing intensive. The required paper for the class is a model complaint to the United Nations about a country and issue of the student's choosing. The class invites discussion and uses class exercises to engage students in the course material by shaping arguments for various legal fora. ","3","3","No","1","3","AFV - A-F or Audit","-","Every Fall"
"GLOS","3609","Novels and Nations","Twin Cities","How do emerging and postcolonial nations enlist fiction in their claims to sovereignty and autonomy? How do the novel's literary techniques and strategies perform a unique brand of political and social critique vis a vis nations and nationalisms? We will focus on novels from a variety of national contexts from the Global North and South to show how literary analysis can be a companion to the social sciences in illuminating the historical and social contexts of the nation-state. In addition, we will consider the function of literature in allowing stateless nations to imagine a shared connection. We will also focus on the inner workings of the novel in order to understand the conventions and mechanisms of the genre and how it interconnects with related forms such as cinema, performance, and the visual arts.  ","3","3","No","1","3","OPT - Student Option","-","Periodic Fall"
"GLOS","3613W","Stuffed and Starved: The Politics of Eating","Twin Cities","This course takes a cross-cultural, historical, and transnational perspective to the study of the global food system. Themes explored include: different cultural and social meanings attached to food; social class and consumption; the global food economy; global food chains; work in the food sector; the alternative food movement; food justice; environmental consequences of food production.","3","3","No","1","3","AFV - A-F or Audit","-","Periodic Fall & Spring"
"GLOS","3705","Migrations: People in Motion","Twin Cities","Students in this course will tackle debates related to migration from a variety of disciplinary perspectives and will compare and connect diverse migration trends around the world (Asia, Africa, Latin America, and North America). Students will critically engage with various paradigms on the geopolitical, racial, and gender power dynamics that anchor migration processes and outcomes. Why would the movement of individuals from some parts of the world (often from the least developed regions to the highly developed Western nations) create such strong and highly charged debates? How are cross border social and economic relations of individuals and households maintained and perpetuated? What are particular governments doing to either encourage or hinder these movements? How are current migrations different from earlier eras? Is this gendered, and if so, how and why? The objective of this course is to explore the above questions through academic and policy published literature.  

prereq: soph, jr, or sr","3","3","No","1","3","AFV - A-F or Audit","000595","Periodic Fall & Spring"
"GLOS","4221","Globalize This! Understanding Globalization Through Sociology","Twin Cities","From the city streets of Bangalore to the high plateaus of La Paz to the trading floors of New York City, people from around the world are becoming increasingly interdependent, creating new and revitalizing old forms of power and opportunity, exploitation and politics, social organizing and social justice. This course offers an overview of the processes that are forcing and encouraging people’s lives to intertwine economically, politically, and culturally.

SOC majors/minors must register A-F.","3","3","No","1","3","AFV - A-F or Audit","-","Periodic Spring"
"GSD","3681","Black Europe","Twin Cities","Europe is constantly associated with whiteness, yet Black people have existed in Northern and Central Europe (the contemporary spaces known as Germany, Austria, the Netherlands, Belgium, and Scandinavia) for centuries. To counter this imagined whiteness, students will be reading histories and Black authors’ experiences in these nations. A closer investigation will show that Black people have been traveling to Europe (willingly and unwillingly) for centuries. While Afro-Europeans remain at the margins of these nations, they find avenues to survive and thrive in the face of microaggressions and racism. As the semester progresses, we will examine the following questions: What is daily life like in a majority white country? In what ways are these authors included or excluded from national discourses? What ways do they bring attention to anti-Blackness in their local contexts? How do they define home and belonging? These questions will help us understand the imagined citizens of Central Europe and the people trying to tear these false images down.","3","3","No","1","3","OPT - Student Option","-","Spring Even Year"
"GWSS","1003W","Women Write the World","Twin Cities","Concepts in literary studies. Poems, plays, short stories, novels, essays, letters by women from different parts of world. Focuses on lives, experiences, and literary expression of women, including basic concepts of women's studies.","3","3","No","1","3","OPT - Student Option","-","Every Fall"
"GWSS","3003","Gender and Global Politics","Twin Cities","Similarities/differences in women's experiences throughout world, from cross-cultural/historical perspective. Uses range of reading materials/media (feminist scholarship, fiction, film, news media, oral history, autobiography).","3","3","No","1","3","OPT - Student Option","-","Every Fall, Spring & Summer"
"GWSS","3404","Transnational Sexualities","Twin Cities","Lesbian/gay lives throughout world. Culturally-specific/transcultural aspects of lesbian/gay identity formation, political struggles, community involvement, and global networking. Lesbian/gay life in areas other than Europe and the United States.","3","3","No","1","3","OPT - Student Option","-","Fall Odd, Spring Even Year"
"GWSS","3406","Gender, Labor, and Politics","Twin Cities","Historical developments/contemporary manifestations of women's participation in labor force/global economy. Gender as condition for creation/maintenance of exploitable category of workers. How women's choices are shaped in various locations. Women's labor organizing.

GWSS / Gender, Women, and Sexuality Studies / Gender Studies ","3","3","No","1","3","OPT - Student Option","-","Every Fall"
"GWSS","3406H","Honors: Gender, Work, Labor","Twin Cities","Historical developments/contemporary manifestations of women's participation in labor force/global economy. Gender as condition for creation/maintenance of exploitable category of workers. How women's choices are shaped in various locations. Women's labor organizing.","3","3","No","1","3","A-F - A-F Grade Basis","000571","Every Fall"
"GWSS","3515","Comparative Indigenous Feminisms of The Americas","Twin Cities","This course will critically and closely engage with indigenous feminisms in the Americas.  What does it mean to be an intersectional indigenous feminist? How are indigenous womyn activists, cultural workers, and intellectuals throughout the Americas theorizing and critiquing the production of gender, gender roles, heterosexualism, patriarchy, and anti-Indigenous racism? How are rape and conquest tied to the emergence of patriarchy and the sexualization and violence committed against indigenous womyn’s bodies and queer bodies? This course will consider these questions from indigenous queer and feminist perspectives. Initially, we will set out to understand how the colonization of indigenous peoples in the Americas influenced past and contemporary understandings of race and otherness on the continent. We will analyze how European explorers codified indigenous bodies as different and drew binaries between themselves and indigenous peoples as racial others. We will explore how violence committed against indigenous bodies solidified ideas about indigeneity and how exploitation in colonial institutions turned indigenous bodies into commodities. Additionally, we will consider how colonization and colonial institutions racialized indigenous bodies through sexual violence and rape. Furthermore, we will consider how the imposition of patriarchy and the importation of capitalism established a Eurocentric colonial gender system, which disrupted broader pre-colonial indigenous ideas about gender and sexuality. On the one hand, the gender binary stripped indigenous womyn of their political power and voice by relegating them to the domestic sphere, and, on the other, the new system negated indigenous genders and gender roles, which fell outside of the binary, consequently erasing the existence and validity of queer indigenous people. We will engage with decolonial feminist voices to further our understanding of the impact of pre-colonial conceptualizations of gender and sexuality. 
The course will examine the relationship between Western feminism and indigenous feminism, as well as the interconnections between womyn of color feminism and indigenous feminism. In addition to exploring how indigenous feminists have theorized from ""the flesh"" of their embodied experience of colonialism, the course will also consider how indigenous womyn are articulating decolonization and the embodiment of autonomy through scholarship, cultural revitalization, and activism.  ","3","3","No","1","3","OPT - Student Option","-","Periodic Fall & Spring"
"GWSS","4103","Transnational Feminist Theories","Twin Cities","Western/non-Western feminist theories in conversation. Historical, cultural, political context. Relation of theory to activism.","3","3","No","1","3","OPT - Student Option","-","Periodic Fall & Spring"
"GWSS","4415","Transnational Body Politics","Twin Cities","Our bodies are always already modified. How we shape our bodies can express our deepest feelings about who we are. Body modification can also represent cultural and subcultural identifications or expectations based on gender, race, class, and sexuality. But what we do with our bodies is never separate from the politics of cultural difference and fluctuating ideas of what is acceptable or unacceptable, civilized or uncivilized. These ideas are historically and culturally specific. This course looks at body modification on a transnational scale to ask how we come to know what differentiates ""mutilation"" from ""correction."" We ask how feminist, queer, and critical race theories illuminate these debates, reading across historical, anthropological, medical and literary texts. Weekly topics include gender, race and cosmetic surgery; skin whitening technologies; transnational gender reassignment; surgical tourism; female genital cutting; piercing, tattooing and scarification; the cultural politics of hair; and body modification in the context of transnational feminized labor.","3","3","No","1","3","A-F - A-F Grade Basis","-","Periodic Fall & Spring"
"HIST","1012W","The Age of Revolution, Capitalism, and Empire","Twin Cities","The course objective is to understand through the study of the past those forces and dynamics operating in the world, whose origins can be traced to the eighteenth and nineteenth centuries, that drove (and continue to drive) social, economic, cultural, and political change. Understanding these forces will allow you to see how you are not just a spectator before grand events but also a subject of history.
","4","4","No","1","4","OPT - Student Option","002059","Every Spring"
"HIST","1015W","The Global History of the Twentieth Century","Twin Cities","This course offers a rigorous exploration of the human past through the turbulent transitions of the ""long twentieth century."" By tracing the evolution of global societies over this 122-year period, you will study the diverse beliefs, practices, and relationships—ranging from imperialist ideologies to revolutionary economic models—that have fundamentally shaped the modern human experience. The syllabus is structured specifically to highlight change over time, moving from the ""High Imperialism"" of the late 19th century through the ideological total wars of the mid-20th century, and finally to the fractured neoliberalism of the early 21st century. By situating these shifts in specific contexts, such as the collapse of the Gold Standard or the non-alignment movement in Bandung, you will learn that historical outcomes are never inevitable but are the products of complex human agency and structural constraints.

A central pillar of this course is the introduction and critical assessment of historical methods and concepts. You will not simply memorize dates but will engage with the conceptual frameworks of geopolitics, uneven development, and ideological conflict to produce nuanced historical knowledge. This interpretive work is driven by independent engagement with primary sources. Each week, you will be tasked with extracting meaning from diverse materials—from the imperialist poetry of Kipling to the revolutionary manifestos of Lenin and the populist rhetoric of 2016. Through these assignments, you will learn the ""craft"" of history, evaluating the uses and limitations of documents while recognizing that every source offers a specific, often biased perspective. Ultimately, the course empowers you to see history as a dynamic process of inquiry rather than a static collection of facts, helping you understand how historical knowledge is constructed and why its significance remains a site of constant debate.","3","3","No","1","3","AFV - A-F or Audit","-","Periodic Fall & Spring"
"HIST","1031W","Europe and the World: Expansion, Encounter, and Exchange to 1500","Twin Cities","Europe, from Hammurabi to Columbus. Heyday of ancient Near East, Late Middle Ages. Culture, European interactions with wider world through religion, conquest, and trade. Beginning of the age of discoveries.

prereq: Fr or soph or non-hist major","4","4","No","1","4","OPT - Student Option","002059","Every Fall"
"HIST","1032W","Europe and the World: Expansion, Encounter, and Exchange from 1500 to Present","Twin Cities","This course explores the social, economic, political, and cultural evolution of European societies in relation to their interactions with the rest of the world from the sixteenth century to the present. The course focuses on pivotal moments and transformations, such as the scientific, industrial, and political revolutions, as well as the emergence of modern ideologies like nationalism, socialism, capitalism, and fascism, and their impact on European overseas expansion and empires. The study of the origins, development, and demise of European empires is central to this course. This approach provides the essential foundation for understanding European history in relation to the wider world, as well as the social and political fabric of contemporary societies.","4","4","No","1","4","OPT - Student Option","002059","Periodic Fall & Spring"
"HIST","1081W","Martyrs, Monks, Crusaders: World Christianity, 100-1400","Twin Cities","This course surveys the history of Christianity from its status as a persecuted minority religion of the Roman Empire to its dominant role in medieval Europe and Byzantium. We study Christian traditions in Asia and Africa as well as Europe with special attention to the relationship between Christianity and culture in the ancient and medieval world.","4","4","No","1","4","OPT - Student Option","-","Fall Odd, Spring Even Year"
"HIST","1102","Medieval Tales and their Modern Echoes","Twin Cities","Knights of Round Table, dragon-slayers, magic djinn, pilgrims in Hell. How stories have been retold in modern fiction, film, arts. Texts from Europe/other regions of globe.","3","3","No","1","3","OPT - Student Option","-","Every Spring"
"HIST","1359","Fascism and Anti-Fascism: Global History, Global Presents","Twin Cities","Ever since it emerged as a political ideology and a societal force in the aftermath of the First World War, fascism (and the opposition to it) have had an immense influence on the global geopolitical stage. This course examines fascism and anti-fascism as historical phenomena that echo loudly in our day and age. We will begin the semester by exploring various ways in which scholars have defined fascism to try to understand why diagnosing it remains a contested political question. We will then read closely into historical examples of fascist practices throughout the twentieth century, from the Italian prototype, through the epitomizing model of Nazi Germany, to Latin American dictatorships in the Cold War era. We will then examine how people and movements throughout the globe and in different moments in time sought to dismantle fascism and its violence through anti-fascist action. Towards the end of the semester, we will use the perspectives we gained throughout the course and apply them to discussions about our current political crises. An important component of this course is the focus on fascism and anti-fascism as global structures that are informed both by immediate local conditions and by transnational exchanges.","3","3","No","1","3","OPT - Student Option","-","Periodic Fall & Spring"
"HIST","1463","An Introduction to Imperialism in Asia, 1850-Present","Twin Cities","Organized around a series of themes, this course will begin with a broad overview of imperialism in Asia before diving into economics of empire, technologies of imperialism, race and gender, nationalism and the end of empire, and neocolonialism. Throughout, the class will center the history of present-day China, India, Southeast Asia, and Japan, emphasizing whenever possible the perspectives of those impacted by empire rather than those perpetuating it. As such, assigned readings focus on primary sources supplemented by relevant secondary research, with optional readings providing significant breadth and depth for interested students seeking to delve further into their own interests or find new avenues of scholarly inquiry. All told, the histories included here represent some of the most significant events in recent centuries, but ones that often go overlooked in an academic context, covered only as a footnote in the histories of the West. Instead, this course will center the history of Asia and the voices of those impacted by imperialism, offering new perspectives on some of the most significant moments that shaped-and continue to shape-our contemporary world. 

Designed as an introductory course for those unfamiliar with the history of Asia, this class approaches a broad geographic and temporal range through case studies, diving deeply into crucial historical moments rather than providing an exhaustive overview of more than two centuries of Western imperialism. Simultaneously, this class will introduce students to the process of historical analysis itself using a substantial focus on primary sources, instructional time spent in libraries and archives, and a well-supported, intensive research essay process as a way to encourage them to think critically about the historical project while also honing their own historiographical skills. Overall, students will leave this course with a strong foundation in the history of Asia and the history of Western imperialism along with real practice “doing” history, preparing them for their future within the Department of History, at the University of Minnesota, and beyond. 
","3","3","No","1","3","OPT - Student Option","-","Periodic Spring"
"HIST","1931","The Monkey King and His Afterlives: Retelling the Story of A Chinese Novel","Twin Cities","In this course, we will look at both the sources for and the afterlives of the great Chinese novel, Xiyouji, sometimes translated into English as Journey to the West, and sometimes as Monkey or The Monkey King. The novel traces the journey of four pilgrims—a hapless monk, a mischievous monkey, a gluttonous pig, and a sand spirt—from China to India to gain Buddhist scriptures. They have many humorous adventures (there is nothing quite like humor to demonstrate the impermanence of things). The story of the Monkey King has been beloved by Chinese readers, theater goers, movie patrons, and television audiences for centuries. We will begin by reading a modern abridgement of the novel. We will look at questions such as: What is the nature of the humor in the novel? Why has the Monkey King been such a beloved figure in Chinese popular culture? What can we learn about Chinese society from this novel and its adaptations? All reading will be in English; no prior knowledge of Chinese culture is assumed.","3","3","No","1","3","A-F - A-F Grade Basis","001475","Periodic Fall & Spring"
"HIST","3052","Ancient Civilization: Greece","Twin Cities","A broad survey of ancient Greek culture and history from the third millennium B.C. to the death of Alexander the Great in 323 B.C.","3","3","No","1","3","OPT - Student Option","-","Every Fall, Spring & Summer"
"HIST","3081W","Martyrs, Monks, Crusaders: World Christianity, 100-1400","Twin Cities","This course surveys the history of Christianity from its status as a persecuted minority religion of the Roman Empire to its dominant role in medieval Europe and Byzantium. We study Christian traditions in Asia and Africa as well as Europe with special attention to the relationship between Christianity and culture in the ancient and medieval world.","4","4","No","1","4","OPT - Student Option","-","Fall Odd, Spring Even Year"
"HIST","3101","Introduction to Medieval History","Twin Cities","Europe from decline of Rome to early Renaissance. Politics, institutions, society, economy, and culture of Middle Ages.","3","3","No","1","3","OPT - Student Option","-","Every Fall, Spring & Summer"
"HIST","3102","Medieval Tales and their Modern Echoes","Twin Cities","Knights of Round Table, dragon-slayers, magic djinn, pilgrims in Hell. How stories have been retold in modern fiction, film, arts. Texts from Europe/other regions of globe.","3","3","No","1","3","OPT - Student Option","-","Every Spring"
"HIST","3151W","British History to the 17th Century","Twin Cities","The making of the English nation: Anglo-Saxons and Normans; development of English law and Parliament; Reformation and constitutional crisis; early Wales, Scotland, and Ireland.","4","4","No","1","4","OPT - Student Option","-","Every Fall"
"HIST","3152","British History From the Seventeenth Century","Twin Cities","Civil War, Revolution, and constitutional settlement. Industrialization and growth of democracy. Rise/decline of British Empire.","3","3","No","1","3","OPT - Student Option","-","Every Spring"
"HIST","3244","History of Eastern Europe","Twin Cities","History of Central and Eastern Europe from the late 18th century to modern times, culture and society, nationalism and formation of nation states, the Bolshevik Revolution, the fall of Austria-Hungary, the interwar period, fascism, World War II, Jews and antisemitism, state socialism after 1945, everyday life under socialism, the Cold War, and the post-socialist transition.","3","3","No","1","3","OPT - Student Option","-","Periodic Fall & Spring"
"HIST","3401W","Early Latin America to 1825","Twin Cities","Societies of Americas, Spain, and Portugal before contact. Interactions among Native Americans, African slaves, and Europeans, from colonization through independence. Religion, resistance, labor, gender, race. Primary sources, historical scholarship.","4","4","No","1","4","AFV - A-F or Audit","-","Every Fall & Spring"
"HIST","3402W","Modern Latin America 1825 to Present","Twin Cities","National and contemporary period 1825 to present, with emphasis on social, cultural, political, and economic change.","4","4","No","1","4","OPT - Student Option","-","Every Fall, Spring & Summer"
"HIST","3415","Migrations in Modern Global History","Twin Cities","This is a liberal education course that emphasizes particular learning outcomes while developing students’ historical and global perspectives. The purpose of HIST 3415 is dispel the impression, common among students, that North America is in some sense unique in its long history of international migrations. The course examines a history of human mobility that stretches from the earliest days of human life on earth down to the present and that begins in Africa before extending to case studies of migrants living and adapting to new social, cultural, and physical environments in every part of the world. Along the way, it introduces students to the intersection of history, humanities and social sciences as ways of knowing about the past and analyzing the present and encourages students to encounter, evaluate, and interpret the past through the use of primary sources.  ","3","3","No","1","3","OPT - Student Option","-","Periodic Fall & Spring"
"HIST","3426","Piracy in the Mediterranean: The World of Merchants and Pirates","Twin Cities","This course will use the vehicle of piracy and privateering in the Mediterranean world to explore issues of cross-cultural interaction, global connections, and identity from earliest times when people took to the sea to the Middle Ages through the early modern era, 500-1800. Wherever there was trade, wherever there was movement on the seas, there was piracy. Recent scholarship on the Mediterranean has focused on connectivities, micro-environments, the uniqueness of islands, and various climatic spheres in a geographic tradition that follows the path-breaking work of Fernand Braudel. This course will consider the urban and rural dimensions of the Mediterranean region as they relate to the history of merchants and pirates. Finally, the political and military aspects of Mediterranean history will be examined. There was a continuum from piracy to privateering to war. Students should gain a deeper understanding of a region that continues to fascinate us today.","3","3","No","1","3","OPN - Student Option No Audit","-","Spring Odd Year"
"HIST","3429","Latin American History in Film and Text","Twin Cities","Cinematic representations of Latin America in context of other historical/literary narratives. Experiences of Latinos in Hollywood. U.S. films compared with those produced in Latin America. Themes vary (e.g., women, revolution, colonialism).","3","3","No","1","3","OPT - Student Option","-","Periodic Fall, Spring & Summer"
"HIST","3431","Early Africa and Its Global Connections","Twin Cities","This course offers a general, introductory survey of African history from the earliest times to around 1860. You need have no prior knowledge of the subject, just interest and enthusiasm. We will explore Africa’s rich and diverse pre-colonial past, paying particular attention to material and social change and the ways in which both ruling elites and “ordinary” men and women—farmers, herders, traders, slaves—helped to shape their worlds.

Given the vast chronological and geographic scope of the continent, our coverage will necessarily be selective. Rather than attempting to cover everything, the course highlights major themes and case studies that illuminate broader patterns and transformations. Topics include climate and environment, migration and settlement, material culture, state formation, trade networks, slavery and the slave trade, and the spread and influence of Islam and Christianity.

Students will also be introduced to the methods historians use to reconstruct Africa’s early past, including oral traditions, archaeology, linguistics, and anthropology. By the end of the course, students will have developed a strong methodological and historiographical foundation for understanding African history and situating specific events and processes within larger regional and global contexts.","3","3","No","1","3","OPT - Student Option","-","Periodic Fall & Spring"
"HIST","3432","Modern Africa in a Changing World","Twin Cities","Survey of modern African history from early 19th century to present. Focuses on socioeconomic, political, and cultural development in Africa, from abolition of trans-Atlantic slave trade through postcolonial era.","3","4","No","1","4","OPT - Student Option","-","Every Fall, Spring & Summer"
"HIST","3433","Images of Africa","Twin Cities","Major themes in African history, from early human development to present.  History of western ""knowledge"" about Africa. Assumptions that have influenced production of African history. Extent to which African history is ""packaged"" for public consumption inside/outside Africa. How history is used to support modern political agendas.","3","3","No","1","3","OPT - Student Option","-","Periodic Fall & Spring"
"HIST","3435","History of South Africa from 1910: Anti-Racism, Youth Politics, Pandemics & Gender (Based Violence)","Twin Cities","We are all living in extraordinary times. But what does that mean? In South Africa, we have seen the COVID-19 pandemic and the measures implemented to control it causing massive social upheaval and personal distress. It has forced the people in the country to confront issues that life prior to the pandemic had made easy to turn away from. Misogyny, gender based violence and sexual violence – a long-standing emergency in the south of Africa – have been forced into our vision once again. It was not the pandemic that created this violence. Nor was it the first time people had been outraged by a lack of action to address it. In the years approaching 2020, calls, protests and demonstrations were increasingly demanding the culture of impunity in gender based violence be ended; sometime with violent outcomes against the protestors themselves. Over those same years, nationwide protests have rocked South Africa’s university campuses. The student movements known as #RhodesMustFall, #FeesMustFall and #RUReferenceList highlight the contrasts and disappointments of the recent past in South Africa, confront the legacy of racism and misogyny in its institutions and knowledge systems, and resonate with a history of anti-racism and struggle that now, in turn, similarly fuel the on-going Black Lives Matter and #MeToo movements worldwide.","3","3","No","1","3","OPT - Student Option","-","Periodic Fall"
"HIST","3449","Philosophies for Change: Ancient Chinese Thought and Intellectual History","Twin Cities","How should we build a better world, especially when it seems to be falling apart into social instability and moral degeneration? What measures should a government take to ensure it survives? What should be the purpose and role of the state? How do we define human nature and use this knowledge to build a better society? What obligations do we have for fellow human beings? What makes a moral person (should we even care about morality)? Could it be that such artificial things as states, institutions, and customs constructed by humans themselves are the source of problems? These are some of the questions asked by ancient Chinese thinkers who lived in arguably the most divisive and violent eras in ancient China, the Spring and Autumn (Chunqiu春秋770-481 BCE) and the Warring States (Zhanguo戰國475-221 BCE ) periods. Sensing that they are living in a collapsing society, which will have to be reinvented and rebuilt, the thinkers of ancient China fiercely debated the best methodologies and models for restoring socio-political order, enriching the lives of people, and thereby ushering in the new age of peaceful prosperity. In this class, we will read the works of the most innovative thinkers to emerge in this period, leading up to the critical historical event that they were yet to foresee: the first unification of China (221 BCE) by the Qin Dynasty (秦221-207BCE).
Each week, we will explore different thinkers who set the stage for the future cultural, political, and intellectual development of East Asian civilizations. By the end of the course, you will have developed your own understanding of the major philosophers of ancient China, such as Confucius 孔子, Mozi 墨子, Mencius 孟子, Xunzi荀子, Hanfeizi韓非子, Laozi老子, Zhuangzi莊子, Mozi墨子, and Sunzi孫子. The course will conclude with the Former Han (前漢206BCE-221CE) synthesis of classical thoughts. Aside from philosophical texts, we will also read a few other kinds of historical documents, including some chapters drawn from the Records of the Grand Historian (Shiji史記), the first comprehensive history of China written by Sima Qian 司馬遷 (145-86BCE). By exploring various thinkers’ views and visions of the ideal human being and society, we will discover both the universality and diversity of human thought across time and place. The wealth of perspectives offered by the most creative and innovative thinkers of this foundational period of Chinese history will offer valuable insights into alternative ways of approaching and tackling the problems we face in our own daily lives and in society at large.             ","3","3","No","1","3","OPT - Student Option","-","Periodic Fall & Spring"
"HIST","3455","West African History: 1800 to Present","Twin Cities","West African history from late-18th century to present. Themes include study of continuities with past. Profound changes including new 19th century state formation, European colonialism, post-colonial issues.","3","3","No","1","3","OPT - Student Option","-","Every Spring"
"HIST","3456","Social and Intellectual Movements in the African Diaspora","Twin Cities","Political, cultural, historical linkages between Africans, African-Americans, African-Caribbeans. Socio-political movements/radical intellectual trends in late 19th/20th centuries within African Diaspora. Resistance in Suriname, Guyana, Caribbean. Protest organizations, intellectual discourses, radical movements in United States/Europe.","3","3","No","1","3","OPT - Student Option","-","Every Fall"
"HIST","3462","From Subjects to Citizens: The History of East Asia From 1500 to the Present","Twin Cities","How Asian states, societies, economies, and cultures linked with one another and with European powers. How period's historical effects still resonate. Covers India, China, Japan, Korea, and Indochina.","3","4","No","1","4","OPT - Student Option","-","Every Spring"
"HIST","3485","History of Southeast Asia","Twin Cities","Origins of civilization/indigenous states. impact of world religions and Western colonialism on gender, social, political, and economic structures. Nationalism. Establishment of Vietnam, Thailand, Indonesia, and the Philippines.","3","3","No","1","3","AFV - A-F or Audit","-","Every Fall & Spring"
"HIST","3505","Survey of the Modern Middle East","Twin Cities","Political history of Middle East in modern era. Socio-economic/intellectual issues. Decline of Ottoman Empire. Imperialism. Nationalism, rise/development of states. Political Islam.","3","3","No","1","3","OPT - Student Option","-","Every Fall"
"HIST","3511","Muslims and Jews: Conflict and Co-existence in the Middle East and North Africa since 1700","Twin Cities","Diversity of social/cultural interactions between Muslims and Jews and between Islam and Judaism since 1700. What enabled the two religious communities to peacefully coexist? What were causes of conflict? Why is history of Muslim-Jewish relations such a contested issue? ","3","3","No","1","3","OPT - Student Option","-","Fall Odd Year"
"HIST","3512","History of Modern Israel/Palestine: Society, Culture, and Politics","Twin Cities","History of Israel/Palestine, 19th–21st centuries. Zionism and Arab nationalism. Arab/Palestinian/Israeli wars. Ethnic, religious, and national identities. Israeli and Palestinian politics, culture, and society; conflicting narratives and shared histories.","3","3","No","1","3","OPT - Student Option","-","Periodic Fall & Spring"
"HIST","3547","The Ottoman Empire","Twin Cities","Survey of Islam's most successful empire, from its founding circa 1300 to its demise in 1923. Lands, institutions, peoples, historical legacy.","3","3","No","1","3","OPT - Student Option","-","Every Fall & Spring"
"HIST","3606","Christians, Muslims, and Jews in the Middle Ages","Twin Cities","A Pew Research survey of the global religious landscape in 2010 found 2.2 billion Christians (31.5% of the world?s population), 1.6 billion Muslims (23.2%), and 14 million Jews (.2%). In this class, we explore how the histories of these religious communities became deeply entangled in an age of diplomacy, trade, jihad, and crusade.","3","3","No","1","3","OPT - Student Option","-","Fall Even, Spring Odd Year"
"HIST","3611","Medieval Cities of Europe: 500-1500","Twin Cities","European cities changed from Roman times through the urban nadir of the Early Middle Ages to the flowering of cities in the High and Late Middle Ages.�We explore planned towns, ad hoc developments, revived Roman sites, and economic, political, cultural, and sensory elements of city life.�Students design a medieval city using Arc.GIS and StoryMap. Contact the instructor for more information.","3","3","No","1","3","OPN - Student Option No Audit","-","Every Fall & Spring"
"HIST","3613","History of the Crusades","Twin Cities","Crusading spirit in Europe. Results of classic medieval crusades, ca 1095-1285. States established by crusaders in the Near East. Internal European crusades. Chronological prolongation of the crusading phenomenon.","3","3","No","1","3","OPT - Student Option","-","Every Fall, Spring & Summer"
"HIST","3615W","Women in European History: 1500 to the Present","Twin Cities","History of women in Western Europe from early modern period to present. Changes crucial to women's lives. Family/kinship structure, control over property, organization of work, religious ideas/practices, education, politics, beliefs/attitudes about female body.","3","3","No","1","3","OPT - Student Option","-","Periodic Spring"
"HIST","3617","Pagans, Christians, Barbarians: The World of Late Antiquity","Twin Cities","Between classical and medieval, pagan and Christian, Roman and barbarian, the late antique world was a dynamic age. This course will focus on the Mediterranean region from the end of the second to the mid-eighth century. We will examine political, cultural, religious and socio-economic transitions that characterized this period, including elements of continuity and change. We will consider the significance of such factors as the conversion of Constantine, the rise of Constantinople, Christian responses to culture, the monastic movement, the persistence of paganism, the fall of Rome, barbarian invasions, the rise of Islam, and developments in philosophy, theology, and education.","3","3","No","1","3","AFV - A-F or Audit","-","Periodic Fall & Spring"
"HIST","3704W","Daily Life in Europe: 1300-1800","Twin Cities","Living conditions and daily life in Europe before the Industrial Revolution. Topics include marriage and family, life at court, nobles, peasants, disease, farming, livestock-raising, urban life, the middle classes, manufacturing, trade, piracy, witchcraft, war, crime, and social deviance.","3","3","No","1","3","OPT - Student Option","-","Fall Even, Spring Odd Year"
"HIST","3722","Studies in 20th-Century Europe From the End of World War II to the End of the Cold War: 1945-91","Twin Cities","Social, economic, political, and cultural impacts of WWII upon Europe. Division of Europe. Communist regimes in Eastern Europe, cooperation in Western Europe. Impacts of modernization. End of Cold War.","3","3","No","1","3","OPT - Student Option","-","Every Fall, Spring & Summer"
"HIST","3726W","The Century of Refugees: A Global History of Forced Migration, 1900s-2000s","Twin Cities","This course examines the world-historical events that structured global flows of refugees in the Twentieth Century (and beyond), the evolution of refugee protection systems that emerged in response, and the rise of the “refugee” as a legal/political/cultural subject and as an agent of historical change. ","3","3","No","1","3","OPT - Student Option","-","Periodic Fall & Spring"
"HIST","3797","History of Population","Twin Cities","History of births, deaths, migration, population size, and population characteristics. Evidence from Europe, the United States, and Latin America with comparative material from Africa and Asia. Methods of historical population analysis and research of historical population data.","3","3","No","1","3","OPT - Student Option","-","Every Spring"
"HMED","3045","Public Health and Global Health Histories: Diseases, Population, and Equity","Twin Cities","This course delves into the rich histories of public health and global health in both Western and Asian contexts. We will critically analyze the cultural and scientific foundations of public health and germ theories in Western Europe, the United States, and East Asia, revealing how their institutional, political, and colonial legacies have profoundly shaped public health practices over time and space. Through this exploration, we will assess the successes and obstacles encountered by global health campaigns tackling issues such as malaria, smallpox, health inequities, SARS, COVID-19, and overpopulation in Asia, Africa, and the West. We will also uncover how East and South Asia emerged early on as an essential battleground for global health interventions, recognizing that later developmental strides led to notable successes in combating pandemics and establishing primary healthcare, which captured the attention of nations worldwide. Ultimately, we will investigate how geopolitical competition has fueled the transformation of public health and medicine on a global scale, providing crucial insights into the interconnectedness of health and politics today.","3","3","No","1","3","OPT - Student Option","-","Periodic Fall & Spring"
"HMED","3345","Medicine, Health, and Diseases in East Asia","Twin Cities","This course explores the history of medicine in East Asia from the ancient period to the present day. From the globalization of acupuncture practices to the fight against the deadly SARS and COVID viruses, East and Southeast Asians in their homelands and abroad have sought to develop, transform, and disseminate their ways of healing.

We will critically examine classical Chinese medicine's persistence, transformation, and globalization in the region and beyond. Other topics covered include the role of Western medicine in East Asia, the contestation over vaccination and pharmaceuticals, the role of colonialism in shaping medical practices, and the imaginations of Asian medicine in the United States.","3","3","No","1","3","OPN - Student Option No Audit","-","Every Fall"
"HSCI","1814","How Science Came to Be","Twin Cities","Modern culture is a culture of science. Many of our key cognitive and social values are modeled after and subordinated to science. In this course we will examine the emergence of modern science—from antiquity through the end of the seventeenth century—to understand the nature of scientific knowledge and its contexts of production and validation. Our main focus will be on western science, or the way science developed in Europe, but we will also consider non-western influences like the culture of ancient Mesopotamia or medieval Islam.","3","4","No","1","4","OPT - Student Option","-","Every Fall & Spring"
"HSCI","1815","Making Modern Science: Atoms, Genes and Quanta","Twin Cities","How scientists like Darwin and Einstein taught us to think about nature; everything from space, time and matter to rocks, plants, and animals.","3","4","No","1","4","OPT - Student Option","-","Periodic Fall, Spring & Summer"
"HSCI","3611","Enlightenment, Revolution, and the Rise of Modern Science","Twin Cities","Understanding the origins of our own culture of Modern Science in the Enlightenment of the eighteenth century. Newton's ambiguous legacy; science as wonder and spectacle; automata and monsters; early theories of sex and gender; empire and scientific expeditions; reshaping the environment; inventing human sciences; Frankenstein and the limits of science and reason.","3","3","No","1","3","OPT - Student Option","-","Periodic Spring"
"HSCI","3814","How Science Came to Be","Twin Cities","Modern culture is a culture of science. Many of our key cognitive and social values are modeled after and subordinated to science. In this course we will examine the emergence of modern science—from antiquity through the end of the seventeenth century—to understand the nature of scientific knowledge and its contexts of production and validation. Our main focus will be on western science, or the way science developed in Europe, but we will also consider non-western influences like the culture of ancient Mesopotamia or medieval Islam.","3","4","No","1","4","OPT - Student Option","-","Every Fall & Spring"
"HSCI","3815","Making Modern Science: Atoms, Genes and Quanta","Twin Cities","How scientists like Darwin and Einstein taught us to think about nature; everything from space, time and matter to rocks, plants, and animals.","3","4","No","1","4","OPT - Student Option","-","Periodic Fall, Spring & Summer"
"HSEM","2009H","Contemporary Art and Politics: From Marcel Duchamp to Ai Weiwei","Twin Cities","This course will discuss the subject matters and practices of major contemporary artists all over the world - including Marcel Duchamp, Joseph Beuys, Christo and Jeanne-Claude, Jeff Koons, Andy Warhol, Yoko Ono, Ilya Kabakov, Jasper Johns, Jean-Michel Basquiat, Ai Weiwei, Shirin Neshat, Marina Abramovic, Kara Walker, etc. ? whose creative work frequently intertwines with commentaries on contemporary politics. As a strategy of being, these contemporary artists seem to use art to engage their audiences in a dynamic dialogue concerning certain aspects of contemporary life. These and other artists want to interpret political reality in order to change it; that is, to bring about social and political transformation through aesthetic means. This course will provide an overview of the ideas, strategies, and work of the artists as a critical lens for viewing the changing cultural and political landscape of an increasingly technological and globalized world.

This course will take a comparative studies approach to the development of contemporary art in its historical, its social and political contexts, the increasing influence of the Western art in Asia, Africa, and other parts of the world, and the cross-cultural communication customs and protocols of international art practice and art criticism. Methodologically, this course first aims at integrating four major disciplinary approaches in discussing art history from post-WWII to the present day: historical studies, sociological studies, psychoanalytic studies and cultural studies. Such an integrated approach will provide a framework and a reference point for us to describe and understand contemporary art in certain historical and political contexts.","3","3","No","1","3","A-F - A-F Grade Basis","000571","Periodic Fall"
"HSEM","2081H","A Revolution in Art: Modernism in Mexico","Twin Cities","This is an instructor-led honors seminar abroad. Participating students must register for this course in Fall, as well as HSEM 2082H in Spring, which represents the time abroad in January.

This course provides an introduction to the development of modern art and architecture in Mexico from 1910 to 1968. We will study the major artists and works of art in a full range of media, including painting, sculpture, printmaking, photography, architecture, film, and literature. We will study the historical background and the broader context of modernity, considering aesthetic issues as well as historical and historiographical ones. We will focus on a set of linked topics: the relationship between Mexican modernism and modernism as an international movement incorporating such developments as cubism and surrealism; the relationship between fine art styles and popular and folk art traditions; the role in Mexican modernism of Mexican history and art history; nationalism, cultural nationalism, and the concern with national identity and “Mexicanism” in the wake of the Mexican Revolution; the relationship between art and politics.","3","3","No","1","3","A-F - A-F Grade Basis","000571","Periodic Fall & Spring"
"HSEM","2262H","Classrooms Without Borders: Developing Cultural Competency with Students in China and Russia","Twin Cities","Russia, China, and the USA have complex histories over the last 300 years; never before has it been so important for these countries to understand one another. Within the context of exploring similarities and differences among Russian, Chinese, and US undergraduate students, this course is designed to engage you in the multiple ways of thinking and doing for the expressed purpose of (1)  infusing a global, multicultural, and anti-racist perspective in your undergraduate education and, (2) developing person-to-person international exchanges to broaden your global perspectives through a comparative framework, (3) research an issue with global consequences related to your interest (career, education, or personal) and prepare a public presentation of that topic using a comparative analysis/argumentative synthesis incorporating 2 or 3 counties perspectives, backed up with academic research and international undergraduate students’ perspectives.  

You will virtually engage with undergraduate students in Russia, and China exploring what it means to be a student, what are the shared global concerns, and exploring ways to participate on the world stage. You will be asked to reflect on how your world view influences your thought process and how students with other cultural perspectives may view the same world issue differently. You will have exposure and experiences with international students, international student organizations, and other international-based research, learning, or extracurricular processes and opportunities. This course will prepare you to embrace intercultural competency and its impact on your self-awareness, interactions in social settings, success in university course work, engagement in research projects, and career choices. We will watch and discuss at least one movie each month with participants from each of the countries engaged to compare and contrast approaches to storytelling in Russia, China, and the United States (each country will highlight a movie directed and produced by their country). You will actively be engaged in determining the genre and common theme of the movies. This course is centered on you and your interests.  The heart of the course will be designing and implementing a synchronous 3-Hour Zoom Video Conference with undergraduate students in Russia and China.","3","3","No","1","3","A-F - A-F Grade Basis","000571","Periodic Fall & Spring"
"HSEM","2325H","Fantasy: A Ghastly, Wicked Introduction","Twin Cities","This seminar is a ghastly wicked ride through main genres and formats of fantasy literature for adolescents and young adults. Fantasy is explored as a literature of possibilities and empowerment. The focus is on eight principal genres and on the role of fantasy in nurturing moral imagination, creative thinking, and the human potential.","3","3","No","1","3","A-F - A-F Grade Basis","000571","Periodic Spring"
"HSEM","2606H","Microbiomes and Society","Twin Cities","The microbiome - the communities of microbes living in humans, plants, animals, and the environment, plays indispensable roles in the way they function. This relationship, rooted in the origin of life, has played a role in every aspect of our biology and the way we interact with the specific environment we live in. 

We live in a globalized, highly- interconnected world; now, more than ever, it is easier to expose ourselves to different cultures, places, and peoples; please join me in a journey beyond our borders to understand how different global perspectives help us learn more about ourselves and our society in the current world order, all thorough a microbiome lens. In this class, we will travel to different places around the world to discuss how a microbiomes provide us with a unique lens to understand diverse societies and cultures. From the moment we evolved as humans, to the origin of the first civilizations, we will learn how microbes have been involved in the most complex global social issues, including public health, global politics, and social justice. 
","3","3","No","1","3","A-F - A-F Grade Basis","000571","Periodic Fall & Spring"
"HSEM","3801H","Modern China: Law, History, and Culture","Twin Cities","This course will provide a comprehensive overview of law and politics of 20th and 21st-century China, in their historical and cultural contexts. It will introduce undergraduate students to distinctive paradigms and discursive patterns of law and politics in China, with the intention of fostering comparative analysis and critical thinking. The course will focus on high profile legal cases and major political events in the People's Republic of China today. The course will conclude by examining current issues in Chinese law from both sides, and by looking into China's argument for the ""Beijing Consensus,"" essentially a new type of capitalism, without Western-style rule of law. The classes will progress by way of interactive discussion and critical readings of historical documents and legal texts. 

This course is designed to break through the traditional Chinese learning/western learning dichotomy and interpret legal cases, political events, and cultural phenomena from a comparative perspective. It will bring to light the hidden rationales underscoring historical and ideological narratives, and will explain how frequent misunderstandings can occur when comparing cultures. Students will be encouraged to use critical thinking to argue, to test whether the incommensurability of paradigms can be reconciled, and to explore how different political systems and cultures can communicate with each other and exchange ideas effectively.","3","3","No","1","3","A-F - A-F Grade Basis","000571","Periodic Fall"
"HSEM","3804H","Women who Rock (the Boat): Leadership and the Nobel Peace Prize","Twin Cities","Lawyers, nuns, social workers, and schoolgirls have won the Nobel Peace Prize. In achieving this distinction, they hone their leadership skills to a fine art. They face personal danger, inner conflicts, social challenges, and pointed criticism. Succeeding despite their flaws, their ability to inspire courageous, innovative action cuts across age-groups, decades, borders, and nationality. Students in this Honors Seminar will touch and experience that inspiration.

Students will intensively study several extraordinary women from different cultures who have won the Prize; e.g., Aung San Suu Kyi, Leymah Gbowee, Sharin Ebadi, Mother Teresa, and Malala Yousafzai. What characterizes their leadership? What have they accomplished and at what price? How do they survive their successes, failures, and controversies? How applicable are their approaches to a student's everyday life and future? This highly interactive class will examine these questions through biographies, videos, lectures, writing, student presentations, and group discussions.","3","3","No","1","3","A-F - A-F Grade Basis","000571","Periodic Spring"
"IBUS","3212","Economic Growth: A Cultural Perspective on the Middle Income Trap","Twin Cities","This course is designed to help students gain a more global understanding of cultural values, how these interact with social and economic issues, and understand the role of business as a force for social and economic good.  Specifically, students will study the economics of the Middle Income Trap (MIT) and how cultural values and norms relate to it.  The MIT is an economic development situation in which a country attains a certain income due to given advantages and then gets “stuck” at that level.  The term was introduced by the World Bank in 2007 and is defined as the ""middle-income range"" countries with gross national product per capita that has remained between $1,000 to $12,000 at constant (2011) prices.  Students will study this phenomenon in general and then more specifically with respect to the economies of Argentina and Chile. These countries provide a unique opportunity to compare and contrast very different economic policies within the context of this phenomenon. With better understanding of the causes and consequences of the MIT, the course then seeks to better understand actions that can potentially alleviate the MIT and return economies to a path of growth. Within this context, student groups will be partnered with a company/organization located in Argentina or Chile to learn more about how they can create opportunities for growth, especially in situations where there are social, political, and economic challenges.","4","4","No","1","4","A-F - A-F Grade Basis","-","Every Fall"
"IDES","3161","History of Interiors and Furnishings: Ancient to 1750","Twin Cities","Study of European and American interiors and furnishings, including furniture, textiles, and decorative objects.","4","4","No","1","4","AFV - A-F or Audit","-","Every Fall"
"ITAL","1837","Imagining Italy: Italian and Italian-American Culture, History, and Society through Film","Twin Cities","Weekly guest lectures and critical readings expand from different disciplinary perspectives upon issues raised by films. Urban life, religion, nationalism, opera, violence, leisure, food, fascism, terrorism, family, emigration/immigration, ethnicity, Mediterranean culture.","4","4","No","1","4","OPT - Student Option","-","Every Fall"
"ITAL","3837","Imagining Italy: Italian and Italian-American Culture, History, and Society through Film","Twin Cities","Weekly guest lectures and critical readings expand from different disciplinary perspectives upon issues raised by films. Urban life, religion, nationalism, opera, violence, leisure, food, fascism, terrorism, family, emigration/immigration, ethnicity, Mediterranean culture.","4","4","No","1","4","OPT - Student Option","-","Every Fall"
"JWST","3505","Scripture and the Other: Rethinking the Bible After the Holocaust","Twin Cities","How do the Holocaust and other genocides transform our reading of the Bible? In this interdisciplinary course, we explore how religious ideas shape political philosophy, influence government policies, and legal rulings that enlarge or delimit human rights. We'll delve into questions such as: How should we read the Bible’s own literary representation of multiple genocides? To what extent does the Bible become a cause of, or a convenient excuse for, antisemitism and the persecution and genocide of other peoples? How were the ancient authors already engaged in the “modern” project of thinking critically about the ethics of genocide, the principles of universal human rights, and just war theory (by prohibiting atrocities)? Join as we traverse these complex questions and gain a deeper understanding of how ancient texts continue to shape modern ideas on justice, human rights, and ethical governance.","3","3","No","1","3","OPT - Student Option","-","Spring Even Year"
"JWST","3511","Muslims and Jews: Conflict and Co-existence in the Middle East and North Africa since 1700","Twin Cities","Diversity of social/cultural interactions between Muslims and Jews and between Islam and Judaism since 1700. What enabled the two religious communities to peacefully coexist? What were causes of conflict? Why is history of Muslim-Jewish relations such a contested issue? ","3","3","No","1","3","OPT - Student Option","-","Fall Odd Year"
"JWST","3512","History of Modern Israel/Palestine: Society, Culture, and Politics","Twin Cities","History of Israel/Palestine, 19th–21st centuries. Zionism and Arab nationalism. Arab/Palestinian/Israeli wars. Ethnic, religious, and national identities. Israeli and Palestinian politics, culture, and society; conflicting narratives and shared histories.","3","3","No","1","3","OPT - Student Option","-","Fall Odd Year"
"JWST","3606","Christians, Muslims, and Jews in the Middle Ages","Twin Cities","A Pew Research survey of the global religious landscape in 2010 found 2.2 billion Christians (31.5% of the world's population), 1.6 billion Muslims (23.2%), and 14 million Jews (.2%). In this class, we explore how the histories of these religious communities became deeply entangled in an age of diplomacy, trade, jihad, and crusade.","3","3","No","1","3","OPT - Student Option","-","Fall Even, Spring Odd Year"
"JWST","3633","The Holocaust: Memory, Narrative, History","Twin Cities","Decades after the end of the second world war, the Holocaust continues to play a formative role in public discourse about the past in Germany and Austria. As the event itself recedes into the past, our knowledge about the Holocaust has become increasingly shaped by literary and filmic representations of it. This course has several objectives: first, to deepen students' historical knowledge of the events and experiences of the Holocaust, and at the same time to introduce critical models for examining the relationship between personal experience, historical events, and forms of representation. This class will introduce students to the debates about the politics of memory and the artistic representation of the Holocaust, with special focus on public debates about the complex ways in which Holocaust memory surfaces in contemporary Germany and Austria, and by the accrual of layers of text and discourse about the Holocaust. We will explore the controversies and debates about public Holocaust memorialization in Germany, Austria, and the U.S. We will also explore the complex interplay between documentary and fictional accounts of the Holocaust, with attention paid to literary and film texts that challenge and ""remediate"" the limits of Holocaust representation. Additional topics will include Holocaust testimony; Holocaust memoirs, and 2nd and 3rd generation Holocaust literature, the Historians' Debate of the 1980s.

No knowledge of German required.","3","3","No","1","3","OPT - Student Option","-","Periodic Fall & Spring"
"JWST","3635","Anne Frank: Perspectives on Her Life and Legacy","Twin Cities","This course examines Anne Frank’s iconic status as a Holocaust victim as well as an object of identification in the context of her ethnic heritage, the historical circumstances under which she came to the Netherlands, the particularity of her hiding situation, and the overwhelming success of her published journal. With a special emphasis on a broader understanding of antisemitism and racism then and now, this course takes the diary and its legacy in film, stage, and television adaptations as well as in memory culture as the basis for critical discussions.","3","3","No","1","3","OPT - Student Option","-","Periodic Fall & Spring"
"JWST","3837","Hebrew Literature: Settlement and Ideology","Twin Cities","An introductory survey of Modern Hebrew Literature and its journey from Eastern Europe through Ottoman/British Palestine to the State of Israel. The class centers on the manner in which Hebrew literature has envisioned the Middle East or “the Orient,” reflecting, manipulating, or challenging orientalist paradigms. The first part of the course focuses on Hebrew literature written by Eastern European writers, their fantasies of the East as well as their engagements with orientalist or anti-Semite prejudices. The second part examines Hebrew literature’s attempts to “nativize” in Palestine. Finally, we will read a series of texts by Ashkenazi, Mizrahi, and Palestinian Israeli writers that complicate any attempt to position Hebrew within an Orient/Occident dichotomy. No prior familiarity with Hebrew literature is necessary. All texts will be read in English.","3","3","No","1","3","A-F - A-F Grade Basis","-","Periodic Fall & Spring"
"LA","3413","Introduction to Landscape Architectural History","Twin Cities","Study of  landscape architecture's roots by examining the creation of landscapes over time. Influences of ecological and environmental issues as well as political, economic, and social contexts on the cultural construction of landscape ideas and meaning and creation of landscape architectural works.","3","3","No","1","3","AFV - A-F or Audit","-","Every Fall"
"LAS","3401W","Early Latin America to 1825","Twin Cities","Societies of Americas, Spain, and Portugal before contact. Interactions among Native Americans, African slaves, and Europeans, from colonization through independence. Religion, resistance, labor, gender, race. Primary sources, historical scholarship.","4","4","No","1","4","AFV - A-F or Audit","-","Every Fall & Spring"
"LAS","3402W","Modern Latin America 1825 to Present","Twin Cities","National and contemporary period 1825 to present. Social, cultural, political, and economic change.","4","4","No","1","4","OPT - Student Option","-","Every Fall, Spring & Summer"
"LAS","3429","Latin American History in Film and Text","Twin Cities","Cinematic representations of Latin America in the context of other historical and literary narratives. Experiences of Latinos in Hollywood. Compare U.S. films with those produced in Latin America. Specific themes vary by term (e.g., women, revolution, colonialism).","3","3","No","1","3","OPT - Student Option","-","Periodic Fall, Spring & Summer"
"LEAD","4481","Leadership and Social Change in Ireland","Twin Cities","Learn how ordinary individuals and communities can inspire, mobilize, and engage with others to make a difference and to tackle what might appear to be an impossible public problem. The city of Belfast, Northern Ireland will provide a rich context for students to learn about the role that ordinary citizens, informal leaders, and public officials played in facilitating a reconciliation of a long-standing conflict (The Troubles), which still remains ever present. Despite public perception that Northern Ireland has moved forward from the Troubles, more walls have gone up since the peace agreement was signed, and there is still significant segregation between Protestants and Catholics.
 
Learn how ordinary individuals and communities can inspire, mobilize, and engage with others to make a difference and to tackle what might appear to be an impossible public problem. The city of Belfast, Northern Ireland will provide a rich context for students to learn about the role that ordinary citizens, informal leaders, and public officials played in facilitating a reconciliation of a long-standing conflict (The Troubles), which still remains ever present. Despite public perception that Northern Ireland has moved forward from the Troubles, more walls have gone up since the peace agreement was signed, and there is still significant segregation between Protestants and Catholics.
 
In addition to analyzing leadership and social change in the context of Ireland, students will simultaneously reflect on their own capacities for leadership and cultural competence, and the role that they might play in a social issue when they return to the US.
","3","3","No","1","3","A-F - A-F Grade Basis","-","Spring Even Year"
"LEAD","4484","Cross-Cultural Leadership Bali","Twin Cities","This 4000-level study abroad course explores leadership development as related to global citizenship. It is designed for students who are interested in exploring topics and themes of leadership, globalization, and happiness in a different cultural context. Specifically, this course will take students to Bali, Indonesia, and utilize the history, sites, people, and agencies of Tabanan, Ubud, Sanur, and Denpasar to explore and learn about those communities as well as how culture affects leadership and the social constructs of happiness. Students will use their knowledge of leadership, particularly the notions of community, intercultural leadership, and social constructs of happiness to examine the current opportunities and challenges the Balinese face. Students will interact with local community leaders who are working to make change, as well as citizens in the community.

In this course, students will:
1.	Understand the ways in which different cultural norms and values can change the manner in which leadership skills and initiatives are utilized to create change.
2.	Explore the role that particular social, environmental, and spiritual belief systems can play in the practice of community leadership.
3.	Gain knowledge about global issues in Bali and, more specifically, how different individuals can use their experiences, knowledge, and practice to make a difference.
4.	Continue personal development growth through awareness of the history of Bali, as well as the cultural context of Tabanan, Ubud, Bedulu, and Denpasar, its people, and its surrounding areas.
5.	Explore the intersections of culture and happiness in the Balinese context and contrast that with their own cultural understanding of happiness.","3","3","No","1","3","A-F - A-F Grade Basis","010128","Every Summer"
"LEAD","4487","Feminist Leadership in Argentina Global Seminar","Twin Cities","This 4000-level study abroad course is open to undergraduate students from all disciplines and will appeal to students with broad interest in women’s and gender equity, feminism, and leadership in a global context. Students will examine the past and current aspects of and trends in women's and gender rights in Argentina and compare approaches to feminism and leadership between Argentina and the United States. The course will adopt an intersectional framework (as described by legal scholar Kimberlé Crenshaw) and invite students to engage with an array of topics, including: body politics; reproductive justice; historical perspectives and current political involvement; anti-violence and anti-femicide movements; sex workers’ rights and advocacy; the experiences of indigenous women and women of color; and LGBTQIA+ activism. As a learning abroad seminar, students will learn about their level of intercultural competence using the support of The Developmental Model of Intercultural Sensitivity (DMIS) and Intercultural Development Inventory (IDI) as created by Dr. Milton Bennett (1986, 1993, 2004, 2013) as a framework to explain how people experience and engage cultural difference; students will also practice engaging with another culture in reflective, mindful, and justice-centered ways. We wish to emphasize that students of any/all gender identities are welcome to join us.

Students in this course will:
- Immerse themselves in Argentinian culture to better understand its role in shaping and impacting gender justice movements and approaches to leadership. 
- Think ethically about important challenges facing our society and world.
- Reflect on a shared sense of responsibility required to build and maintain community and make meaningful social change by learning how ordinary citizens, informal leaders, community organizations, and public officials are engaged in feminist leadership and examine different leadership approaches/styles as well as diverse understandings of feminism.
- Explore Argentinian concepts of feminism, gender equity, justice, and leadership through readings and lectures.
- The arts and experiences in-country to various sites including the Evita Museum, the museum of the Grandmothers of the Disappeared, the offices of the federal Ministry of Women, Gender & Diversity, the Chinatown area of Buenos Aires, a local ranch, and more. 
- Examine feminism and gender equity through interdisciplinary Argentine and American lenses, developing new and expanded understandings of gender justice and intersectional feminist leadership.","3","3","No","1","3","A-F - A-F Grade Basis","-","Every Spring"
"LEAD","4961W","Leadership for Global Citizenship","Twin Cities","In this final, writing intensive capstone course, students pull together the threads of leadership theory and practice worked with over the course of the Leadership Minor. In addition, students gain experience working with diverse leaders from around the world, mapping political contexts, and planning their own global leadership path within their specific field.","3","3","No","1","3","A-F - A-F Grade Basis","011476","Every Fall, Spring & Summer"
"LING","1705","World Englishes: The Linguistics of English-based varieties around the globe","Twin Cities","In this course, we will explore the linguistic questions that arise concerning the many varieties of  English that are spoken around the globe, including regional and other types of dialects (e.g., Southern U.S. English or Multicultural London English), nationlects (e.g., Indian English or Nigerian English), and English-based creoles (e.g., Jamaican Patwa or Singlish). Importantly, we will spend time discussing what the idea of ""standard variety"" means in different contexts where English is spoken and who is or is not considered to be ""a native speaker"" in those contexts. 
Through the critical analysis of sociopolitical contexts of language use, this course will also address the issues related to language policy, both at the national level in different contexts and in educational settings worldwide, and language ideologies underpinning the ways in which some varieties may become prestigious and others stigmatized. We will also discuss the role of English in an increasingly globalized world and its current status as a sought-after commodity. 
Our overarching concern, however,  will be what we can learn about humans and the human mind by studying the variation found across English varieties. This course will introduce you to the basics of linguistic analysis and the methods and tools linguistics developed for the study of variation. Through the study of linguistic features considered to be representative of specific varieties of English, you will learn how linguists talk about speech sounds and grammar. Through the study of variation of those features across time and space (geographical and social), you will learn how systematic the patterns of variation can be, which will allow us to revisit such linguistic terms as ""dialect,"" ""nationlect,"" ""ethnolect,"" and ""creole"" and, by utilizing the tools of both linguistic and critical analysis, discuss the reasons why the boundaries between the varieties described by those terms may not be as clear-cut as one may imagine them to be.","3","3","No","1","3","OPT - Student Option","-","Periodic Fall & Spring"
"LING","3702","Decoding Egypt: From Ancient to Modern Language","Twin Cities","“Decoding Egypt: From Ancient to Modern Language” is a Global Seminar in Cairo that will be offered for the first time in May 2025. The class has a linguistics designator (LING3702), though it is designed to be interdisciplinary and attractive to students across the College of Liberal Arts. Over the course of the three weeks abroad, we will study the history and structure of the Afroasiatic languages found in Egypt. This includes extinct languages (old and middle Egyptian), liturgical languages (Coptic, Classical Arabic), vernacular languages (Egyptian Arabic, Siwi Berber) and standardized language (Modern Standard Arabic). We will investigate these languages through the lens of linguistic typology, a framework that explores the different types of grammatical patterns found in and across languages. With a particular focus on word formation and sentence structure, we will examine how the typological patterns relate to one another and how they can inform our understanding of human language more generally. When we step out of the classroom, we will see and hear these Egyptian languages and engage with the people who speak them. A secondary focus of this program will be linguistic methodology, and over the course of the program, students will practice three unique field research methods employed by linguists: formal elicitation sessions, rapid and anonymous surveys, and linguistic landscape documentation. In the classroom we will learn to write research questions and design studies that get to the heart of language variation and its intersection with society. Working in both small groups and individually, students will tailor these projects to their specific interests and language expertise.","3","3","No","1","3","OPT - Student Option","-","Every Summer"
"LING","5072","Decoding Egypt: From Ancient to Modern Language","Twin Cities","“Decoding Egypt: From Ancient to Modern Language” is a global seminar in Cairo that will be offered for the first time in May 2025. The class has a linguistics designator (LING5072), though it is designed to be interdisciplinary and attractive to students across the College of Liberal Arts. Over the course of the three weeks abroad, we will study the history and structure of the Afroasiatic languages found in Egypt. This includes extinct languages (old and middle Egyptian), liturgical languages (Coptic, Classical Arabic), vernacular languages (Egyptian Arabic, Siwi Berber) and standardized language (Modern Standard Arabic). We will investigate these languages through the lens of linguistic typology, a framework that explores the different types of grammatical patterns found in and across languages. With a particular focus on word formation and sentence structure, we will examine how the typological patterns relate to one another and how they can inform our understanding of human language more generally. When we step out of the classroom, we will see and hear these Egyptian languages and engage with the people who speak them. A secondary focus of this program will be linguistic methodology, and over the course of the program, students will practice three unique field research methods employed by linguists: formal elicitation sessions, rapid and anonymous surveys, and linguistic landscape documentation. In the classroom we will learn to write research questions and design studies that get to the heart of language variation and its intersection with society. Working in both small groups and individually, students will tailor these projects to their specific interests and language expertise.","3","3","No","1","3","OPT - Student Option","-","Every Summer"
"ME","4583","Design for Life: Water in Tanzania","Twin Cities"," Teams will evaluate community needs and infrastructure to design potable water-handling systems in rural Tanzania, typically off the power grid. Fluid mechanics: complex distribution networks, system losses, pump selection, borehole development; field measurements. Designs must address Tanzanian design guidelines.
","3","3","No","1","3","A-F - A-F Grade Basis","-","Every Spring"
"MEST","1002","Medieval Tales and their Modern Echoes","Twin Cities","Knights of the Round Table, dragon-slayers, magic djinn, pilgrims in Hell. How these stories have been retold in modern fiction, film, and the arts. Texts from Europe and other regions of globe.  ","3","3","No","1","3","OPT - Student Option","-","Every Spring"
"MEST","1081W","Martyrs, Monks, Crusaders: World Christianity, 100-1400","Twin Cities","This course surveys the history of Christianity from its status as a persecuted minority religion of the Roman Empire to its dominant role in medieval Europe and Byzantium. We study Christian traditions in Asia and Africa as well as Europe with special attention to the relationship between Christianity and culture in the ancient and medieval world.","4","4","No","1","4","OPT - Student Option","-","Fall Odd, Spring Even Year"
"MEST","3001","Introduction to Medieval History","Twin Cities","Europe from decline of Rome to early Renaissance. Politics, institutions, society, economy, and culture of Middle Ages.","3","3","No","1","3","OPT - Student Option","-","Every Fall, Spring & Summer"
"MEST","3002","Medieval Tales and their Modern Echoes","Twin Cities","Knights of the Round Table, dragon-slayers, magic djinn, pilgrims in Hell.  How these stories have been retold in modern fiction, film, and the arts. Texts from Europe and other regions of globe.","3","3","No","1","3","OPT - Student Option","-","Every Spring"
"MEST","3081W","Martyrs, Monks, Crusaders: World Christianity, 100-1400","Twin Cities","This course surveys the history of Christianity from its status as a persecuted minority religion of the Roman Empire to its dominant role in medieval Europe and Byzantium. We study Christian traditions in Asia and Africa as well as Europe with special attention to the relationship between Christianity and culture in the ancient and medieval world.","4","4","No","1","4","OPT - Student Option","-","Fall Odd, Spring Even Year"
"MEST","3426","Piracy in the Mediterranean: The World of Merchants and Pirates","Twin Cities","This course will use the vehicle of piracy and privateering in the Mediterranean world to explore issues of cross-cultural interaction, global connections, and identity from earliest times when people took to the sea to the Middle Ages through the early modern era, 500-1800. Wherever there was trade, wherever there was movement on the seas, there was piracy. Recent scholarship on the Mediterranean has focused on connectivities, micro-environments, the uniqueness of islands, and various climatic spheres in a geographic tradition that follows the path-breaking work of Fernand Braudel. This course will consider the urban and rural dimensions of the Mediterranean region as they relate to the history of merchants and pirates. Finally, the political and military aspects of Mediterranean history will be examined. There was a continuum from piracy to privateering to war. Students should gain a deeper understanding of a region that continues to fascinate us today.","3","3","No","1","3","OPN - Student Option No Audit","-","Spring Odd Year"
"MEST","3502","Scandinavian Myths","Twin Cities","Literary and cultural investigation of the popular beliefs, myths, and religion of the medieval Scandinavians; the interaction of paganism and Christianity; the reflection of myths in Old Scandinavian literature and art.  All readings in English.","3","3","No","1","3","OPT - Student Option","-","Fall Odd, Spring Even Year"
"MEST","3606","Christians, Muslims, and Jews in the Middle Ages","Twin Cities","A Pew Research survey of the global religious landscape in 2010 found 2.2 billion Christians (31.5% of the world's population), 1.6 billion Muslims (23.2%), and 14 million Jews (.2%). In this class, we explore how the histories of these religious communities became deeply entangled in an age of diplomacy, trade, jihad, and crusade.","3","3","No","1","3","OPT - Student Option","-","Fall Even, Spring Odd Year"
"MEST","3611","Medieval Cities of Europe: 500-1500","Twin Cities","European cities changed from Roman times through the urban nadir of the Early Middle Ages to the flowering of cities in the High and Late Middle Ages. We explore planned towns, ad hoc developments, revived Roman sites, and economic, political, cultural, and sensory elements of city life. Students design a medieval city using Arc.GIS and StoryMap. Contact the instructor for more information.","3","3","No","1","3","OPN - Student Option No Audit","-","Every Fall & Spring"
"MEST","3613","History of the Crusades","Twin Cities","Crusading spirit in Europe. Results of classic medieval crusades ca 1095-1285. States established by crusaders in the Near East. Internal European crusades. Chronological prolongation of the crusading phenomenon.","3","3","No","1","3","OPT - Student Option","-","Every Fall, Spring & Summer"
"MEST","3617","Pagans, Christians, Barbarians: The World of Late Antiquity","Twin Cities","Between classical and medieval, pagan and Christian, Roman and barbarian, the late antique world was a dynamic age. This course will focus on the Mediterranean region from the end of the second to the mideighth century. We will examine political, cultural, religious and socio-economic transitions that characterized this period, including elements of continuity and change. We will consider the significance of such factors as the conversion of Constantine, the rise of Constantinople, Christian responses to culture, the monastic movement, the persistence of paganism, the fall of Rome, barbarian invasions, the rise of Islam, and developments in philosophy, theology, and education.","3","3","No","1","3","AFV - A-F or Audit","-","Fall Odd Year"
"MUED","4305","Music, Play, & Special Education in Ghana","Twin Cities","Welcome to a journey into Ghana's arts, play, and special education. The course will provide an overview of educational policies on inclusion and working with children with special needs in Ghana. Students will compare how Ghana and the USA have included students with special needs in the arts and the role integration has played in their literacy development. Thus, the class addresses arts play in special education through a comparative framework. In Ghana, music, dance, and drama are often expressed as integrated arts and offer an essential avenue for experiencing and thinking about other cultures. Children's arts play, such as singing games, chants, and jump rope games, occur in several spaces, e.g., playgrounds, marketplaces, and streets. You will participate in the local music traditions, interact with children with special needs in Ghana, and observe arts practice in special education in Ghana's primary teaching and community center. This course provides global education understanding opportunities through an immersion experience in an international context. This course involves a field exploration that will serve as a professional development opportunity while honing their research skills in a global context.","3","3","No","1","3","A-F - A-F Grade Basis","-","Every Summer"
"MUS","1801W","Music, Society, and Cultures","Twin Cities","Drawing on examples from many different places and times, we will develop an analytic language to address the power of musical performance. We will study various methods of musical enculturation; the connections between politics and musical aesthetics; the ways in which music reinforces and challenges scaffoldings of race, nation, and ethnicity; and the power of music to form ethical subjects. 

Prereq: Registration for this course is open until the first day of class, at which point instructor consent will be required.","3","3","No","1","3","AFV - A-F or Audit","-","Every Fall"
"MUS","1804","World Music","Twin Cities","Musical practice/meaning around the world and in our backyard. World music styles/perspectives in cultural context. Lectures, in-class music making, guest artists, videos, listening.

prereq: Registration for this course is open until the first day of class, at which point instructor consent will be required.","3","3","No","1","3","OPT - Student Option","-","Every Fall & Spring"
"MUS","3271","Benvenuto a Milano: The City of Music, Art and Fashion","Twin Cities","This global seminar will feature a three-week stay experiencing some of the world's greatest visual art, architecture, music and fashion in the magnificent cosmopolitan city of Milan, Italy. While in Milan, you will explore the origins of the Renaissance Movement through the Contemporary Period and trace the social and political events that influenced Italian artists and composers through these eras. Known as the ""Risorgimento"" (resurgence) movement, students will discover how 18th century opera, with an emphasis on Giuseppi Verdi, helped influence and unify the individual peninsula states into a grand Italian kingdom and help shape modern day Italy.","3","3","No","1","3","OPN - Student Option No Audit","-","Periodic Summer"
"MUS","3272","Study Abroad: Ensemble Music","Twin Cities","This intensive January term course offers a dynamic exploration of the Italian Renaissance, focusing on the interconnected themes of art, architecture, and music. Through daily choral rehearsals, guided tours led by art historians, workshops with contemporary artists, and performances of Renaissance polyphony, students will engage with the cultural, artistic, and musical legacy of this transformative period.","3","3","No","1","3","A-F - A-F Grade Basis","-","Periodic Fall, Spring & Summer"
"PA","3852","Social Entrepreneurship & Diplomacy in Ghana","Twin Cities","This global seminar will take place in Ghana, focusing on visits within the country to the following cities; Accra,Kumasi, Senchi-Ferry, and Elmina/Cape Coast. The course content will focus on social entrepreneurship, diplomacy, and how public policy and social enterprises are helping shape Ghana as one of the most stable emerging countries in West Africa. During the seminar, students will be engaged in lectures that focus on Ghanaian diplomacy, and the evolving role of social entrepreneurship in Ghana. 

Academic content will focus on meaningful interactions in the form of lectures, panels, site visits, and excursions with speakers from a variety of institutions in Ghana. Speakers will consist of entrepreneurs, policymakers, faculty from a variety of institutions (the University of Ghana Legon, University of Cape Coast, and Ashesi University) and public servants working in Ghana. Cultural excursion locations will align with the location of the academic content, lectures and site visits, which will enable students to develop a deeper understanding of social life and culture in Ghana. Also, the course will examine private and public sectors of higher education, and youth workforce development  in Ghana as an impetus for the emergence of social enterprises.

Lastly, students will participate in an educational project that investigates youth development and education within rural and urban communities and the role social entrepreneurs are planning on creating innovative solutions for young people to thrive. The course will have some readings that provide students with background information, history or news related to the lectures, site visits, and excursions that will occur during the seminar.

Lecture topics include: Conversational Twi (3-day language course) at the University of Ghana Legon; Diplomacy 101 presented by the State Department at the U.S. Embassy in Ghana; traditional governance role in Ghanaian society; educational policy and workforce development in Ghana; women leadership in Markets: Exploration of a hub of entrepreneurship; impact on social entrepreneurship in Ghana panel of local organizations impacting Ghana. 

General Outcomes: Upon successful completion, student will be able to: Become familiar with diplomacy from an international context, and the role that they play in practicing diplomacy through their participation in the program and exposure to the role of the State Department; build on the knowledge gained from studying social entrepreneurship and how motivated individuals are developing strategies to address societal challenges; discuss diversity of cultures that exists within a country and how traditional and modern governments work together in order to ensure that the country is thriving, preserving its history and traditions; understand diverse philosophies and cultures within and across societies; and develop skills for effective citizenship and lifelong learning.","3","3","No","1","3","A-F - A-F Grade Basis","-","Every Spring"
"POL","1025","Global Politics","Twin Cities","Global politics is complex, fast-paced, and often confusing. This introductory course explores both the enduring challenges of international politics as well as more recent transformative trends. The course introduces theoretical traditions, but its focus is on making sense of real-world problems, both today and in the past. Why is the world organized into states, and what implications does the states system have for indigenous populations globally? Why and when do states go to war and use military force? Why do they sign international agreements and treaties, on matters from arms control to investment? In what ways do existing systems of international law and trade exacerbate or mitigate global inequities? Why has human rights emerged as a central problem in world politics? What are the prospects for international cooperation to address climate change? How have inequities and prejudices, along the lines of race and other categorical identities, shaped our world—from the practice of global security to the structures of the international political economy? These are among the pressing real-world questions that this course in Global Politics will address and that it will give you the tools to answer—though particular instructors will naturally emphasize different topics and questions. But the course will also highlight how our answers to these questions are changing along with the deep power structures of global politics—as US dominance wanes and others, most notably China, rise; as core ideas and discourses underpinning the international system, such as sovereignty, come under assault; as institutions, such as those governing international law, thicken; and as attention grows to the structuring effects of race and other ascriptive categories. Global Politics is an essential guide to our increasingly globalized world.","3","3","No","1","3","OPT - Student Option","-","Every Fall, Spring & Summer"
"POL","1054","Politics Around the World","Twin Cities","This course is an introduction to the study of politics in different countries around the world. It focuses on domestic politics within countries, as opposed to a course in international relations, which focuses on relations between countries. Some of the questions we tackle include: Why are some countries prone to violent conflict while others remain peaceful? Why do some countries grow rich while others remain poor? Why does democracy emerge in some countries, while dictators hold onto power elsewhere? How do attitudes about gender and sexuality influence politics? Do particular religions, or the strength of religious faith, strengthen or weaken democracy? The readings and assignments help you make sense of the complexity of world politics - to sift through and distill the avalanche of information available and learn how to develop your own arguments about pertinent global issues. 

Upon completion of this course you will be able to understand and provide examples of 1) the difference between strong and weak states; 2) the distinctions between democratic and non-democratic forms of government; 3) the various ways democracies are governed; 4) arguments explaining the origin of democracy and the persistence of non-democracy; 5) the significance of different forms of political identity such as ethnicity, religion, and gender; 6) why some countries are rich while others remain poor; and 7) why some countries tax and spend more than others. Assignments seek to develop your skills at developing arguments through logic and evidence and to give you the ability to distinguish between a persuasive argument about politics and simply stating an opinion.","3","3","No","1","4","OPT - Student Option","-","Every Fall, Spring & Summer"
"POL","3423","Politics of Disruption: Violence and Its Alternatives","Twin Cities","Political struggles aimed at undermining the existing political order have been a pervasive feature of global politics. Modern states have constantly been sites of relentless challenges from their citizenry, which sometimes take the form of non-violent action while on other occasions manifest in terrorism and violence. This course introduces students to the politics of disruption and violent and non-violent struggles targeted at bringing about political change. We will study a range of manifestations of such struggles focusing on some well-known cases such as the US civil rights movement, the Arab Springs, the Ferguson riots and the Islamic State (ISIS). Can non-violent resistance succeed against a coercive state? Why do individuals and groups participate in high-risk political struggles? What explains patterns of violence in civil conflicts? What are the effects of violence? What facilitates peace? This course will enable you to answer these questions.","3","3","No","1","4","OPT - Student Option","-","Periodic Fall & Spring"
"POL","3431","Politics of India","Twin Cities","The course introduces students to the politics of India; a non-Western, parliamentary political system that stands out as a bastion of democracy in the developing world, despite underdevelopment & significant ethno-religious divisions. By focusing on India, we offer an understanding of the problems of democratization, underdevelopment, governance & political violence. We examine Indias political institutions & challenges confronting the institutions such as socio-economic inequalities, social exclusion, social divisions, ethno-religious & ideological insurgencies, criminalization of politics & rampant corruption. The course enables students to answer important questions: Why did democracy endure in post-colonial India when much of the developing world endured authoritarian regimes? What accounts for the persistence of ethno-religious conflict & violence? What determines a countrys approach to socio-economic development? What accounts for Indias economic development over the last few decades? How do we explain the existence of political democracy and rampant corruption?","3","3","No","1","4","OPT - Student Option","-","Every Spring"
"POL","3435","Political Dynamics in the Horn of Africa","Twin Cities","Who wields political power? Who challenges those in power? And how do they legitimize their claims and go about enforcing them? These are the core questions that will guide our exploration of the political dynamics in the Horn of Africa. Just like most regions in Africa, the Horn is home to diverse cultures and languages. What distinguishes it, however, is the contested nature of state borders, which have been redrawn in ways not observed anywhere else in Africa since the end of European colonialism. The purpose of this class is to delve deeper into these conflicts, to examine the interactions between incumbent governments, armed rebel groups, and international actors in shaping war and peace in the Horn. Throughout this journey, we will pay special attention to ideas of sovereignty, identity, and violence and draw on literature outside of the Horn to help us better dissect what is going on within it. ","3","3","No","1","3","OPT - Student Option","-","Every Spring"
"POL","3451W","Politics and Society in the New Europe","Twin Cities","The devastation of Europe through two World Wars put the deadly results of ultra-nationalism on full display. To avoid such destruction again, a group of European technocrats and leaders embarked on a mission of incrementally deepening economic and later, social partnerships between an ever-expanding number of European countries. These efforts culminated in the birth of the European Union in the late 20th Century. From its inception, the Union has found obstacles in the forms of a weak institutional structure and authority, deep skepticism of a central European authority, financial crisis, ethnic anxiety, and resurgent nationalism. Yet, the continuation and strengthening of the Union is seen as the antidote to the rise of anti-democratic and authoritarian tendencies on the continent. Some of the key questions that we will engage in are: What are the ideological and historical roots of the European Union? What are the structural flaws of the Union?  What are the obstacles to a stronger Union?  Is the Union still or even more essential than ever? What are the ways the Union could collapse from within and from the intervention of outside forces?","3","3","No","1","3","OPT - Student Option","-","Fall Even, Spring Odd Year"
"POL","3476","Chinese Politics: History and Contemporary Issues","Twin Cities","How has Chinese history, in the forms of Confucian, republican, nationalist, and communist legacies, informed and shaped political issues in China today? This course seeks to provide an introductory survey of Chinese politics, starting with the Republican revolution in the early 20th century, and ending with critical challenges in the current era. Throughout the semester, we will be juxtaposing historical lessons with contemporary reflections on different themes, ranging from revolution, state power, socioeconomic reform and development, civil society, and foreign relations. We will be examining a diverse set of perspectives from political leaders, scholars, and everyday citizens, through a combination of academic analyses, nonfiction reporting, primary sources, and other mediums. The goal for this course is to not only familiarize students with important issues facing Chinese political leaders and citizens at both the domestic and international level today, but to also provide students with a historicized and grounded approach towards the study of Chinese politics and society.","3","3","No","1","3","OPT - Student Option","-","Every Spring"
"POL","3477","Political Economy of Development","Twin Cities","How can the vast disparities of wealth between countries be explained? Why have some countries in the post-colonial world, in particular, those of East Asia, experienced stunning economic growth, while those in other parts have not? We will explore inequality among nations through an engagement with competing explanations from multiple disciplines. Do free markets, the legacies of colonialism, state power, culture, or geography offer the most persuasive account of current patterns of global inequality? The course also examines what we mean by ""development"" and exposes students to cutting-edge debates in contemporary development studies. By the end of the course, students will have a better understanding of the causes of and possible solutions to global inequality.","3","3","No","1","3","OPT - Student Option","-","Every Fall, Spring & Summer"
"POL","3478W","Contemporary Politics in Africa and the Colonial Legacy","Twin Cities","At the core, this class is about the interaction between the assertion of and challenge to political authority in Africa. Who should have the right to make decisions that structure people's lives? To what extent is ""might"" an important source of political authority? How, in turn, do people respond to these different means of establishing political authority? Using these questions as a springboard, this class will examine some broader themes relating to colonialism, state building, conflict, and development in Africa. Politics in Africa, just as in any other place in the world, is complex and for that reason, the objective of the class is not to give you answers, but to have you think critically about the issues we cover. Towards this end, this class will draw on different sources ranging from novels to manifestos so as to illustrate both the mundane and extraordinary events that have helped shape the political landscape of the continent.","3","3","No","1","3","OPT - Student Option","-","Every Spring"
"POL","3479","Latin American Politics","Twin Cities","This course offers an introduction to the political history and contemporary politics of Latin America, along with some of the main concepts and theories used by social scientists to explain the region’s political dynamics. Through a comparative, historical approach, the course aims to help students understand the continued challenges faced by countries in the region-- to the establishment of security, the rule of law and rights protection, to the stability and quality of democracy, and to sustainable and equitable economic growth—and how these interact. The objective of the course is not only to help students understand the similarities and differences in outcomes in Latin America over time, but also to reflect on what the region’s experiences can teach us about the requirements of and barriers to meaningful democracy and sustainable and equitable development around the world, including “north of the border.” In other words, the course seeks not just to provide students’ knowledge about Latin America, but to help them learn from Latin America.","3","3","No","1","3","OPT - Student Option","-","Every Fall"
"POL","3835","International Relations","Twin Cities","Why do countries go to war? Are individuals, organizations, and states driven by their interests or their ideas? What role does power play in international relations and is there any role for justice in global politics? Do international laws and transnational advocacy groups matter in a world dominated by powerful states? Whose interests are served by a globalizing world economy? These questions are central to the study of international relations, yet different theoretical approaches have been developed in an attempt to answer them. Often these approaches disagree with one another, leading to markedly different policy prescriptions and predictions for future events. This course provides the conceptual and theoretical means for analyzing these issues, processes, and events in international politics. By the end of this class, you will be able to understand the assumptions, the logics, and the implications of major theories and concepts of international relations. These include realism and neorealism, liberalism and liberal institutionalism, constructivism, feminism, Marxism, and critical theory. A special effort is made to relate the course material to world events, developments, or conflicts in the past decade or so.","3","3","No","1","3","OPT - Student Option","-","Every Fall, Spring & Summer"
"POL","4255","Comparative Real Time Political Analysis: Marxist versus Liberal Perspectives","Twin Cities","Karl Marx and Frederick Engels had better democratic credentials than Alexis de Tocqueville and John Stuart Mill.  Vladimir Lenin, too, had better democratic credentials than Max Weber and Woodrow Wilson.  That’s the provocative argument of this course.  Performing what it calls “comparative real-time political analysis,” it presents convincing evidence to sustain both claims.  When the two sets of protagonists are compared and contrasted in how they read and responded to big political events in motion, in real-time, the Marxists, it contends, proved to be better democrats than the Liberals.  Real-time analysis argues that responding to and making decisions about events in motion is the real test of political perspective and theory; on Monday morning, we can all look smart.  The writings and actions of all seven protagonists are the primary course materials—reading them in their own words.  The European Spring of 1848, the United States Civil War, the 1905 Russian Revolution and, the 1917 Russian Revolution and end of World War I, all consequential in the democratic quest, are the main scenarios the course employs to test its claims.  The findings, course participants will learn, challenge assumed political wisdom like never before.  Employing the lessons of the comparisons to trying to make sense of current politics—given the unprecedented moment in which we find ourselves—is the other goal of the course.","3","3","No","1","3","OPT - Student Option","-","Every Spring"
"POL","4403W","Constitutions, Democracy, and Rights: Comparative Perspectives","Twin Cities","Around the world, fundamental political questions are often debated and decided in constitutional terms, and in the United States, the constitution is invoked at almost every turn to endorse or condemn different policies. Is adhering to constitutional terms the best way to safeguard rights and to achieve a successful democracy? When and how do constitutions matter to political outcomes? This course centers on these questions as it moves from debates over how constitutional drafting processes should be structured and how detailed constitutions should be, to the risks and benefits of different institutional structures (federal v. unitary, and the distribution of powers between the executive, legislature, and judiciary), to which rights (if any) should be constitutionalized and when and why different rights are protected, closing with a discussion of what rules should guide constitutional amendment and rewrite. For each topic, we compare how these issues have been resolved in the U.S. with alternative approaches in a wide variety of other countries around the globe. The goal is not only to expose students to the variety of ways, successful or unsuccessful, that other political communities have addressed these issues, but also to gain a more contextualized and clearer understanding of the pros and cons of the U.S. model, its relevance for other democratic or democratizing countries, whether and how it might be reformed, and, generally speaking, when/how constitutions matter for democratic quality and stability.","3","3","No","1","3","OPT - Student Option","-","Fall Even, Spring Odd Year"
"POL","4463","The Cuban Revolution Through the Words of Cuban Revolutionaries","Twin Cities","Why do policy makers in Washington, D.C. continue to rail against the Cuban Revolution?  Despite their best efforts, both Republican and Democratic administrations, the Revolution is still in place after six decades.  How to explain?  This is the central research question of the course.  A definitive answer would require a thorough examination of the revolution from its initiation until today—which is beyond what can be done in a semester.  The focus, rather, is more limited.  First, how was the revolution made and consolidated—from 1953 until about 1969—and, second, how has it been able to survive and advance since the collapse of the Soviet Union, that is, since 1991?  The emphasis here is on the role of leadership and strategy, how the Cubans and their leaders saw and see what they are doing—in their own words.   This is an attempt to get into their heads, their understandings, through documents, speeches and writings. 

In keeping with the goals of liberal education, this course helps students to think outside the box of conventional wisdom.  Why, for example, an underdeveloped society lacking many of the characteristics of a liberal democracy can do a better job in meeting the basic needs of its citizens than its far richer neighbor to the north? What the Cubans seek to do is reorganize human relations on the basis of solidarity and not individual self-interest.  How successful they have been in that pursuit is exactly one of the questions to which the course seeks to provide an answer.  These questions are not simply of intellectual interest.  Given the deepening crisis of world capitalism with the accompanying human misery, to know about Cuba's reality can have life and death consequences.  Given, also, that the U.S. government doesn’t make it easy for most of its citizens to travel to the island to make up their own minds about its reality, this course is a unique educational opportunity.","3","3","No","1","3","OPT - Student Option","-","Every Fall"
"POL","4465","Democracy and Dictatorship in Southeast Asia","Twin Cities","A fundamental question of politics is why some regimes endure for many years while others do not. This course examines the ""menu of manipulation"" through which dictators and democrats claim and retain power, and the conditions under which average citizens mobilize to challenge their governments, despite the risks and in the face of what may seem to be insurmountable odds. We will explore these political dynamics in Southeast Asia, one of the most culturally and politically diverse regions of the globe. Composed of eleven countries, Southeast Asia covers a wide geographical region stretching from India to China. With a rich endowment of natural resources, a dynamic manufacturing base, and a strategic location on China's southern flank, the region has come to play an increasingly important role in the political and economic affairs of the globe. Culturally and ethnically diverse, hundreds of languages are spoken, and the religions practiced include Buddhism, Catholicism, Hinduism, and Islam. The region is similarly diverse in its political systems, which range from democratic to semi-democratic to fully authoritarian.","3","3","No","1","3","OPT - Student Option","-","Fall Even Year"
"POL","4497W","Patronage & Corruption","Twin Cities","This course examines dysfunction within the state apparatus -- in the specific forms of patronage, corruption, and clientalism -- and asks why such dysfunction persists and what factors drive it to change. The first half of the course will be primarily devoted to patronage.  It will examine the functioning of the patronage mechanism; ask when and why patronage is abandoned in favor of meritocracy; and will assess the relationship between merit reforms and changes in the quality of governance. The second half of the course will be devoted to corruption. Specific topics to be covered will include: an examination of different forms of corruption, both at the level of political leaders and of bureaucratic officials; the relationship between corruption, democracy, transparency and accountability; governments' manipulation of corruption to provide incentives to bureaucratic and party officials; and different means of combating corruption.  The course will conclude with an examination of the relationship between patronage, corruption, clientalism and party politics, with a particular focus on the mechanisms that cause the correlation between these different forms of mis-governance.","3","3","No","1","3","OPT - Student Option","-","Every Spring"
"POL","4881W","The Politics of International Law and Global Governance","Twin Cities","Why do countries go to war? Are individuals, organizations, and governments driven by their interests or their ideas? What role does power play in international relations and is there any role for justice in global politics? What are the causes and consequences of an increasingly globalized world economy?

These questions are central to the study of international relations, yet different theoretical approaches have been developed in an attempt to answer them. Often these approaches disagree with one another, leading to markedly different policy prescriptions and predictions for future events. This course provides the conceptual and theoretical means for analyzing these developments in international politics.

By the end of this class, you will be able to understand the assumptions, the logics, and the implications of major theories and concepts of international relations. These include realism, liberalism, institutionalism, constructivism, critical security studies, feminist theory, queer IR theory, post-colonial theory, indigenous approaches to international relations, and neo-Marxism. A special effort is made to relate the course material to world events, developments, or conflicts in the past decade or so.","3","3","No","1","3","OPT - Student Option","-","Periodic Fall & Spring"
"POL","4885W","International Conflict and Security","Twin Cities","Why do states turn to military force and for what purposes? What are the causes of war and peace? What renders the threat to use force credible? Can intervention in civil wars stall bloodshed and bring stability? How effective is military force compared to other tools of statecraft? How can states cope with the threat posed by would-be terrorists? What is counterinsurgency doctrine? What is the future of military force in global politics?

This course addresses these questions - and others. The course is organized loosely into three sections or themes. The first section explores the causes and consequences of interstate war and peace. We will examine whether and how the international system, domestic institutions and politics, ideas and culture, ethnic and racial prejudice and inequity, and human psychology shape the path to war. Along the way, we debate whether war has become obsolete and why great power rivalry might be raising its ugly head once again. Attention is also devoted to the impact of war on economy and politics as well as the relations between armed forces and civilian government. The second section of the class explores the possibilities, limits, and challenges of more limited uses of force - such as the threat of force (coercion), peacekeeping and humanitarian intervention, and terrorism and counterterrorism. A third theme explores the strategic and ethical implications of the use of force and especially of innovation in military technologies - nuclear weapons, cyber, drones. Across all three sections, we examine how war and society mutually affect each other, including how racial, ethnic, and other categorical identities affect critical dynamics in security, from threat perception to military mobilization.

The course is organized around theoretical arguments, historical cases and data, and policy debates. Sessions are deeply interactive, engaged discussion is a must, and the class often divides into smaller groups for more intensive debate. Class time is also devoted to helping students craft an effective final research paper.","3","3","No","1","3","OPT - Student Option","-","Fall Odd, Spring Even Year"
"POL","5465","Democracy and Dictatorship in Southeast Asia","Twin Cities","A fundamental question of politics is why some regimes endure for many years while others do not. This course examines the ""menu of manipulation"" through which dictators and democrats claim and retain power, and the conditions under which average citizens mobilize to challenge their governments, despite the risks and in the face of what may seem to be insurmountable odds. We will explore these political dynamics in Southeast Asia, one of the most culturally and politically diverse regions of the globe. Composed of eleven countries, Southeast Asia covers a wide geographical region stretching from India to China. With a rich endowment of natural resources, a dynamic manufacturing base, and a strategic location on China's southern flank, the region has come to play an increasingly important role in the political and economic affairs of the globe. Culturally and ethnically diverse, hundreds of languages are spoken, and the religions practiced include Buddhism, Catholicism, Hinduism, and Islam. The region is similarly diverse in its political systems, which range from democratic to semi-democratic to fully authoritarian. ","3","3","No","1","3","OPT - Student Option","-","Fall Even Year"
"PORT","3003","Portuguese Conversation and Composition","Twin Cities","The goals of this course are twofold. The first goal is to improve your abilities in the four areas of language (speaking, listening, reading, and writing) to the point that you can communicate advanced ideas in written and spoken Portuguese. The second goal is for you to possess a foundational understanding of cultural texts (plays, short stories, poems, films, and essays) from the 1950s onward that will help generate your enthusiasm for Portuguese and help you understand how the arts are entwined in resistance to injustice throughout the communities where Portuguese, among other languages, is spoken. As a course that bridges the language courses and the content courses, PORT3003 includes both advanced grammar and critical analysis to prepare you for content courses, such as PORT 3501w, and the longer writing assignments that you will have in such courses. The course will be taught in Portuguese, and the reading, writing, and speaking will be done in Portuguese. Assessments include, but are not necessarily limited to, writing assignments, oral presentations, and written exams. 

prereq: 1104 or 3001 or Port LPE","4","4","No","1","4","OPT - Student Option","-","Every Fall & Spring"
"RELS","1001","Introduction to the Religions of the World","Twin Cities","Introduction to major religions of world/academic study of religion. Hinduism, Buddhism, Judaism, Christianity, Islam, some pre-Christian religions of Antiquity.","3","3","No","1","3","OPT - Student Option","-","Every Fall & Spring"
"RELS","1544W","Martyrs, Monks, Crusaders: World Christianity, 100-1400","Twin Cities","This course surveys the history of Christianity from its status as a persecuted minority religion of the Roman Empire to its dominant role in medieval Europe and Byzantium. We study Christian traditions in Asia and Africa as well as Europe with special attention to the relationship between Christianity and culture in the ancient and medieval world.","4","4","No","1","4","OPT - Student Option","-","Fall Odd, Spring Even Year"
"RELS","3079","Muslims and Jews: Conflict and Co-existence in the Middle East and North Africa since 1700","Twin Cities","Diversity of social/cultural interactions between Muslims and Jews and between Islam and Judaism since 1700. What enabled the two religious communities to peacefully coexist? What were causes of conflict? Why is history of Muslim-Jewish relations such a contested issue? ","3","3","No","1","3","OPT - Student Option","-","Fall Odd Year"
"RELS","3113","History of Modern Israel/Palestine: Society, Culture, and Politics","Twin Cities","History of Israel/Palestine, 19th–21st centuries. Zionism and Arab nationalism. Arab/Palestinian/Israeli wars. Ethnic, religious, and national identities. Israeli and Palestinian politics, culture, and society; conflicting narratives and shared histories. ","3","3","No","1","3","OPT - Student Option","-","Periodic Fall & Spring"
"RELS","3182","Egypt and Western Asia: Art and Archaeology of Ancient Egypt and Western Asia","Twin Cities","This course will provide students with foundational knowledge in the art, architecture and archaeology of Egypt, East Africa, Asia Minor, Mesopotamia, Iran and Central Asia from the Neolithic through Late Antiquity (ca. 7,000 B.C.E. - 650 C.E.). Students will gain an understanding of the relationship between the visual material and the social, intellectual, political and religious contexts in which it developed and functioned. In this regard, students will also gain an understanding of the evolution of, and exchanges and differences among, the visual cultures of these time periods and regions. It will also expose them to the preconditions for contemporary geopolitics in the region. ","3","3","No","1","3","OPT - Student Option","-","Every Fall & Spring"
"RELS","3371","Buddhism","Twin Cities","Historical and contemporary account of the Buddhist religion in Asia/world in terms of its rise, development, various schools, practices, philosophical concepts, and ethics. Current trends in the modern faith and the rise of ""socially engaged"" Buddhism.","3","3","No","1","3","OPT - Student Option","-","Periodic Summer"
"RELS","3415W","Art of India","Twin Cities","Indian sculpture, architecture, and paintings from the prehistoric Indus Valley civilization to the present day.","3","3","No","1","3","OPT - Student Option","-","Every Spring"
"RELS","3543","Pagans, Christians, Barbarians: The World of Late Antiquity","Twin Cities","Between classical and medieval, pagan and Christian, Roman and barbarian, the late antique world was a dynamic age. This course will focus on the Mediterranean region from the end of the second to the mideighth century. We will examine political, cultural, religious and socio-economic transitions that characterized this period, including elements of continuity and change. We will consider the significance of such factors as the conversion of Constantine, the rise of Constantinople, Christian responses to culture, the monastic movement, the persistence of paganism, the fall of Rome, barbarian
invasions, the rise of Islam, and developments in philosophy, theology, and education.","3","3","No","1","3","AFV - A-F or Audit","-","Fall Odd Year"
"RELS","3544W","Martyrs, Monks, Crusaders: World Christianity, 100-1400","Twin Cities","This course surveys the history of Christianity from its status as a persecuted minority religion of the Roman Empire to its dominant role in medieval Europe and Byzantium. We study Christian traditions in Asia and Africa as well as Europe with special attention to the relationship between Christianity and culture in the ancient and medieval world.","4","4","No","1","4","OPT - Student Option","-","Fall Odd, Spring Even Year"
"RELS","3679","Religion and Society in Modern South Asia","Twin Cities","Survey of religious formations in premodern India (Hindu, Islamic, Sikh). Transformation of religious practice/thought. Religion and nationalism. Geopolitical dimensions of religious transformation in South Asia.","3","3","No","1","3","OPN - Student Option No Audit","-","Periodic Fall & Spring"
"RELS","3706W","Art of Islam","Twin Cities","Architecture, painting, and other arts from Islam's origins to the 20th century. Cultural and political settings as well as themes that unify the diverse artistic styles of Islamic art will be considered.","3","3","No","1","3","OPT - Student Option","-","Every Fall"
"RELS","3711","The Islamic World","Twin Cities","The Islamic World provides a comprehensive introduction of Islam from its inception to today. The course’s journey begins with Islam’s dawn in the small desert oasis of Mecca in the Arabian peninsula over 14 centuries ago to today when it is a worldwide faith. One hundred years from its inception, Islam spread to what is today Syria, Iraq, the Horn of Africa, North Africa, and across the Mediterranean Sea. Central Asia, the Indian subcontinent, and Anatolia (Turkey) came under the sway of Islam leading to the emergence of three major Islamic civilization that dominated and enlightened the old world for several centuries. This era came to an end with the rise of Capitalist Europe and its colonization of much of the world including Muslim societies. Like many colonized peoples, Muslims threw the yoke of colonialism and joined the postcolonial World. Beyond this historical geographic survey, the course examines the Muslim World’s relationships with the West, democracy, and development. It also explore how Muslims and Islam engage the seemingly contemporary topics such as human rights, gender relations, the monumental environmental crisis of our time, the war on terror and the terror of war, and the Palestinian-Israeli conflict.  Marhaba or Soo Dhawoow (Welcome).  ","3","3","No","1","3","OPT - Student Option","-","Every Fall"
"RELS","3715","History of the Crusades","Twin Cities","Crusading spirit in Europe. Results of classic medieval crusades, ca 1095-1285. States established by crusaders in the Near East. Internal European crusades. Chronological prolongation of the crusading phenomenon.","3","3","No","1","3","OPT - Student Option","-","Every Fall, Spring & Summer"
"RELS","3717","Christians, Muslims, and Jews in the Middle Ages","Twin Cities","A Pew Research survey of the global religious landscape in 2010 found 2.2 billion Christians (31.5% of the world?s population), 1.6 billion Muslims (23.2%), and 14 million Jews (.2%). In this class, we explore how the histories of these religious communities became deeply entangled in an age of diplomacy, trade, jihad, and crusade.","3","3","No","1","3","OPT - Student Option","-","Fall Even, Spring Odd Year"
"RELS","3722","The Ottoman Empire","Twin Cities","Survey of Islam's most successful empire, from its founding circa 1300 to its demise in 1923. Lands, institutions, peoples, historical legacy.","3","3","No","1","3","OPT - Student Option","-","Every Fall & Spring"
"RELS","3773","Islamic Mysticism: From Divine Love to Anti-Colonial Resistance","Twin Cities","This course offers a comprehensive introduction to Islamic mysticism, or Sufism. In this course, we will develop a well-rounded understanding of Islamic mysticism, highlighting its diverse manifestations across historical periods and regions while exploring its literary dimensions, spiritual practices, and enduring influence on Islamic intellectual, social, and political life. We will trace the development of Islamic mysticism from its beginnings in the ninth century to the present, exploring its various trajectories around the globe. With this historical foundation in hand, each week we will focus on a different theme, such as Sufi approaches to the Quran, love poetry, rituals and practices, saintly miracles and shrine visitation, and Sufisms role in the political sphere. Special attention will be given to how Sufism is intertwined with the social and political life of Muslims in both medieval and contemporary times. The course will end with an examination of Sufism in the modern period, its relationship to colonialism, and the tensions that have arisen between Sufism and its detractors. Throughout the semester, we will engage with a wide range of materials, including poetry translations, news articles, medieval texts, musical performances, short films, and more. No prior knowledge of Islam is required, and all readings will be in English translation.","3","3","No","1","3","A-F - A-F Grade Basis","-","Periodic Fall & Spring"
"RM","4217","International Retail Markets","Twin Cities","Operating a retail business in foreign countries. How international markets differ from U.S. market. Effects of sociocultural systems within foreign countries. Theories of international trade. Interface between countries and firms. Strategic alternatives for global retail operations.","3","3","No","1","3","AFV - A-F or Audit","004624","Every Spring"
"RUSS","3404","Tolstoy in Translation","Twin Cities","Novels, stories, and philosophical writings of Leo Tolstoy.","3","3","No","1","3","OPT - Student Option","-","Spring Odd Year"
"RUSS","3411","Dostoevsky in Translation","Twin Cities","A prophet who predicted the October Revolution, the creator of characters so psychologically complex they inspired Freud, a political radical who endured a mock execution and exile to Siberia, a religious nationalist who mocked the racism of the “left” of his time, a forerunner of the Existentialists—Fyodor Dostoevsky has been called all these things and more. His “polyphonic” novels present contradictory points of view so convincingly that readers are sometimes swayed to the view he seems to have wanted to argue against. With novels that survive translation remarkably well, Dostoevsky has had enthusiastic readers across the world ever since he was alive and writing. In this course, we will read several of his best-known pieces of fiction, analyzing his artistic methods as well as his philosophical views. We will consider how his works are related to his eventful life and the debates of mid-nineteenth century Russia, on the one hand, and on the other to universal human themes.","3","3","No","1","3","OPT - Student Option","-","Spring Even Year"
"RUSS","3512","Russian Art and Culture","Twin Cities","Major trends in Russian visual arts in context of social, political, and ideological questions.","3","3","No","1","3","OPT - Student Option","-","Fall Odd Year"
"RUSS","3633","The (In)Convenient Past in the Soviet and Russian Collective Memory","Twin Cities","In RUSS 3633, you will be introduced to the area of memory studies that focuses on collective memory and the phenomenon of the ""difficult past."" While all countries and all cultures have an idea about what historical events constitute their ""difficult past,"" the parameters used to define it differ drastically. Furthermore, different elements of that past may be treated as convenient or inconvenient by the society and suitable/helpful or unsuitable/detrimental to the official history narrative. RUSS 3633 focuses on two impactful events that took place in and/or profoundly affected the USSR in the 20th century (World War II and mass repressions) and ways in which the collective memory of each of those events evolved over time, how it was constructed in works of literature and film, as well as in the memories of individuals and institutions, and how it was used or suppressed in order to support the Soviet and Russian mainstream historical narratives.","3","3","No","1","3","OPN - Student Option No Audit","-","Periodic Fall & Spring"
"RUSS","3641","Russian Myths and Folktales","Twin Cities","This course examines Russian folklore, including its roots in pre-Christian Slavic traditions, and its relationship with modern culture and experience. We will explore the connection between fairytales and myths and the evolution of Russian culture and nationality. ","3","3","No","1","3","OPT - Student Option","-","Periodic Fall & Spring"
"RUSS","5404","Tolstoy in Translation","Twin Cities","Novels, stories, and philosophical writings of Leo Tolstoy.","3","3","No","1","3","OPT - Student Option","001186","Spring Even Year"
"RUSS","5411","Dostoevsky in Translation","Twin Cities","A prophet who predicted the October Revolution, the creator of characters so psychologically complex they inspired Freud, a political radical who endured a mock execution and exile to Siberia, a religious nationalist who mocked the racism of the “left” of his time, a forerunner of the Existentialists—Fyodor Dostoevsky has been called all these things and more. His “polyphonic” novels present contradictory points of view so convincingly that readers are sometimes swayed to the view he seems to have wanted to argue against. With novels that survive translation remarkably well, Dostoevsky has had enthusiastic readers across the world ever since he was alive and writing. In this course, we will read several of his best-known pieces of fiction, analyzing his artistic methods as well as his philosophical views. We will consider how his works are related to his eventful life and the debates of mid-nineteenth-century Russia, on the one hand, and on the other to universal human themes.","3","3","No","1","3","OPT - Student Option","001186","Spring Even Year"
"SCAN","3501W","Scandinavian Culture Past and Present","Twin Cities","Cultural, social, and political developments; principal views and core values; major cultural figures; Scandinavian mentality. Readings in translation for nonmajors. Invited lectures on central topics within selected areas of study.","3","3","No","1","3","OPT - Student Option","-","Fall Even, Spring Odd Year"
"SCAN","3502","Scandinavian Myths","Twin Cities","Literary and cultural investigation of the popular beliefs, myths, and religion of the medieval Scandinavians; the interaction of paganism and Christianity; the reflection of myths in Old Scandinavian literature and art.  All readings in English.","3","3","No","1","3","OPT - Student Option","-","Fall Odd, Spring Even Year"
"SCAN","3503","Scandinavian Folklore","Twin Cities","Literary and folkloristic investigation of Scandinavian folktales and legends.  Readings in translation for nonmajors.","3","3","No","1","3","OPT - Student Option","-","Fall Odd, Spring Even Year"
"SCAN","3504","Emigration, Immigration, Integration: The Nordic Experience","Twin Cities","Issues of origin/language, immigration/settlement, traditions/values, culture/politics, and transgressions of boundaries from the old to the new studied through photos, diaries, letters, stories, and novels by Moberg, Rolvaag, Ager, and other pioneers. All readings in translation.","3","3","No","1","3","OPT - Student Option","-","Every Fall & Spring"
"SCAN","3614","Blood on Snow: Scandinavian Thrillers in Fiction and Film","Twin Cities","Scandinavian crime novels/films against background of peaceful welfare states. Readings in translation for non-majors. Scandinavian majors/minors read excerpts in specific languages.","3","3","No","1","3","OPT - Student Option","-","Periodic Fall & Spring"
"SCAN","3617","Scandinavian Gothic: Horror and the Uncanny in Nordic Literature and Media","Twin Cities","Scandinavia is popularly thought of as a bastion of social democracy, gender equality, and sleek modern design. Despite this well-earned reputation for political and aesthetic progressivism, there has also been a significant undercurrent of anti-rationalism and supernatural horror in Nordic culture. In Gothic fiction, the unwelcome appearance of primitive, irrational, and malevolent forces often takes the form of supernatural or monstrous figures—ghosts, vampires, witches, and trolls. As conventions established abroad mingled with a home-grown tradition of social realism, the Scandinavian Gothic became a vehicle for representing marginalized voices and revealing the shortcomings of Nordic societies. We will examine Gothic works of literature, film, television, popular music, and visual art. Through this examination, we will build an analytical vocabulary to formally analyze works of Gothic art in all of these media, and will practice that through in-class discussions as well as formal and informal writing.","3","3","No","1","3","OPT - Student Option","-","Spring Even Year"
"SCAN","3634","Scandinavian Women Writers","Twin Cities","Investigation of issues important to women as articulated by Scandinavian women writers.  Historical overview of women's writing in Scandinavia and in-depth investigation of texts by contemporary women writers. All readings in translation.","3","3","No","1","3","OPT - Student Option","-","Spring Odd Year"
"SCAN","5617","Scandinavian Gothic: Horror and the Uncanny in Nordic Literature and Media","Twin Cities","Scandinavia is popularly thought of as a bastion of social democracy, gender equality, and sleek modern design. Despite this well-earned reputation for political and aesthetic progressivism, there has also been a significant undercurrent of anti-rationalism and supernatural horror in Nordic culture. In Gothic fiction, the unwelcome appearance of primitive, irrational, and malevolent forces often takes the form of supernatural or monstrous figures?ghosts, vampires, witches, and trolls. As conventions established abroad mingled with a home-grown tradition of social realism, the Scandinavian Gothic became a vehicle for representing marginalized voices and revealing the shortcomings of Nordic societies. We will examine Gothic works of literature, film, television, popular music, and visual art. Through this examination, we will build an analytical vocabulary to formally analyze works of Gothic art in all of these media, and will practice that through in-class discussions as well as formal and informal writing.","3","3","No","1","3","OPT - Student Option","-","Spring Even Year"
"SCAN","5634","Scandinavian Women Writers","Twin Cities","Issues important to women as articulated by Scandinavian women writers. Historical overview of women's writing in Scandinavia. In-depth investigation of texts by contemporary women writers. All readings in translation.","3","3","No","1","3","OPT - Student Option","001186","Fall Even, Spring Odd Year"
"SCMC","3211","Global and Transnational Cinemas","Twin Cities","This course explores Global and Transnational Cinemas as alternative traditions to the dominant Hollywood-centered accounts of film history. Students will grapple with the historical, social, and political motivations of cinematic projects that critique traditions of national cinema, or that resist the hegemonic force of neocolonial cultural centers. Italian Neo-realism and the French New Wave will be examined as movements that challenge politics and mass culture. Third Cinema in Latin America and pan-African cinematic movements will be examined through their struggles with both colonialism and the rise of post-colonial dictatorships. Indian and Japanese cinemas of the 50s & 60s will mark out new possibilities of filmmaking and distribution. Finally, counter-hegemonic and experimental movements in U.S.-based film, such as the L.A. Rebellion and Fluxus, will allow students to understand how opposition to Hollywood style could exist within the very centers of cultural power while also reaching out to larger global communities.","4","4","No","1","4","OPT - Student Option","-","Every Fall & Spring"
"SMGT","3634","Marketing & Sponsorship in German Sports","Twin Cities","This Global Seminar will explore the topic of sport sponsorship and its importance in international sport marketing. The course includes travel to Munich, Germany. While in Germany, the role of sport sponsorship will be viewed from the perspective of a series of brands that maintain primary operations in Munich, Germany. Specifically, students will learn sport sponsorship sales, activation, and account management from a number of German sport organization’s perspectives through a series of tours and presentations. Notably, students will have the chance to engage with world football (soccer) power, FC Bayern Munich (FCB). Students will also develop an understanding of sport sponsorship from the perspective of major corporate partners of FCB, the German Bundesliga, and other sport brands (Allianz, Audi, Adidas, T Mobile, and BMW). These activities will inform the students' knowledge of sport sponsorship and international sport marketing and serve as the foundation for the completion of their final sponsorship proposal project.","3","3","No","1","3","A-F - A-F Grade Basis","-","Periodic Spring"
"SOC","3446","Comparing Healthcare Systems","Twin Cities","Examination of national health systems from an international comparative perspective, emphasizing social, organizational, political, economic, cultural, and ethical dimensions of healthcare policies and programs to deliver services and their impacts on the health of population groups. The comparative approach will enable students to acquire a better understanding of the problems and potential for reforming and improving US healthcare delivery.


Pre-req: Soc majors/minors must register A-F","3","3","No","1","3","AFV - A-F or Audit","-","Periodic Fall & Spring"
"SOC","3505","Migrations: People in Motion","Twin Cities","Students in this course will tackle debates related to migration from a variety of disciplinary perspectives and will compare and connect diverse migration trends around the world (Asia, Africa, Latin America, and North America).  Students will critically engage with various paradigms on the geopolitical, racial, and gender power dynamics that anchor migration processes and outcomes. Why would the movement of individuals from some parts of the world (often from the least developed regions to the highly developed Western nations) create such strong and highly charged debates? How are cross border social and economic relations of individuals and households maintained and perpetuated? What are particular governments doing to either encourage or hinder these movements? How are current migrations different from earlier eras? Is this gendered, and if so, how and why? The objective of this course is to explore the above questions through academic and policy published literature.  

prereq: Soph, jr, or sr","3","3","No","1","3","AFV - A-F or Audit","000595","Periodic Fall & Spring"
"SOC","3511","World Population Problems","Twin Cities","This class is an introduction to the contemporary issues that accompany such dramatic population change, including fertility change, disease experiences, migration as opportunity and challenge and human-environment conflict. Further, we will examine the roles of global organizations, national governments, and culture in shaping and reshaping populations.

prereq: [SOC 1001] recommended, Sociology majors/minors must register A-F","3","3","No","1","3","AFV - A-F or Audit","-","Periodic Fall & Summer"
"SOC","3511H","Honors: World Population Problems","Twin Cities","This class is an introduction to the contemporary issues that accompany such dramatic population change, including fertility change, disease experiences, migration as opportunity and challenge and human-environment conflict. Further, we will examine the roles of global organizations, national governments, and culture in shaping and reshaping populations. 

Additional special assignments will be discussed with honors participants who seek to earn honors credit toward the end of our first class session.   Students will also be expected to meet as a group and individually with the professor four times during the course semester. 
Examples of additional requirements may include:
·   Sign up and prepare 3-4 discussion questions in advance of at least one class session.
·   Work with professor and TA on other small leadership tasks (class discussion, paper exchange, tour).
·   Write two brief (1-page) reflection papers on current news, or a two-page critique of a class reading
·   Attend a presentation, workshop, or seminar on a related topic for this class and write a 2-page maximum reflective paper.
·   Interview a current Sociology graduate student and present briefly in class or write a reflective piece, not more than 2 pages in length, to be submitted to the Professor. 

prereq: [SOC 1001] recommended, Sociology majors/minors must register A-F","3","3","No","1","3","A-F - A-F Grade Basis","000571","Periodic Fall & Spring"
"SOC","3613W","Stuffed and Starved: The Politics of Eating","Twin Cities","This course takes a cross-cultural, historical, and transnational perspective to the study of the global food system. Themes explored include: different cultural and social meanings attached to food; social class and consumption; the global food economy; global food chains; work in the food sector; the alternative food movement; food justice; environmental consequences of food production. 

prereq: Soc majors/minors must register A-F","3","3","No","1","3","AFV - A-F or Audit","-","Periodic Fall & Spring"
"SOC","4171","Sociology of International Law: Human Rights & Trafficking","Twin Cities","This course takes a sociological approach to international law, considering how history, institutions, power, and interests shape the phenomenon. What is international law, where does it come from, and how does it work? What does international law tell us about globalization and nation-states? Does it make a difference in the world? Does it have a real impact on the day-to-day lives of individuals? When is it followed; when is it ignored? This course takes a broad sociological view of international law. We analyze the actors and processes that constitute international law and then focus on particular substantive areas, including human rights, economic development,environmental concerns, trafficking, and drug interdiction.

prereqs: 1001 or 3101 or 3102 or instr consent; soc majors/minors must register A-F","3","3","No","1","3","AFV - A-F or Audit","-","Periodic Fall & Spring"
"SOC","4321","Globalize This! Understanding Globalization through Sociology","Twin Cities","From the city streets of Bangalore to the high plateaus of La Paz to the trading floors of New York City, people from around the world are becoming increasingly interdependent, creating new and revitalizing old forms of power and opportunity, exploitation and politics, social organizing and social justice. This course offers an overview of the processes that are forcing and encouraging people’s lives to intertwine economically, politically, and culturally.

SOC majors/minors must register A-F.","3","3","No","1","3","AFV - A-F or Audit","-","Periodic Spring"
"SOC","5446","Comparing Healthcare Systems","Twin Cities","Examination of national health systems from an international comparative perspective, emphasizing social, organizational, political, economic, cultural, and ethical dimensions of healthcare policies and programs to deliver services and their impacts on the health of population groups. The comparative approach will enable students to acquire a better understanding of the problems and potential for reforming and improving U.S. health care delivery.

Students enrolled in Soc 5446 (graduate level) are expected to demonstrate greater depth of discussion, depth and to a degree length of writing assignments, presentations, and leadership of the students.

prereq: Soc majors/minors must register A-F","3","3","No","1","3","AFV - A-F or Audit","-","Periodic Fall & Spring"
"SW","1501","Introduction to Peace Studies","Twin Cities","This course provides an introduction to peace studies – an interdisciplinary field that considers questions such as: how can human conflicts be resolved in ways that promote justice and peace? Learners in this class explore definitions, conditions, and causes of violence, nonviolence, war, and peace – be it between nations, groups, or individuals. Students will be able to distinguish between the concepts of negative peace, or the absence of war, and positive peace, understood as the presence of values and practices which promote justice and well-being within a society (such as economic and social justice and environmental stewardship). Learners in the class will explore a broad range of historical examples of ways that people have responded powerfully and creatively to situations of violence and injustice, and construct their own understandings of creative ways to respond to conflict. ","3","3","No","1","3","A-F - A-F Grade Basis","-","Every Fall & Spring"
"TH","4181","Convicts, Crocodiles, and Contrasts: Exploring Australian Identity in Film and Literature","Twin Cities","What is ""Australian""? The content of this course will employ a cultural, literary, and film studies approach to exploring the development and representation of Australian identity through the lens of film, drama, and literature. The course will be a 3-week long study abroad course with pre-departure readings and films, on-site readings and activities, and a final project due upon return.
Australia is an isolated place considered to be on the ""edge of the world,"" simultaneously the oldest continent and a young civil society. It is a place evocative of wild stunning landscape, exotic wildlife, and a history as a convict colony. Since the birth of the Australian film industry in the 1950's Australian filmmakers have sought to tell their own stories and to interrogate the idea of Australian culture. The global success of films such as Mad Max, Crocodile Dundee, and Priscilla Queen of the Desert have served to reinforce and disrupt stereotypes of Australia as a place and culture. In contrast, films such as Rabbit Proof Fence, Animal Kingdom and The Sapphires seek to tell alternative narratives. Themes such as the urban and rural divide, conquering nature, the place in society of indigenous communities, and fatalism are interrogated
Similarly, Australian writers such as Colleen McCullugh, Kate Grenville, Tim Winton, and Liane Morriarty have gained international readership. Their novels, as well as others, use landscape and storytelling to create and challenge simplistic ideas of Australian history and culture.
By studying the history and works engaged in creating and interpreting this idea of Australian identity, from Australian artists, students will be asked to engage in a more complex way with the ideas of heritage, culture, and national identity in general. Students will also read selected essays on Australian history and culture. The IDI (Intercultural Development Inventory) will also be used as a tool to engage with the dialogue on identity and culture in general.","3","3","No","1","3","A-F - A-F Grade Basis","-","Periodic Spring"
"TH","4382","Inventing Ireland","Twin Cities","What does the idea of being “Irish” mean? The content of this course will employ a cultural studies and performative theory approach to exploring the development and representation of Irish identity and “Irishness” in the 20th Century through the lens of literature, drama, and film.  The course will be a three-week long study abroad course with pre-departure readings and films, on-site readings of plays and short stories, and a final project due upon return.  By studying the history and works engaged in creating and interpreting this idea of Irish identity, both from and external to Ireland, students will be asked to engage in a more complex way with the ideas of heritage, culture, and national identity in general.  Students will also read selected of essays on culture and Irish history. ","3","3","No","1","3","A-F - A-F Grade Basis","-","Periodic Spring"
"YOST","1368W","Youth Global Perspectives","Twin Cities","This course uses literature by a diverse array of global authors as a window into youth experience and representation. We identify dominant narratives constructed through education, culture, religion, and media, and examine how authors and readers offer counternarratives. We work within social justice and decolonizing frameworks to understand how global power relations and our own perspectives are shaped by U.S. and European imperialism. We embrace the liberatory and expressive possibilities of narrative, while also recognizing the constraints exercised by the publishing industry and English language dominance. Literature opens up conversations about the lived experiences of youth. It invites us to empathize with experiences beyond our own, and provides an opportunity to highlight how cultural contexts shape interpretation. Together we will read, reflect, and analyze global texts by, for, and about youth. Accountability for readings takes the form of quizzes and reading responses. Students build skills of critical analysis through writing assignments, examining the array of choices authors make and the impact they have on audiences. Class is structured as a collaborative and interactive experience, with an emphasis on small group activities and participation.","4","4","No","1","4","OPT - Student Option","-","Every Fall & Spring"
"YOST","3011","Young Voices: The Fight for Social Change in Croatia","Twin Cities","This international immersion course explores the history, struggles, accomplishments, and experiences of Croatian young people who have engaged in social change efforts. Our focus will be on young people's involvement in a diverse range of social change movements and how these emerged, how they worked, and what caused them to decline.","3","3","No","1","3","A-F - A-F Grade Basis","-","Periodic Summer"
"YOST","3012","Decolonizing Ireland: Youth and Community Revitalization","Twin Cities","In this class, students are invited to investigate the world from varied historical perspectives, learn new ways of thinking, and grow as active citizens and lifelong learners for the 21st century. In particular, students will explore the concepts of indigeneity and colonialism within the context of youth and community work in Ireland. While many narrate Ireland as a site of political conflict and reconciliation, this course takes a more holistic, historic, and futuristic perspective. Over centuries, Ireland has experienced successive waves of colonization most notably, and recently, by the English. Hallinan (1977) wrote “if Ireland can claim any special place in the history of colonialism, it is that of a laboratory and testing ground for policies that would be applied at a later date, in different times and places.” Irish colonization served as the blueprint for settler colonialism around the globe and resulted in a paradox wherein the Irish diaspora transitioned to a privileged colonizer status. At the same time, the Irish in Ireland, remained occupied, both experiencing and carrying the legacy of intergenerational trauma. Over the past few decades, Irish peoples in Ireland, often under the auspices of youth and community work in rural and Gaelic speaking areas, have engaged in a project of re-indigenization. Partnering with and hosting Indigenous peoples from around the globe, Ireland is reclaiming its indigeneity; revitalizing pre-colonial culture, governance structures, language, ecologies, and lifeways. 

Students will engage this content using tested practices of experiential and place-based learning grounded in the traditions of youth and community work. We will learn, on the land and in community, about the ways that colonization changed both people and place. To best understand these experiences and impacts, students will learn alongside youth and community workers in gaeltacht (gaelic speaking) regions. They will walk the land, listen to its stories, and feel its revitalization. For example, students might visit the emigration museum to view ship manifests or walk the Bridge of Tears, take a wee dander to learn Irish traditional ecological knowledge, attend a nature-based healing in the local eas (waterfall), work alongside community members to restore the ancient oak forest, learn from the hawthorn and hazel in the tradition of an Irish forest school, or explore ancient rites of passage and ceremony. Students will close their time in Ireland by revisiting common narrations of Ireland as a site of political conflict and reconciliation in comparison to the Indigenous Ireland movement: an ongoing movement to reclaim and revitalize Irish land, language, and lifeways and to build relationships with and responsibility to other international Indigenous communities. ","3","3","No","1","3","A-F - A-F Grade Basis","-","Periodic Spring"