"Course subject code","Course number","Course name","Campus","Course description","Minimum credits","Maximum credits","Is this course repeatable?","What is the maximum number of completions allowed?","What is the maximum number of credits that can be earned from this course?","Grading basis","Requirements","Typically offered term(s)"
"AAS","3862","American Immigration History","Twin Cities","The United States has frequently been called a “nation of immigrants,” yet despite this celebratory view of the U.S.’s immigrant origins, present-day immigration often provokes fear, anxiety, and resistance. Indeed, immigrants have rarely been truly welcomed in any historical era. This course will examine the history of immigration to, and migration within, the United States from the colonial era to the present, including forced migrations, such as the African slave trade.

We will consider the full range of the migration experience, including what compelled or inspired people to leave their homelands, the means of their migration, and how they settled in their new homes. In addition, we will look at the cultural transformations precipitated by immigration including the creation of ethnic identities, assimilation, and transculturation. Various forms of nativist sentiment and practice will be addressed, as well as migrant and ethnic resistance to nativism, racism, and exploitation.","3","3","No","1","3","OPT - Student Option","-","Periodic Fall & Spring"
"AAS","3875W","Comparative Race and Ethnicity in U.S. History","Twin Cities","This writing-intensive course examines the racial history of modern America. The focus is placed on how American Indians, African Americans, and immigrants from Europe, Asia, and Latin America struggle over identity, place, and meanings of these categories in society where racial hierarchy not only determined every aspect of how they lived, but also functioned as a lever to reconstitute a new nation and empire in the aftermath of the Civil War. We are interested in studying how these diverse groups experienced racialization not in the same way but in various and distinct ways in relation to each other.","3","3","No","1","3","AFV - A-F or Audit","-","Periodic Fall & Spring"
"AAS","3877","Asian American History, 1850 to Present","Twin Cities","Asian American history and contemporary issues, from 1850 to present. Immigration, labor, anti-Asian movements, women/families, impact of World War Two, new immigrant/refugee communities, civil rights, Asian American identity/culture.","3","3","No","1","3","OPT - Student Option","-","Every Fall & Spring"
"AFRO","3016","Africa and African Diaspora Archaeology","Twin Cities","Africa and African Diaspora Archaeology (AFRO/ ANTH 3016/5016) examines the evolution of human behavior in Africa and looks at subsequent social, cultural, and technological developments as shown in archaeological records including artifacts, ecofacts, rock art, and structures at archaeological sites. It also discusses methods used to identify archaeological records and how these records can be used to reconstruct past ways of life. Students will obtain hand-on-experience in identifying, classifying, and interpreting archaeological objects. The course covers Africa from around 2.6 million years ago to the recent past, focusing primarily on the last 10,000 years. It examines the development and spread of food production, pottery, metallurgy, trade, and African connections with the Atlantic world dating back to the fifteenth century. 
","3","3","No","1","3","OPT - Student Option","-","Every Fall"
"AFRO","3103","World History and Africa","Twin Cities","This course is an interdisciplinary survey of the history of the African continent. It examines the social, cultural, economic and political transformations that shaped varied African communities from prehistory to the present. Focusing primarily on the intricate intersection of culture, society, economics, and politics, the course examines the concept of “world history” and Africa’s location in the production of this history as theoretical and analytical lenses. It puts particular emphasis on the social, cultural and political developments that informed individual and collective experiences of various African peoples and societies, including the historical narratives and scholarly discourses associated with them.

","3","3","No","1","3","AFV - A-F or Audit","-","Periodic Fall, Spring & Summer"
"AFRO","3120","Social and Intellectual Movements in the African Diaspora","Twin Cities","Political, cultural, historical linkages between Africans, African-Americans, African-Caribbean. Black socio-political movements/radical intellectual trends in late 19th/20th centuries. Colonialism/racism. Protest organizations, radical movements in United States/Europe.","3","3","No","1","3","AFV - A-F or Audit","-","Every Fall"
"AFRO","3205","History of South Africa from 1910: Anti-Racism, Youth Politics, Pandemics & Gender (Based Violence)","Twin Cities","We are all living in extraordinary times. But what does that mean? In South Africa, we have seen the COVID-19 pandemic and the measures implemented to control it causing massive social upheaval and personal distress. It has forced the people in the country to confront issues that life prior to the pandemic had made easy to turn away from. Misogyny, gender based violence, and sexual violence, a long-standing emergency in the south of Africa, have been forced into our vision once again. It was not the pandemic that created this violence. Nor was it the first time people had been outraged by a lack of action to address it. In the years approaching 2020, calls, protests and demonstrations were increasingly demanding the culture of impunity in gender based violence be ended; sometime with violent outcomes against the protestors themselves. Over those same years, nationwide protests have rocked South Africa's university campuses. The student movements known as #RhodesMustFall, #FeesMustFall and #RUReferenceList highlight the contrasts and disappointments of the recent past in South Africa, confront the legacy of racism and misogyny in its institutions and knowledge systems, and resonate with a history of anti-racism and struggle that now, in turn, similarly fuel the on-going Black Lives Matter and #MeToo movements worldwide.","3","3","No","1","3","OPT - Student Option","-","Periodic Fall"
"AFRO","3431","Early Africa and Its Global Connections","Twin Cities","This course offers a general, introductory survey of African history from the earliest times to around 1860. You need have no prior knowledge of the subject, just interest and enthusiasm. We will explore Africa’s rich and diverse pre-colonial past, paying particular attention to material and social change and the ways in which both ruling elites and “ordinary” men and women—farmers, herders, traders, slaves—helped to shape their worlds.

Given the vast chronological and geographic scope of the continent, our coverage will necessarily be selective. Rather than attempting to cover everything, the course highlights major themes and case studies that illuminate broader patterns and transformations. Topics include climate and environment, migration and settlement, material culture, state formation, trade networks, slavery and the slave trade, and the spread and influence of Islam and Christianity.

Students will also be introduced to the methods historians use to reconstruct Africa’s early past, including oral traditions, archaeology, linguistics, and anthropology. By the end of the course, students will have developed a strong methodological and historiographical foundation for understanding African history and situating specific events and processes within larger regional and global contexts","3","3","No","1","3","A-F - A-F Grade Basis","-","Periodic Fall & Spring"
"AFRO","3432","Modern Africa in a Changing World","Twin Cities","Socioeconomic, political, and cultural development in Africa, from abolition of trans-Atlantic slave trade through postcolonial era.","3","4","No","1","4","OPT - Student Option","-","Every Fall, Spring & Summer"
"AFRO","3434","Images of Africa","Twin Cities","Major themes in African history, from early human development to present.  History of western ""knowledge"" about Africa. Assumptions that have influenced production of African history. Extent to which African history is ""packaged"" for public consumption inside/outside Africa. How history is used to support modern political agendas.","3","3","No","1","3","OPT - Student Option","-","Periodic Fall & Spring"
"AFRO","3864","African American History: 1619 to 1865","Twin Cities","Importance of dynamics of class, gender, region, and political ideology. Changing nature of race/racism.","3","3","No","1","3","OPT - Student Option","-","Periodic Spring"
"AFRO","5016","Africa and African Diaspora Archaeology","Twin Cities","Africa and African Diaspora Archaeology (AFRO/ ANTH 3016/5016) examines the evolution of human behavior in Africa and looks at subsequent social, cultural, and technological developments as shown in archaeological records including artifacts, ecofacts, rock art, and structures at archaeological sites. It also discusses methods used to identify archaeological records and how these records can be used to reconstruct past ways of life. Students will obtain hand-on-experience in identifying, classifying, and interpreting archaeological objects. The course covers Africa from around 2.6 million years ago to the recent past, focusing primarily on the last 10,000 years. It examines the development and spread of food production, pottery, metallurgy, trade, and African connections with the Atlantic world dating back to the fifteenth century. ","3","3","No","1","3","OPT - Student Option","-","Every Fall"
"AMES","3372","History of Women and Family in China, 1550-Present","Twin Cities","In this class we will examine women, gender relations, and family in China from about 1550 to the present. We will read fiction, poetry, memoirs, and works by historians, as well as watch films and examine visual evidence. We will always be attentive to questions of how we know what we know and of the nature of the sources we are looking at.","3","3","No","1","3","OPT - Student Option","-","Periodic Fall & Spring"
"AMES","3373","Religion and Society in Imperial China","Twin Cities","Varieties of religious experience in imperial China. Religion as lived practices. Textual traditions. Buddhism, Daoism, Confucianism, relations among them. Western missionary enterprise in China.","3","3","No","1","3","OPT - Student Option","-","Periodic Fall & Spring"
"AMES","3478","Modern Japan, Meiji to the Present (1868-2000)","Twin Cities","Japan's development as industrial/imperial power after Meiji Restoration of 1868. Political developments in Taisho years. Militarization/mobilization for war in 1930s. Japan's war with China, Pacific War with US. American Occupation. Postwar economic recovery, high growth. Changing political/popular culture of 1980s, '90s.","3","3","No","1","3","OPT - Student Option","-","Every Fall & Spring"
"AMES","3576","Language & Society of the Two Koreas","Twin Cities","This course is designed to offer an introduction and contrastive analysis of the language and society of the two Koreas; the Republic of Korea (better known as South Korea) and the Democratic People's Republic of Korea (better known as North Korea). This course will introduce the growing divide of the past 70 years between North and South Korea in the areas of language, society, and culture.","3","3","No","1","3","A-F - A-F Grade Basis","-","Periodic Fall & Spring"
"AMES","3871W","Islam: Religion and Culture","Twin Cities","This course serves as an introduction to the rise of Islam and its spread, tracing its journey from a local to a global religion. Special emphasis will be placed on the “classical period” of Islamic history, from the formation of the Qur’an in the seventh century CE to the fall of Abbasid Baghdad in the thirteenth century CE, while still tracing the trajectories of Islamic identity on into the early modern and modern world. We will pay careful attention to the historical context in which Islam arose and the dialogue it has maintained with other world religions from its very beginning. While engaging with important developments in Islamic thinking and culture in the Middle East and North Africa, we will also study the history of Islam in Europe and eastern Asia. A core aspect of this course will be to highlight the Qur’an and the Hadith as foundational documents in the development of Islamic religious identity. At the same time, this course will introduce students to the literary, scientific, political, philosophical, and artistic achievements of this formative period in Islamic history. Throughout this course, we will maintain a focus on the relationship between Muslims and their religious neighbors, especially Jews and Christians. We will highlight recurring themes in these relationships, from scholarly competition to neighborly cooperation to violence and, at times, sustained warfare.","3","3","No","1","3","OPT - Student Option","-","Periodic Fall & Spring"
"AMIN","1003","American Indians in Minnesota","Twin Cities","History, culture, and lived experience of American Indian people in Minnesota. Self-representation and histories of Anishinaabe (Ojibwe) and Dakota peoples through film, music, oral traditions, and written texts. Work by non-Indian scholars focuses on cultural, philosophical, and linguistic perspectives of Anishinaabe and Dakota peoples.","3","3","No","1","3","AFV - A-F or Audit","-","Every Fall & Spring"
"AMIN","3409","Indigenous Women of Turtle Island","Twin Cities","This combined undergraduate and graduate course provides an interdisciplinary mechanism for exploring Indigenous feminist and queer Indigenous studies. Although the course title indicates a specific focus on women and their political, cultural and intellectual production, we will also explore Indigenous feminist and queer writings that raise critical questions about normative gender and sexuality—including the concept of “womanhood.” We will explore the following topics: the relationship between mainstream feminism and Indigenous feminism; gender and sexual violence; settler colonialism and decolonization; law and restorative justice; sexuality; two-spirit, queer, and gender non-conforming subjectivities and politics; sexual and reproductive health; activism; the environment, embodiment, and materialisms; culture and tradition; erotics; biopolitics; Indigenous epistemologies; and sovereignty and governance.","3","3","No","1","3","OPT - Student Option","-","Fall Even Year"
"AMIN","3711","Dakota Culture and History","Twin Cities","Dakota culture, language, history, literature. Contemporary issues, the arts.","3","3","No","1","3","OPT - Student Option","-","Every Fall & Spring"
"AMIN","3871","American Indian History: Pre-Contact to 1830","Twin Cities","American Indian history from the era of ancient Native America to the removal era.  Social, cultural, political, and economic diversity of Native American peoples and Native American experiences with European colonialism.","3","3","No","1","3","OPT - Student Option","-","Every Fall & Spring"
"AMIN","3872","American Indian History: 1830 to the Present","Twin Cities","Focus on the impact of federal Indian policy on American Indian cultures and societies, and on American Indian culture change.  ","3","3","No","1","3","OPT - Student Option","-","Every Fall & Spring"
"AMIN","5409","Indigenous Women of Turtle Island","Twin Cities","This combined undergraduate and graduate course provides an interdisciplinary mechanism for exploring Indigenous feminist and queer Indigenous studies. Although the course title indicates a specific focus on women and their political, cultural and intellectual production, we will also explore Indigenous feminist and queer writings that raise critical questions about normative gender and sexuality—including the concept of “womanhood.” We will explore the following topics: the relationship between mainstream feminism and Indigenous feminism; gender and sexual violence; settler colonialism and decolonization; law and restorative justice; sexuality; two-spirit, queer, and gender non-conforming subjectivities and politics; sexual and reproductive health; activism; the environment, embodiment, and materialisms; culture and tradition; erotics; biopolitics; Indigenous epistemologies; and sovereignty and governance.","3","3","No","1","3","OPT - Student Option","-","Fall Even Year"
"AMST","1511","Americans Abroad:  Rethinking Travel, Culture, & Empire","Twin Cities","In this course, we will look at Americans (including ourselves) who travel abroad and what their experiences, both in the present and historically, tell us about how we imagine others and our/their place in the world. What do these experiences tell us about who we are as a people, a culture, and a nation? This course will examine how these experiences have transformed (and continue to transform) Americans and the countries and cultures with which they interact. Indeed, this course challenges students to consider the overall effects that these processes have had on America's relationship with the rest of the world.","3","3","No","1","3","OPT - Student Option","-","Every Spring"
"AMST","2011","The United States since September 11","Twin Cities","How American citizenship and nationhood have changed since 9/11. The event and its aftermath in historical perspective. Political, economic, and military antecedents. How 9/11 has changed relations between the U.S. government, U.S. citizens, immigrants, and international community. How 9/11 has been remembered.","3","3","No","1","3","OPT - Student Option","-","Every Fall"
"AMST","2031","Chasing the American Dream: Economic Opportunity & Inequality in the U.S.","Twin Cities","This course begins by focusing on the historical origins and meanings of the American dream. How did this dream of unlimited opportunity come about?  What has it meant in different historical moments and to divergent social groups? And, why does it continue to be such a powerful and compelling idea in the United States and around the world?","3","3","No","1","3","OPT - Student Option","-","Every Fall, Spring & Summer"
"AMST","3112","Prince, Porn, and Public Space: The Cultural Politics of the Twin Cities in the 1980s","Twin Cities","This course uses music (especially Prince and the Replacements), debates around pornography/sex, and shifts around access to public space in order to explore the local culture and national importance of the Twin Cities during the 1980s.","3","3","No","1","3","OPT - Student Option","-","Every Fall"
"AMST","3253W","American Popular Culture and Politics: 1940 to the Present","Twin Cities","Historical analysis of how popular arts represent issues of gender, race, consumerism, and citizenship. How popular artists define boundaries of citizenship and public life: inclusions/exclusions in polity and national identity. How popular arts reinforce/alter political ideologies.","4","4","No","1","4","OPT - Student Option","-","Every Spring & Summer"
"AMST","3661","African Americans in Germany","Twin Cities","How have African Americans understood their experiences with race outside of the United States? African Americans have been migrating and circulating the globe since the American Revolution, and it is only recently that scholars have considered the ways in which an abroad experience has been transformative for African Americans. In this seminar-style class, we will explore why and how African Americans have used their experiences in Germany to express a new understanding of their identity in the United States.","3","3","No","1","3","OPT - Student Option","-","Fall Odd Year"
"AMST","4101","Gender, Sexuality, and Politics in America","Twin Cities","Ways public and private life intersect through the issues of gender, sexuality, family, politics, and public life; ways in which racial, ethnic, and class divisions have been manifest in the political ideologies affecting private life. ","3","3","No","1","3","OPT - Student Option","-","Every Fall"
"ANSC","1701","Historical Influence of the Horse on Society","Twin Cities","Concepts of historical inquiry using the powerful/changing relationship between Man and horse. Students function as historians: framing questions, searching for appropriate sources, developing explanation model with reasoned
arguments, and finally, write/defend interpretation.","3","3","No","1","3","OPT - Student Option","-","Every Fall"
"ANTH","3009","Prehistoric Pathways to World Civilizations","Twin Cities","How did complex urban societies first develop? This course addresses this question in ten regions of the world including Maya Mesoamerica, Inca South America, Sumerian Near East, Shang Civilization in East Asia, and early Greece and Rome.","3","3","No","1","3","OPT - Student Option","-","Every Fall"
"ANTH","3016","Africa and African Diaspora Archaeology","Twin Cities","'	Africa and African Diaspora Archaeology (AFRO/ ANTH 3016/5016) examines the evolution of human behavior in Africa and looks at subsequent social, cultural, and technological developments as shown in archaeological records including artifacts, ecofacts, rock art, and structures at archaeological sites. It also discusses methods used to identify archaeological records and how these records can be used to reconstruct past ways of life. Students will obtain hand-on-experience in identifying, classifying, and interpreting archaeological objects. The course covers Africa from around 2.6 million years ago to the recent past, focusing primarily on the last 10,000 years. It examines the development and spread of food production, pottery, metallurgy, trade, and African connections with the Atlantic world dating back to the fifteenth century. ","3","3","No","1","3","OPT - Student Option","-","Every Fall"
"ANTH","3027W","Archaeology of Prehistoric Europe","Twin Cities","How archaeologists analyze/interpret artifacts to develop knowledge about formation of European society, from earliest evidence of human occupation to Roman period.","3","3","No","1","3","OPT - Student Option","-","Every Spring"
"ANTH","3206","Sex, Murder, and Bodily Discharges: Purity and Pollution in the Ancient World","Twin Cities","""Dirt is dangerous"" wrote Mary Douglas more than 50 years ago in her groundbreaking study, Purity and Danger: an Analysis of the Concept of Pollution and Taboo.  Her work has been influential in ancient Near Eastern and Mediterranean studies when dealing with issues of sacred/profane, purity/pollution, and ritual sacrifice and purification. Douglas' work provides a framework within which to understand ancients' thinking about these concepts that range from the sacredness of space and bodies to perceived pollutions cause by bodily leakage or liminal stages of life and death.  In this course, we will examine Douglas' theory in light of ancient evidence, with special attention to anceint Israelite literature (the Tanakh or Old Testament) and ancient Jewish literature (the Dead Sea Scrolls), but we will also analyze other ancient Near Eastern and Mediterranean examples of purity and pollution (from epigraphical and documentary evidence).","3","3","No","1","3","OPT - Student Option","-","Every Spring"
"ANTH","3327W","Inca, Aztec & Maya Civilizations","Twin Cities","This course is an intensive examination of the emergence, growth, and conquest of native civilizations in ancient America, focusing on the Maya, Aztec, and Inca states. Lectures and discussions examine the culture and history of these Native American civilizations, while also introducing students to anthropological theories of the state, religion, aesthetics, and history.","3","3","No","1","3","A-F - A-F Grade Basis","-","Periodic Fall"
"ANTH","4002","Epidemics in Human Evolution","Twin Cities","This course examines the global human experience with health and disease through an
archaeological and historical perspective, from the early days of our species to the present. We
will survey major infectious and noncommunicable diseases that have affected human
societies, including tuberculosis, plague, influenza, syphilis, HIV/AIDS, and leprosy. You will
learn how humans have responded and adapted to many of these conditions, and how disease
organisms have evolved in tandem. Course content examines large-scale disease and health
patterns over time with a special focus on global pandemics and major epidemiological
transitions such as those brought about by the introduction of agriculture, the Age of
Exploration, colonialism, and industrialization. You will become familiar with the methods and
approaches used by anthropologists and archaeologists to study disease in the past and how
these inferences influence understanding of present-day health. The course will end with a
discussion of emerging health challenges such as the rise of antibiotic resistance, novel zoonotic
diseases, and the prevalence of health disparities.","3","3","No","1","3","AFV - A-F or Audit","-","Every Fall"
"ANTH","5002","Epidemics in Human Evolution","Twin Cities","This course examines the global human experience with health and disease through an
archaeological and historical perspective, from the early days of our species to the present. We
will survey major infectious and noncommunicable diseases that have affected human
societies, including tuberculosis, plague, influenza, syphilis, HIV/AIDS, and leprosy. You will
learn how humans have responded and adapted to many of these conditions, and how disease
organisms have evolved in tandem. Course content examines large-scale disease and health
patterns over time with a special focus on global pandemics and major epidemiological
transitions such as those brought about by the introduction of agriculture, the Age of
Exploration, colonialism, and industrialization. You will become familiar with the methods and
approaches used by anthropologists and archaeologists to study disease in the past and how
these inferences influence understanding of present-day health. The course will end with a
discussion of emerging health challenges such as the rise of antibiotic resistance, novel zoonotic
diseases, and the prevalence of health disparities.","3","3","No","1","3","AFV - A-F or Audit","-","Every Fall"
"ANTH","5016","Africa and African Diaspora Archaeology","Twin Cities","'	Africa and African Diaspora Archaeology (AFRO/ ANTH 3016/5016) examines the evolution of human behavior in Africa and looks at subsequent social, cultural, and technological developments as shown in archaeological records including artifacts, ecofacts, rock art, and structures at archaeological sites. It also discusses methods used to identify archaeological records and how these records can be used to reconstruct past ways of life. Students will obtain hand-on-experience in identifying, classifying, and interpreting archaeological objects. The course covers Africa from around 2.6 million years ago to the recent past, focusing primarily on the last 10,000 years. It examines the development and spread of food production, pottery, metallurgy, trade, and African connections with the Atlantic world dating back to the fifteenth century. ","3","3","No","1","3","OPT - Student Option","-","Every Fall"
"ANTH","5027W","Archaeology of Prehistoric Europe","Twin Cities","How archaeologists/historians analyze/interpret artifacts to develop knowledge about formation of European society, from earliest evidence of human occupation to Roman Period. Interpreting archaeological evidence from specific sites to understand broad trends in human past.","3","3","No","1","3","OPT - Student Option","001186","Every Spring"
"ANTH","5327W","Inca, Aztec & Maya Civilizations","Twin Cities","This course is an intensive examination of the emergence, growth, and conquest of native civilizations in ancient America, focusing on the Maya, Aztec, and Inca states. Lectures and discussions examine the culture and history of these Native American civilizations, while also introducing students to anthropological theories of the state, religion, aesthetics, and history.","3","3","No","1","3","A-F - A-F Grade Basis","-","Periodic Fall"
"ARCH","3411V","Architectural History to 1750","Twin Cities","This course will begin to situate us, and our work, in the context of the much larger, much longer human story. Architecture, both in practice and in its historical study, is fundamentally about people. In studying the human past through the built environment, from prehistory to 1750, we will see how architecture, both the ordinary and the extraordinary, is the product of its cultural, political, and social context. People make buildings and spaces, and buildings and spaces shape the ideas and behaviors of people. By studying architectural history we will learn about trends of style and form, but our primary emphasis is to learn about the relationships, practices, narratives, and beliefs that have constituted human culture around the world and across time. 

prereq: first year writing requirement; Soph or above","3","3","No","1","3","A-F - A-F Grade Basis","002141","Every Fall"
"ARCH","3411W","Architectural History to 1750","Twin Cities","Built environment as a tool to study the human past from ancient times to 1750. Major trends of style and form and the relationships, practices, and beliefs that have shaped human behavior.

prereq: Soph or above","3","3","No","1","3","AFV - A-F or Audit","000255","Every Fall"
"ARCH","3412V","Honors: Architectural History Since 1750","Twin Cities","Examples of the built environment from the Enlightenment to the present are studied within a broad social, cultural, and political context. Major architectural movements and their associated forms and designs.

prereq: Soph or above","3","3","No","1","3","A-F - A-F Grade Basis","000595","Every Spring"
"ARCH","3412W","Architectural History Since 1750","Twin Cities","Examples of the built environment from the Enlightenment to the present are studied within a broad social, cultural, and political context. Major architectural movements and their associated forms and designs.

prereq: Soph or above","3","3","No","1","3","AFV - A-F or Audit","000595","Every Spring"
"ARTH","1004W","Introduction to Asian Art","Twin Cities","This one-semester course is an introduction to painting, sculpture, and architecture from South, Southeast, and East Asia. It will cover works from ancient cultures to those of contemporary Asian diasporas. Resisting the impossible task of covering everything, we will instead home in on specific objects in order to understand them in their broader cultural, religious, and social contexts. We will trace the ways in which common themes and problems appear in different art forms and in different places, and we will discover the ways in which seemingly disparate styles and objects may be productively understood in conversation with each other. We will work together to create an interpretive model that is synthetic, critical, and appreciative of the enormously diverse field that is Asian Art. Lectures will move from explanatory descriptions of objects and histories that are covered in the textbook to critical interpretations of the historiographies that shape the contemporary reception of Asian art.","4","4","No","1","4","OPT - Student Option","-","Every Fall & Spring"
"ARTH","3152","Art and Archaeology of Ancient Greece","Twin Cities","This course will provide an introduction to the history of Greek art, architecture and archaeology from the formation of the Greek city states in the ninth century BCE, through the expansion of Greek culture across the Mediterranean and Asia in the Hellenistic period, to the coming of Rome in the first century BCE. While this survey concentrates on the main developments of Greek art, an important sub-theme of this course this is the changes Classical visual culture underwent as it served non-Greek peoples, including the role it played for Alexander and his successors in forging multiethnic, globally minded empires in Western, Central and South Asia. No background in the time period or discipline is expected and therefore this class will also serve as an introduction to interdisciplinary study of art history and the classical world. A number of art historical methodologies will be introduced in order to not only give students a useful background in art history but to give them the tools to think as art historians and incorporate related visual and textual evidence meaningfully into their writing. ","3","3","No","1","3","OPT - Student Option","-","Periodic Fall & Spring"
"ARTH","3162","Roman Art and Archaeology","Twin Cities","The visual culture of the ancient world offers insight into the elite levels of ancient Rome's population, while archaeological evidence sheds light on the everyday people who helped build this powerful civilization. Combined, these aspects provide a comprehensive portrait of Roman culture and the societies it dominated throughout history. From formation of the city-state of Rome under Etruscan domination, to the transformation of visual and material culture in late antiquity under peoples influenced by the Romans, especially those in the eastern Roman provinces of Syria, Judea, and Arabia. No prior knowledge is required, making this an exciting introduction to the rich intersection of art history, archaeology, and the classical world. Through hands-on methodologies, you will learn to think like a historian, meaningfully incorporating visual, material, and textual evidence into your writing. Dive into the material legacy of Rome and gain a deeper understanding of its lasting influence.","3","3","No","1","3","OPT - Student Option","-","Periodic Fall & Spring"
"ARTH","3312W","The Age of Enlightenment: European Art and Culture in the 18th Century","Twin Cities","The Age of Enlightenment is a 3-credit course intended to satisfy the Liberal Education Core requirement for the ""Historical Perspectives"" Core. Focusing on the transformations of the visual and plastic arts over the long 18th century (1680-1815), this course will introduce students to the seminal cultural shifts characteristic of the so-called European Enlightenment. Topics will include European travel and the Grand Tour; overseas colonial expansion, connectivity, and the globalization of Europe; secularization, materialism, libertinism, and the new morality; the Scientific Revolution and the creation of the modern scientific disciplines; the new public sphere and its mass, democratizing impulses; modern commercialism, capitalism, and industrialization; and the percolation of new revolutionary political impulses.   ","3","3","No","1","3","OPT - Student Option","-","Periodic Fall"
"ARTH","3464","Art Since 1945","Twin Cities","The end of the Second World War is commonly understood as a watershed moment in art history when the center of western art shifted from Paris to New York and the old tradition of art academies and annual salons disappeared once and for all. It is a moment that sees dramatic changes in who artists are, how they are trained, what kind of art they make, and the audiences to whom they appeal. This course surveys U.S. and European art history from 1945 to the present so that students gain a thorough understanding of the social, political, and economic forces that contributed to the development of significant art movements including abstract expressionism, pop art, and minimalism, as well as key modes of artmaking including painting and sculpture, happenings, installations, video, earthworks, and participatory art. The course also trains students in philosophies of art and tracks the dramatic changes in aesthetics over the period. Primarily a lecture course, students’ historical knowledge is assessed through two in-class examinations in which they identify, compare, contrast, and think critically about works of art. In addition, students practice discipline-specific research skills by compiling an annotated bibliography and writing short papers that rigorously examine primary sources. 

","3","3","No","1","3","OPT - Student Option","-","Periodic Spring"
"CHLS","1102","Americanos: U.S. Latino History, Politics, and Culture","Twin Cities","This lecture course examines the historical and cultural knowledge and the complex relationship that Latinos have to the U.S. and their countries of origin in the Americas. We study the influence of social, cultural, and political dynamics on Latino history and sense of belonging in the U.S.A. By elevating American history and democracy, the course allows students to make connections to contemporary society. ","3","3","No","1","3","OPT - Student Option","-","Every Fall"
"CHLS","1102H","Honors - Americanos: U.S. Latino History, Politics, and Culture","Twin Cities","This lecture course examines the historical and cultural knowledge and the complex relationship that Latinos have to the U.S. and their countries of origin in the Americas. We study the influence of social, cultural, and political dynamics on Latino history and sense of belonging in the U.S.A. By elevating American history and democracy, the course allows students to make connections to contemporary society. ","3","3","No","1","3","A-F - A-F Grade Basis","000571","Every Fall"
"CHLS","3444","Chicana and Chicano History I","Twin Cities","Experiences of people of Mexican descent in the United States. Important eras in histories of Mexico, the United States, and Mexican Americans. Central role of Chicana/os in U.S. history, culture, and politics. Topics include race, ethnicity, gender, sexuality, immigration, migration.","3","3","No","1","3","OPT - Student Option","-","Every Fall"
"CHLS","3446","Chicana and Chicano History II: WWII, El Movimiento, and the New Millennium","Twin Cities","Experiences of people of Mexican descent in the U.S. Notions of citizenship from WWII. Chicano civil rights movement. Impact of immigration patterns/legislation. Cultural wars, changing demographics. Social, economic, and political changes that influenced day-to-day life of Mexican Americans. Meaning of racialized ""Mexican"" identity. How different groups of Mexicans have understood their relationships to other Americans and other Latino groups.","3","3","No","1","3","OPT - Student Option","-","Every Spring"
"CHLS","3838","Policing, Surveillance, and Social Movements in 20th Century U.S.","Twin Cities","This course explores how policing and surveillance changed, evolved, and adapted throughout the twentieth century in the United States. We will trace the trajectory of police power & legitimacy as well as examine how the institution of policing responded to ongoing racial justice movements. ","3","3","No","1","3","A-F - A-F Grade Basis","-","Periodic Fall & Spring"
"CHLS","3862","American Immigration History","Twin Cities","The United States has frequently been called a “nation of immigrants,” yet despite this celebratory view of the U.S.’s immigrant origins, present-day immigration often provokes fear, anxiety, and resistance. Indeed, immigrants have rarely been truly welcomed in any historical era. This course will examine the history of immigration to, and migration within, the United States from the colonial era to the present, including forced migrations, such as the African slave trade.

We will consider the full range of the migration experience, including what compelled or inspired people to leave their homelands, the means of their migration, and how they settled in their new homes. In addition, we will look at the cultural transformations precipitated by immigration including the creation of ethnic identities, assimilation, and transculturation. Various forms of nativist sentiment and practice will be addressed, as well as migrant and ethnic resistance to nativism, racism, and exploitation.","3","3","No","1","3","OPT - Student Option","-","Periodic Fall & Spring"
"CHLS","3888","Abajo Con La Migra: Immigration and the Latino/a Experience","Twin Cities","As part of a longer tradition in Latino/a/x radical thought, this upper-division, interdisciplinary course explores the experiences of migrants from Latin America to the United States in the 20th and 21st centuries, and its roots in colonialism from previous centuries. It will consider the transnational context in which migrants cross borders by investigating not only their reception in the United States, but the complex processes occurring within their homelands as well. The class will also explore migrant engagements with U.S. society, pre-existing Latino/a/x and other ethnic communities, and experiences within the political, economic, and social aspects of life at the local and global level. At central issue will be the role of U.S. foreign policy in Latin America that contributes to the context in which people migrate, development of border patrolling as a key part of U.S. immigration policy, the cultural and social innovations created out of the process of diaspora, the relationship among different Latina/o/x groups and the emergence of “Latinidad” in the U.S., and the historical and ongoing struggle for immigrant rights.","3","3","No","1","3","OPT - Student Option","-","Every Fall"
"CI","1121","Educational Movements Past and Present: Multicultural Perspectives","Twin Cities","Students will explore diverse historical perspectives regarding educational movements in the U.S. since the Civil War. Through challenging questions and problems in educational history, students will develop critical frameworks necessary for interpreting Americas educational past and how it is tied to culture, politics, privilege, and power.","4","4","No","1","4","OPT - Student Option","-","Every Fall & Spring"
"CNRC","1002","World of Greece","Twin Cities","Ancient Greek civilization, from second millenium BCE to Roman period. Art/archaeology, philosophy, science, literature, social/political institutions. Focuses on connections with contemporary cultures corresponding to Ancient Near East.","3","3","No","1","3","OPT - Student Option","-","Every Fall & Spring"
"CNRC","1003","World of Rome","Twin Cities","In this course we will ask ourselves: why does ancient Rome refuse to go away? What is it
about ancient Rome that has captured the imaginations of Shakespeare and the framers of
the U.S. Constitution as well as HBO, Hollywood, and the video game industry? The course
examines the world of ancient Rome from early Etruscan and eastern origins to the
emergent Christian Rome of later antiquity. We will study the diverse mix of cultures in
this vast multi-ethnic empire that spanned from the Near East and Africa to Europe. As we
chart the rise of this ancient superpower, we will examine Roman imperialism, colonialism,
and the dynamics of cultural identity. Through art, literature, and archeology we will
explore politics, religions, slavery and social structures, gender and sexuality, sports and
entertainment, economics and trade, as well as the rhythms of daily life.","3","3","No","1","3","OPT - Student Option","-","Every Spring"
"CNRC","1082","Jesus in History, Art & Culture","Twin Cities","Does time, place, and culture affect our picture of Jesus? We'll start by constructing our own Jesus story and then go backwards in time to examine modern times (film, music, and modern art), pre-Civil War America (views of Jesus from enslaved people and their enslavers), Renaissance and Medieval Europe and North Africa (art and architecture), and finally end with the ancient world (art and writings about Jesus, including the biblical gospels). No background in religious studies required, and students of any, all, or no religious background are welcome.","3","3","No","1","3","OPT - Student Option","-","Every Spring"
"CNRC","3061","""Bread and Circuses:"" Spectacles and Mass Culture in Antiquity","Twin Cities","Development of large-scale public entertainments in ancient Mediterranean world, from athletic contests of Olympia and dramatic festivals of Athens to chariot races and gladiatorial games of Roman Empire. Wider significance of these spectacles in their impact on political, social, and economic life of the societies that supported them.","3","3","No","1","3","OPT - Student Option","-","Fall Odd, Spring Even Year"
"CNRC","3071","Greek and Hellenistic Religions","Twin Cities","Greek religion from the Bronze Age to Hellenistic times. Sources include literature, art, and archaeology. Homer and Olympian deities, ritual performance, prayer/sacrifice, temple architecture, death and the afterlife, mystery cults, philosophical religion. Near Eastern salvation religions.","3","3","No","1","3","OPT - Student Option","-","Fall Even Year"
"CNRC","3092","Jesus in History, Art & Culture","Twin Cities","Does time, place, and culture affect our picture of Jesus? We'll start by constructing our own Jesus story and then go backwards in time to examine modern times (film, music, and modern art), pre-Civil War America (views of Jesus from enslaved people and their enslavers), Renaissance and Medieval Europe and North Africa (art and architecture), and finally end with the ancient world (art and writings about Jesus, including the biblical gospels). No background in religious studies required, and students of any, all, or no religious background are welcome.","3","3","No","1","3","OPT - Student Option","-","Every Spring"
"CNRC","3102","Pompeii: Life and Death in an Ancient Roman City","Twin Cities","An archaeological marvel, a silent city frozen in time by the eruption of Mount Vesuvius in 79 CE, Pompeii's preserved ruins reveal the rich tapestry of ancient Roman life and the nuances of everyday people, from their routines, culinary habits, and home décor to their political involvement, leisure pursuits, and family dynamics. We'll survey how Pompeii's accidental rediscovery in the 16th century ignited a cultural revolution, influencing art, architecture, literature, and classical ways of thinking. Fast-forward to today, and we'll examine this ongoing archaeological wonder—still under excavation—and the future of modern digs, including groundbreaking methods currently being developed. Pompeii’s history as a municipality ended in the first century, but our creativity and innovation today will be vital to its survival.","3","3","No","1","3","OPT - Student Option","-","Fall Even Year"
"CNRC","3103","Empire & Resistance After Alexander the Great","Twin Cities","In the aftermath of Alexander the Great's conquests in the eastern Mediterranean and Asia, diverse cultures collided, sparking unexpected developments. Greek rulers were celebrated as Pharaohs; ancient Near Eastern kings were likened to the god Apollo; and native populations fought back against Greek empires--and won. These 'Successor Kingdoms,' most notably the Seleucids in the Near East and the Ptolemies in Egypt, engaged with the cultures of conquered people and produced new customs and royal identities. Explore the interchange of these forces through text, architecture, coins, and artwork during this pivotal time--from the campaigns of Alexander to the death of Cleopatra (336-30 BCE.) Challenge your preconceptions of the past and recognize similar effects of empire today.","3","3","No","1","3","OPT - Student Option","-","Periodic Fall"
"CNRC","3152","Art and Archaeology of Ancient Greece","Twin Cities","This course will provide an introduction to the history of Greek art, architecture and archaeology from the formation of the Greek city states in the ninth century BCE, through the expansion of Greek culture across the Mediterranean and Asia in the Hellenistic period, to the coming of Rome in the first century BCE. While this survey concentrates on the main developments of Greek art, an important sub-theme of this course this is the changes Classical visual culture underwent as it served non-Greek peoples, including the role it played for Alexander and his successors in forging multiethnic, globally minded empires in Western, Central and South Asia. No background in the time period or discipline is expected and therefore this class will also serve as an introduction to interdisciplinary study of art history and the classical world. A number of art historical methodologies will be introduced in order to not only give students a useful background in art history but to give them the tools to think as art historians and incorporate related visual and textual evidence meaningfully into their writing. ","3","3","No","1","3","OPT - Student Option","-","Periodic Fall & Spring"
"CNRC","3162","Roman Art and Archaeology","Twin Cities","The visual culture of the ancient world offers insight into the elite levels of ancient Rome's population, while archaeological evidence sheds light on the everyday people who helped build this powerful civilization. Combined, these aspects provide a comprehensive portrait of Roman culture and the societies it dominated throughout history. From formation of the city-state of Rome under Etruscan domination, to the transformation of visual and material culture in late antiquity under peoples influenced by the Romans, especially those in the eastern Roman provinces of Syria, Judea, and Arabia. No prior knowledge is required, making this an exciting introduction to the rich intersection of art history, archaeology, and the classical world. Through hands-on methodologies, you will learn to think like a historian, meaningfully incorporating visual, material, and textual evidence into your writing. Dive into the material legacy of Rome and gain a deeper understanding of its lasting influence.","3","3","No","1","3","OPT - Student Option","-","Spring Odd Year"
"CNRC","3206","Sex, Murder, and Bodily Discharges: Purity and Pollution in the Ancient World","Twin Cities","""Dirt is dangerous,"" Mary Douglas declared more than 50 years ago in her groundbreaking study, ""Purity and Danger."" Douglas's ideas have been influential in ancient Mediterranean and Near Eastern studies and provide a framework for us to analyze how people in antiquity conceptualized ideas of purity, pollution, ritual sacrifice, sacred spaces, bodily leakages, and the liminal stages of life and death. We'll delve into Douglas's theory in light of ancient examples with a special focus on ancient Israelite texts (the Tanakh or Old Testament) as well as ancient Mediterranean and Near Eastern building inscriptions, specialist manuals, and rituals. Through this evidence, we'll gain profound insight into the ancient notions of ""sacred/clean"" (purity) and the ""unclean/profane"" (pollution).","3","3","No","1","3","OPT - Student Option","-","Every Spring"
"CNRC","3505","Scripture and the Other: Rethinking the Bible After the Holocaust","Twin Cities","How do the Holocaust and other genocides transform our reading of the Bible? In this interdisciplinary course, we explore how religious ideas shape political philosophy, influence government policies, and legal rulings that enlarge or delimit human rights. We'll delve into questions such as: How should we read the Bible’s own literary representation of multiple genocides? To what extent does the Bible become a cause of, or a convenient excuse for, antisemitism and the persecution and genocide of other peoples? How were the ancient authors already engaged in the “modern” project of thinking critically about the ethics of genocide, the principles of universal human rights, and just war theory (by prohibiting atrocities)? Join as we traverse these complex questions and gain a deeper understanding of how ancient texts continue to shape modern ideas on justice, human rights, and ethical governance.","3","3","No","1","3","OPT - Student Option","-","Spring Even Year"
"CNRC","3617","Pagans, Christians, Barbarians: The World of Late Antiquity","Twin Cities","Between classical and medieval, pagan and Christian, Roman and barbarian, the late antique world was a dynamic age. This course will focus on the Mediterranean region from the 2nd to the mid-7th century exploring such topics as the conversion of Constantine, the fall of Rome, barbarian invasions, the spread of Christianity, and the rise of Islam.
","3","3","No","1","3","AFV - A-F or Audit","-","Fall Odd Year"
"CSCI","4921","History of Computing","Twin Cities","Developments in last 150 years; evolution of hardware and software; growth of computer and semiconductor industries and their relation to other businesses; changing relationships resulting from new data-gathering and analysis techniques; automation; social and ethical issues.  ","3","3","No","1","3","OPT - Student Option","-","Fall Even Year"
"CSCL","1501W","Reading History: Theory and Practice","Twin Cities","What is history? How can we understand its meanings/uses? Emphasizes practice in reading cultural texts from various historical perspectives.","3","3","No","1","3","OPT - Student Option","-","Every Fall & Spring"
"DES","1409","Design Justice","Twin Cities","Exploring justice-centered design processes to create iterative approaches to outcomes of socio-cultural oppression.","3","3","No","1","3","A-F - A-F Grade Basis","-","Every Fall & Spring"
"EAS","1463","An Introduction to Imperialism in Asia, 1850-Present","Twin Cities","Organized around a series of themes, this course will begin with a broad overview of imperialism in Asia before diving into economics of empire, technologies of imperialism, race and gender, nationalism and the end of empire, and neocolonialism. Throughout, the class will center the history of present-day China, India, Southeast Asia, and Japan, emphasizing whenever possible the perspectives of those impacted by empire rather than those perpetuating it. As such, assigned readings focus on primary sources supplemented by relevant secondary research, with optional readings providing significant breadth and depth for interested students seeking to delve further into their own interests or find new avenues of scholarly inquiry. All told, the histories included here represent some of the most significant events in recent centuries, but ones that often go overlooked in an academic context, covered only as a footnote in the histories of the West. Instead, this course will center the history of Asia and the voices of those impacted by imperialism, offering new perspectives on some of the most significant moments that shaped-and continue to shape-our contemporary world. 

Designed as an introductory course for those unfamiliar with the history of Asia, this class approaches a broad geographic and temporal range through case studies, diving deeply into crucial historical moments rather than providing an exhaustive overview of more than two centuries of Western imperialism. Simultaneously, this class will introduce students to the process of historical analysis itself using a substantial focus on primary sources, instructional time spent in libraries and archives, and a well-supported, intensive research essay process as a way to encourage them to think critically about the historical project while also honing their own historiographical skills. Overall, students will leave this course with a strong foundation in the history of Asia and the history of Western imperialism along with real practice doing history, preparing them for their future within the Department of History, at the University of Minnesota, and beyond. ","3","3","No","1","3","OPT - Student Option","-","Periodic Spring"
"EAS","3462","From Subjects to Citizens: The History of East Asia From 1500 to the Present","Twin Cities","How Asian states, societies, economies, and cultures linked with one another and with European powers. How period's historical effects still resonate. Covers India, China, Japan, Korea, and Indochina.  ","3","4","No","1","4","OPT - Student Option","-","Every Spring"
"EAS","3469","History of Women and Family in China, 1550-Present","Twin Cities","In this class, we will examine women, gender relations, and family in China from about 1550 to the present. We will read fiction, poetry, memoirs, and works by historians, as well as watch films and examine visual evidence. We will always be attentive to questions of how we know what we know and of the nature of the sources we are looking at.","3","3","No","1","3","OPT - Student Option","-","Periodic Fall & Spring"
"EAS","3471","Modern Japan, Meiji to the Present (1868-2000)","Twin Cities","Japan's early development as industrial/imperial power after Meiji Restoration of 1868. Political developments in Taisho years: social, cultural, economic trends that supported them. Militarization/mobilization for war in 1930s. Japan's war with China, Pacific War with the United States. American occupation. Postwar economic recovery, high growth. Changing political/popular culture of 1980s, '90s. ","3","3","No","1","3","OPT - Student Option","-","Every Fall & Spring"
"ENGL","3003W","Historical Survey of British Literatures I","Twin Cities","This course will provide a historical survey of British literature from the Middle Ages to the end of the eighteenth century. Our focus will be on tracing the interactions between literature and wider British culture as well as on tracing the development of literary form during this period. You should leave this course being able to identify major literary trends and authors and link them to corresponding formal techniques and innovations. You should also have a sense of the major historical and political events, rulers, and social conditions in Britain at this time. Additionally, because this is a writing intensive course, you will leave this class familiar with the process of writing a research paper with a literary focus, which includes finding and successfully incorporating contemporary scholarly research about your topic into your paper, crafting an original argument, utilizing textual evidence, and evaluating existing scholarship.","4","4","No","1","4","OPT - Student Option","-","Every Fall, Spring & Summer"
"ENGL","3004W","Historical Survey of British Literatures II","Twin Cities","In this wide-ranging survey of British and post-colonial literature from the late eighteenth century to the present, we will explore representative literary texts and genres from British Romanticism, the Victorian period, Modernism, and the postwar era. Besides analyzing the language, aesthetic features, and technical construction of these literary artifacts, we will examine our readings as reflections of and reactions to social upheavals like the Industrial Revolution, challenges to the traditional role of women, scientific discoveries that sparked religious doubt, and the First World War. Additionally, because this is a writing intensive course, you will familiarize yourself with the process of writing a research paper with a literary focus, which includes finding and successfully incorporating contemporary scholarly research about your topic into your paper, crafting an original argument, utilizing textual evidence, and evaluating existing scholarship.","4","4","No","1","4","OPT - Student Option","-","Every Fall, Spring & Summer"
"ENGL","3011","Jewish American Literature: Religion, Culture, and the Immigrant Experience","Twin Cities","Immigrant? Jewish? American?  What do these labels mean, why are they applied, and do they ever cease to be applicable? Can we distinguish religion from culture, and what are the implications when we try? Why is it frequently asked whether Saul Bellow was ""really"" a Jewish writer, but it is impossible to read Philip Roth as anything other than that? How does Grace Paley's ""Jewishness"" come through even when she is writing about non-Jewish characters? We will address these issues and others as we explore the literature growing out of the Jewish immigrant experience in America, as well as the literature by Jewish writers more firmly, though still sometimes anxiously, rooted in American soil. In this course we will engage in a highly contextualized and historicized study of Jewish American literature from the 19th century to today.  We will discover in these texts how inherited Jewish culture and literary imaginings, developed over centuries of interaction between Jewish communities and the ""outside world,"" get reexamined, questioned, rejected, reimagined, reintegrated, and transformed within the crucible of American experience. The discussions that ensue will also provide a framework for engaging with the creative energies and cultural productivity of more recent immigrant communities in the United States and beyond. Immigration and the experience of immigrant communities continues to be at the forefront of American consciousness, as immigrants work to create new meanings and new narratives for their lives, and as those who immigrated before them provide contested meanings for the impact of immigration on their own narratives. This course, though grounded in Jewish narratives, will therefore provide students with an expanded vocabulary and perspective for engaging in this central and very current debate within the American experience. ","3","3","No","1","3","OPT - Student Option","-","Every Spring"
"ENGL","3025","The End of the World in Literature and History","Twin Cities","For at least two and a half millennia, prophets, politicians, and poets have crafted terrifying accounts about the end of the world. This comparatist seminar examines the way different cultures have imagined a final apocalypse with particular attention to the political and social consequences of their visions. Students will read texts that focus on pandemic, extraterrestrial attack, nuclear holocaust, prophecy, cybernetic revolt, divine judgment, resource depletion, meteoric impact, or one of the many other ways in which humans write of their demise. They will use literary analysis to explore the many historical and contemporary wastelands they will encounter. They will write short papers and give in-class presentations on different kinds of apocalypse.","3","3","No","1","3","OPT - Student Option","-","Periodic Fall & Spring"
"ENT","2884","The Six-legged Conquerors: How insects have shaped human history","Twin Cities","Insects have had an immense yet underappreciated impact on the course of human history and civilization.  Through their effects as carriers of disease, insects have decided the outcomes of numerous battles and wars, often causing many more deaths than weapons did.  On the other hand, beneficial insects have made important contributions to the development of many industries, in particular related to textiles and agriculture, and they also serve as important sources of food in many cultures.  Because of their varied and important roles in human life and well-being, insects feature prominently in sacred texts and have thus influenced spiritual and religious thought through the ages.  And from Greek times until the present, insects have contributed greatly to the development of scientific thought.  Many of the great naturalists throughout history – from Aristotle to Darwin to EO Wilson – have had an inordinate fascination with insects.  In the second half of the 20th century and beyond, insects sparked the environmental movement, serve as models for innovating technologies such as robots, and continue to shape our lives in fascinating, challenging and novel ways.  In this class we will discuss the major ways in which the fates of humans and insects have been intertwined over the course of human history.  Throughout the class we focus on ways that historical inquiry can be used to elucidate entomological questions and, conversely, how entomological knowledge can be brought to bear to solve historical mysteries.","3","3","No","1","3","AFV - A-F or Audit","-","Every Spring"
"ESPM","1202","People, Land, and Water: Systems Under Stress","Twin Cities","Policies/community engagement around water sustainability. Students engage directly with local case on Mississippi River.","3","3","No","1","3","A-F - A-F Grade Basis","-","Every Spring"
"FRIT","3656","Existentialism","Twin Cities","What do we mean when we call something ""existential?""  What do we mean when we speak of an ""existential"" crisis? We seem to mean that our core beliefs and assumptions are affected and the relationship with our environment is ruptured; we have fallen out of normalcy. The term existentialism -- turning existential into a noun -- came into being in the 1940s in France, reflecting the collective experience of societal breakdown, of Nazism, and WW2. It has since been applied to all modes of philosophical inquiry that take an individual's experience of alienation from society as their point of departure. The advantage of making alienation the focus of this class, too, is that it allows us to recognize the precise historical and sociological index of the emergence of an existentialist mode of thought and practice. Existentialism looks very different when it responds to a 19th century crisis of faith (Søren Kierkegaard), to 1950s colonialism (Frantz Fanon), to Weimar Germany's new democracy and the specter of a mass society (Martin Heidegger), or to the neo-authoritarian French society of the 1960s (Simone de Beauvoir). Existentialism then is understood in this class not as a conversation between great thinkers or ideas across time and space, but as a response to a specific crisis of norms and values. It only exists in plural. If existentialist concepts -- like being-in-the world, being-towards-death, or the gaze of the other -- are carried forward, then not without being repurposed. Such situatedness is inherent to existentialism itself. Accordingly, existentialist writers have no creed or ethical stance in common; they are found both on the far (fascist) right and on the Marxist left. They do share though a keen interest in a new language and in literary forms of expression and subsequently, they insist on the individuals' capacity of ""world-making"" -- in rupture and rebellion -- against seemingly compromised societal norms.","3","3","No","1","3","OPT - Student Option","-","Spring Even Year"
"GEOG","3373","Changing Form of the City","Twin Cities","Urban origins, ancient cultures/cities, the medieval city, rediscovery of planning, colonial cities. Industrialization and urban expansion. Speculative cities, utopian cities, planning triumphs/disasters. Cities as reflections of society, culture, the past.","3","3","No","1","3","OPT - Student Option","-","Every Spring"
"GER","3633","The Holocaust: Memory, Narrative, History","Twin Cities","Decades after the end of the second world war, the Holocaust continues to play a formative role in public discourse about the past in Germany and Austria. As the event itself recedes into the past, our knowledge about the Holocaust has become increasingly shaped by literary and filmic representations of it. This course has several objectives: first, to deepen students' historical knowledge of the events and experiences of the Holocaust, and at the same time to introduce critical models for examining the relationship between personal experience, historical events, and forms of representation. This class will introduce students to the debates about the politics of memory and the artistic representation of the Holocaust, with special focus on public debates about the complex ways in which Holocaust memory surfaces in contemporary Germany and Austria, and by the accrual of layers of text and discourse about the Holocaust. We will explore the controversies and debates about public Holocaust memorialization in Germany, Austria, and the U.S. We will also explore the complex interplay between documentary and fictional accounts of the Holocaust, with attention paid to literary and film texts that challenge and ""remediate"" the limits of Holocaust representation. Additional topics will include Holocaust testimony; Holocaust memoirs, and 2nd and 3rd generation Holocaust literature, the Historians' Debate of the 1980s.

No knowledge of German required.","3","3","No","1","3","OPT - Student Option","-","Periodic Fall & Spring"
"GER","3655","Cultures of Control and Surveillance in Germany and the US","Twin Cities","Discourses and practices of social control and surveillance in comparative/historical perspective. Explores the central conceptual condition for modern ethics: the relationship between individual and society. Paintings, manuals, scholarly and philosophical essays, and literary texts including writings by Franz Kafka.","3","3","No","1","3","OPT - Student Option","-","Fall Odd Year"
"GER","3661","African Americans in Germany","Twin Cities","How have African Americans understood their experiences with race outside of the United States? African Americans have been migrating and circulating the globe since the American Revolution, and it is only recently that scholars have considered the ways in which an abroad experience has been transformative for African Americans. In this seminar-style class, we will explore why and how African Americans have used their experiences in Germany to express a new understanding of their identity in the United States.","3","3","No","1","3","OPT - Student Option","-","Fall Odd Year"
"GLBT","4101","Gender, Sexuality, and Politics in America","Twin Cities","Ways public and private life intersect through the issues of gender, sexuality, family, politics, and public life; ways in which racial, ethnic, and class divisions have been manifest in the political ideologies affecting private life.","3","3","No","1","3","OPT - Student Option","-","Every Fall"
"GLOS","1359","Fascism and Anti-Fascism: Global History, Global Presents","Twin Cities","Ever since it emerged as a political ideology and a societal force in the aftermath of the First World War, fascism (and the opposition to it) have had an immense influence on the global geopolitical stage. Fascism inspired its followers to enact cataclysmic violent acts and it mobilized mass movements of resistance against it. It created a political language and norms that shaped the entire spectrum of ideological beliefs. Reckoning with its destructive impact led to the rise of a collective sensibility that remains on alert to its looming dangers. 

Though it emerged in a particular historical context, fascism has proven to be highly adaptive across diverse geographies and time periods, and it continues to this day to pose genuine threats to societies throughout the world. The anti-fascist opposition that rises against it is similarly formed around a coherent political paradigm while remaining flexibly responsive to political, societal and cultural environments.

This course examines fascism and anti-fascism as historical phenomena that echo loudly in our day and age. We will begin the semester by exploring various ways in which scholars have defined fascism to try to understand why diagnosing it remains a contested political question. We will then read closely into historical examples of fascist practices throughout the twentieth century, from the Italian prototype, through the epitomizing model of Nazi Germany, to Latin American dictatorships in the Cold War era. We will then examine how people and movements throughout the globe and in different moments in time sought to dismantle fascism and its violence through antifascist action. 

Towards the end of the semester, we will use the perspectives we gained throughout the course and apply them to discussions about our current political crises. An important component of this course is the focus on fascism and anti-fascism as global structures that are informed both by immediate local conditions and by transnational exchanges.","3","3","No","1","3","OPT - Student Option","-","Periodic Fall & Spring"
"GLOS","3152W","Art Under Authoritarianism: Theatre and Music in the Global South","Twin Cities","What does it mean to be an artist in the Global South? This is a question that has been asked in different ways in twentieth century decolonization movements and the transnational media cultures of the twenty-first century. In Latin America, Africa, and Asia, the performing arts historically played key roles in staging postcolonial identities. Dramatists like Wole Soyinka and singers like Miriam Makeba were voices of the modern nation. They used European cultural forms to stage African cultures in ways that could be recognized by the world. These artists also addressed local audiences, staging satires of national leaders and critiques of war or economic globalization. This course examines the historical evolution of avant-garde cultural forms in Africa and Asia, analyzing links between artistic and political movements in genres, including literary drama, devised performance, popular music, and modern dance. Our historical investigations of national art in this course aim to expand Eurocentric notions of avant-garde performance as an upper-class social phenomenon. In each course section, we compare 20th-century cultural practices in the same context, showing how present-day performance improvises upon historical stagings of the nation. ","3","3","No","1","3","OPT - Student Option","-","Every Fall"
"GSD","3656","Existentialism","Twin Cities","What do we mean when we call something ""existential?""  What do we mean when we speak of an ""existential"" crisis? We seem to mean that our core beliefs and assumptions are affected and the relationship with our environment is ruptured; we have fallen out of normalcy. The term existentialism -- turning existential into a noun -- came into being in the 1940s in France, reflecting the collective experience of societal breakdown, of Nazism, and WW2. It has since been applied to all modes of philosophical inquiry that take an individual's experience of alienation from society as their point of departure. The advantage of making alienation the focus of this class, too, is that it allows us to recognize the precise historical and sociological index of the emergence of an existentialist mode of thought and practice. Existentialism looks very different when it responds to a 19th century crisis of faith (Søren Kierkegaard), to 1950s colonialism (Frantz Fanon), to Weimar Germany's new democracy and the specter of a mass society (Martin Heidegger), or to the neo-authoritarian French society of the 1960s (Simone de Beauvoir). Existentialism then is understood in this class not as a conversation between great thinkers or ideas across time and space, but as a response to a specific crisis of norms and values. It only exists in plural. If existentialist concepts -- like being-in-the world, being-towards-death, or the gaze of the other -- are carried forward, then not without being repurposed. Such situatedness is inherent to existentialism itself. Accordingly, existentialist writers have no creed or ethical stance in common; they are found both on the far (fascist) right and on the Marxist left. They do share though a keen interest in a new language and in literary forms of expression and subsequently, they insist on the individuals' capacity of ""world-making"" -- in rupture and rebellion -- against seemingly compromised societal norms.","3","3","No","1","3","OPT - Student Option","-","Spring Even Year"
"GWSS","3469","History of Women and family in China, 1600-2000","Twin Cities","In this class, we will examine women, gender relations, and family in China from about 1550 to the present. We will read fiction, poetry, memoirs, and works by historians, as well as watch films and examine visual evidence. We will always be attentive to questions of how we know what we know and of the nature of the sources we are looking at.","3","3","No","1","3","OPT - Student Option","-","Periodic Fall & Spring"
"GWSS","3549","U.S. Women's Legal History","Twin Cities","Women's legal status, from colonial era through 20th century. Women's citizenship, civil rights. Marriage, divorce, and child custody. Reproductive/physical autonomy/integrity. Economic/educational equality.

prereq: Soph or jr or sr","3","3","No","1","3","AFV - A-F or Audit","000595","Fall Odd Year"
"HIST","1011W","Civilization and the Environment: World History to 1500","Twin Cities","Sweep of history, from the first prehistoric societies to the dawn of the modern world circa 1500. Forces that pushed humans to continually explore new environments and develop higher levels of social organization and cross-cultural interaction.

prereq: Fr or soph or non-hist major","4","4","No","1","4","OPT - Student Option","002059","Every Fall, Spring & Summer"
"HIST","1012W","The Age of Revolution, Capitalism, and Empire","Twin Cities","The course objective is to understand through the study of the past those forces and dynamics operating in the world, whose origins can be traced to the eighteenth and nineteenth centuries, that drove (and continue to drive) social, economic, cultural, and political change. Understanding these forces will allow you to see how you are not just a spectator before grand events but also a subject of history.
","4","4","No","1","4","OPT - Student Option","002059","Every Spring"
"HIST","1015W","The Global History of the Twentieth Century","Twin Cities","This course offers a rigorous exploration of the human past through the turbulent transitions of the ""long twentieth century."" By tracing the evolution of global societies over this 122-year period, you will study the diverse beliefs, practices, and relationships—ranging from imperialist ideologies to revolutionary economic models—that have fundamentally shaped the modern human experience. The syllabus is structured specifically to highlight change over time, moving from the ""High Imperialism"" of the late 19th century through the ideological total wars of the mid-20th century, and finally to the fractured neoliberalism of the early 21st century. By situating these shifts in specific contexts, such as the collapse of the Gold Standard or the non-alignment movement in Bandung, you will learn that historical outcomes are never inevitable but are the products of complex human agency and structural constraints.

A central pillar of this course is the introduction and critical assessment of historical methods and concepts. You will not simply memorize dates but will engage with the conceptual frameworks of geopolitics, uneven development, and ideological conflict to produce nuanced historical knowledge. This interpretive work is driven by independent engagement with primary sources. Each week, you will be tasked with extracting meaning from diverse materials—from the imperialist poetry of Kipling to the revolutionary manifestos of Lenin and the populist rhetoric of 2016. Through these assignments, you will learn the ""craft"" of history, evaluating the uses and limitations of documents while recognizing that every source offers a specific, often biased perspective. Ultimately, the course empowers you to see history as a dynamic process of inquiry rather than a static collection of facts, helping you understand how historical knowledge is constructed and why its significance remains a site of constant debate.","3","3","No","1","3","AFV - A-F or Audit","-","Periodic Fall & Spring"
"HIST","1031W","Europe and the World: Expansion, Encounter, and Exchange to 1500","Twin Cities","Europe, from Hammurabi to Columbus. Heyday of ancient Near East, Late Middle Ages. Culture, European interactions with wider world through religion, conquest, and trade. Beginning of the age of discoveries.

prereq: Fr or soph or non-hist major","4","4","No","1","4","OPT - Student Option","002059","Every Fall"
"HIST","1032W","Europe and the World: Expansion, Encounter, and Exchange from 1500 to Present","Twin Cities","This course explores the social, economic, political, and cultural evolution of European societies in relation to their interactions with the rest of the world from the sixteenth century to the present. The course focuses on pivotal moments and transformations, such as the scientific, industrial, and political revolutions, as well as the emergence of modern ideologies like nationalism, socialism, capitalism, and fascism, and their impact on European overseas expansion and empires. The study of the origins, development, and demise of European empires is central to this course. This approach provides the essential foundation for understanding European history in relation to the wider world, as well as the social and political fabric of contemporary societies.","4","4","No","1","4","OPT - Student Option","002059","Periodic Fall & Spring"
"HIST","1081W","Martyrs, Monks, Crusaders: World Christianity, 100-1400","Twin Cities","This course surveys the history of Christianity from its status as a persecuted minority religion of the Roman Empire to its dominant role in medieval Europe and Byzantium. We study Christian traditions in Asia and Africa as well as Europe with special attention to the relationship between Christianity and culture in the ancient and medieval world.","4","4","No","1","4","OPT - Student Option","-","Fall Odd, Spring Even Year"
"HIST","1082","Jesus in History, Art & Culture","Twin Cities","Does time, place, and culture affect our picture of Jesus? We'll start by constructing our own Jesus story and then go backwards in time to examine modern times (film, music, and modern art), pre-Civil War America (views of Jesus from enslaved people and their enslavers), Renaissance and Medieval Europe and North Africa (art and architecture), and finally end with the ancient world (art and writings about Jesus, including the biblical gospels). No background in religious studies required, and students of any, all, or no religious background are welcome.","3","3","No","1","3","OPT - Student Option","-","Every Spring"
"HIST","1301W","Authority and Rebellion: American History to 1865","Twin Cities","Conflict/change, from colonial era through Civil War. colonization/resistance, slavery, nation-building, westward expansion, gender roles, religion, reform, race/ethnicity, immigration, industrialization, class relations. Students use primary sources, historical scholarship.

prereq: Fr or soph or non-hist major","4","4","No","1","4","OPT - Student Option","002059","Every Fall"
"HIST","1302W","Global America: U.S. History Since 1865","Twin Cities","U.S. history since Civil War, in global context. Emancipation. Forms of labor. Immigration. Citizenship. Conceptions of race/gender. Hot/cold wars. Reform/rights movements. Globalization. State power. Students use primary sources, historical scholarship.

prereq: Fr or soph or non-hist major","4","4","No","1","4","OPT - Student Option","002059","Every Spring"
"HIST","1307","Authority and Rebellion: American History to 1865","Twin Cities","This course examines the beginnings of American history from the early colonial period through the Civil War. It offers a broad and in-depth look at three tumultuous centuries of conflict and change by investigating the fundamental issues of authority and rebellion. How did the diverse peoples on the North American continent envision and struggle for a new world order? Whose hopes were realized, and whose were thwarted? We investigate those questions by exploring several recurring topics throughout the semester: the role of religion and challenges to religious authority; the transition to capitalism; native peoples' negotiation of the European presence; the meanings of liberty over time; and the ongoing existence of slavery in American life. Lectures and readings focus on close examination of crucial episodes that illuminate these themes. Throughout, we will situate our analysis in the global context from which the United States emerged.","3","3","No","1","3","OPT - Student Option","-","Periodic Fall, Spring & Summer"
"HIST","1308","Global America: U.S. History Since 1865","Twin Cities","U.S. history since Civil War, in global context. Emancipation. Forms of labor. Immigration. Citizenship. Changing conceptions of race/gender. Hot/cold wars. Reform/rights movements. Globalization. State power. Students use primary sources, historical scholarship.","3","3","No","1","3","OPT - Student Option","-","Periodic Fall, Spring & Summer"
"HIST","1359","Fascism and Anti-Fascism: Global History, Global Presents","Twin Cities","Ever since it emerged as a political ideology and a societal force in the aftermath of the First World War, fascism (and the opposition to it) have had an immense influence on the global geopolitical stage. This course examines fascism and anti-fascism as historical phenomena that echo loudly in our day and age. We will begin the semester by exploring various ways in which scholars have defined fascism to try to understand why diagnosing it remains a contested political question. We will then read closely into historical examples of fascist practices throughout the twentieth century, from the Italian prototype, through the epitomizing model of Nazi Germany, to Latin American dictatorships in the Cold War era. We will then examine how people and movements throughout the globe and in different moments in time sought to dismantle fascism and its violence through anti-fascist action. Towards the end of the semester, we will use the perspectives we gained throughout the course and apply them to discussions about our current political crises. An important component of this course is the focus on fascism and anti-fascism as global structures that are informed both by immediate local conditions and by transnational exchanges.","3","3","No","1","3","OPT - Student Option","-","Periodic Fall & Spring"
"HIST","1361W","World War I: A Global History","Twin Cities","This class takes a global approach to the examination of World War One's causes and consequences. We will look at how the war unfolded in Europe, Africa, and the Middle East. We will also explore the war's impact on North America and Australasia, areas drawn into the conflict because of their unique relationships with Britain and France. We will consider the special role played by the U.S. in restoring world peace and analyze the lasting social and political cleavages occasioned by the war. We will get at the heart of how the war was fought and how it is remembered for all of its triumphs and tragedies.","3","3","No","1","3","A-F - A-F Grade Basis","-","Every Fall"
"HIST","1362","Global History of World War II","Twin Cities","This course examines 1) how different countries remember WWII and how memories of the war have been shaped by domestic and international contexts of each country and 2) how WWII changed the world in areas of human rights, the government-society relations, and ethical use of science and technology.  Various faculty members with different geographical and thematic expertise come to the class as guest lecturers throughout the semester.","3","3","No","1","3","OPT - Student Option","-","Every Spring"
"HIST","1364","Introduction to Global Environmental History","Twin Cities","This introductory course focuses on human environment interaction and the role of environmental factors in shaping of world history from the early medieval period, roughly 1000 C.E, to the present day. Beginning with the idea of environmental history and its broad themes, including climate, volcanic eruptions, landscape, plants, crops, animals, insects, disease, pestilence, energy, and technology, the course will enable students not only to understand the complex relationship between human societies and non-human species but also the changing nature and structure of this relationship throughout history. ","3","3","No","1","3","OPT - Student Option","-","Fall Even Year"
"HIST","1365","Global Tourism and the Environment from the late 18th Century to the Present","Twin Cities","This course focuses on tourism and travel. Spanning the period from the late 18th century to the present, it examines the ways in which these phenomena impact how we live, work, interact with our natural environment and other people, and conceive of the world and global forces","3","3","No","1","3","OPT - Student Option","-","Every Fall"
"HIST","1366W","Radical Environmentalism in the United States","Twin Cities","Course examines responses to environmental degradation in North America from the l8th century through the 21st. We analyze forms of protests, organizations, and frameworks that preceded current forms of environmentalism. Topics include legal and extra-legal protests against ecological damage and loss, the call for wilderness preservation, environmental racism, and the environmental justice movement.  ","3","3","No","1","3","OPT - Student Option","000677","Periodic Fall & Spring"
"HIST","1463","An Introduction to Imperialism in Asia, 1850-Present","Twin Cities","Organized around a series of themes, this course will begin with a broad overview of imperialism in Asia before diving into economics of empire, technologies of imperialism, race and gender, nationalism and the end of empire, and neocolonialism. Throughout, the class will center the history of present-day China, India, Southeast Asia, and Japan, emphasizing whenever possible the perspectives of those impacted by empire rather than those perpetuating it. As such, assigned readings focus on primary sources supplemented by relevant secondary research, with optional readings providing significant breadth and depth for interested students seeking to delve further into their own interests or find new avenues of scholarly inquiry. All told, the histories included here represent some of the most significant events in recent centuries, but ones that often go overlooked in an academic context, covered only as a footnote in the histories of the West. Instead, this course will center the history of Asia and the voices of those impacted by imperialism, offering new perspectives on some of the most significant moments that shaped-and continue to shape-our contemporary world. 

Designed as an introductory course for those unfamiliar with the history of Asia, this class approaches a broad geographic and temporal range through case studies, diving deeply into crucial historical moments rather than providing an exhaustive overview of more than two centuries of Western imperialism. Simultaneously, this class will introduce students to the process of historical analysis itself using a substantial focus on primary sources, instructional time spent in libraries and archives, and a well-supported, intensive research essay process as a way to encourage them to think critically about the historical project while also honing their own historiographical skills. Overall, students will leave this course with a strong foundation in the history of Asia and the history of Western imperialism along with real practice “doing” history, preparing them for their future within the Department of History, at the University of Minnesota, and beyond. 
","3","3","No","1","3","OPT - Student Option","-","Periodic Spring"
"HIST","1534","Introduction to Jewish History and Cultures","Twin Cities","This course traces the development of Judaism and Jewish civilizations from their beginnings to the present. With over three millennia as its subject, the course must of necessity be a general survey. Together we will explore the mythic structures, significant documents, historical experiences, narratives, practices, beliefs, and worldviews of the Jewish people. The course begins by examining the roots of Judaism in the Hebrew Bible and the history of ancient Israel but quickly focuses on the creative forces that developed within Judaism as a national narrative confronted the forces of history, especially in the forms of the Persian, Greek, and Roman empires. Rabbinic Judaism becomes the most dominant creative force and will receive our greatest attention, both in its formative years and as it encounters the rise of Christianity and Islam. After studying the Jewish experience in the medieval world, we will turn to Judaism’s encounter with the enlightenment and modernity. The historical survey concludes by attending to the transformations within Judaism and Jewish life of the last 150 years, including a confrontation with the experience of the Holocaust. Woven throughout this historical survey will be repeated engagements with core questions: “Who is a Jew?” “What do Jews believe?” “What do Jews do?” “What do we mean by ‘religion’?”   “How do Jews read texts within their tradition?” And perhaps most importantly, “How many answers are there to a Jewish question?” Students in this course can expect to come away with some knowledge of the Bible in Judaism, rabbinic literature and law, Jewish mysticism and philosophy, Jewish nationalism and Zionism, Jewish culture, ritual, and worship in the synagogue, the home, and the community, and Jewish celebrations of life cycle events and the festivals.","3","3","No","1","3","OPT - Student Option","-","Every Fall"
"HIST","1807","The Constitution: A People's History from the Founding to Now","Twin Cities","This course examines struggles over the U.S. Constitution from the founding to the present. It foregrounds the experience of diverse communities and their efforts to change, preserve, or realize constitutional meaning. Through a history of rights and citizenship, powers of government, and social movements' pursuits of justice, it conveys the centrality of constitutional history to American life.","3","3","No","1","3","OPT - Student Option","-","Every Fall & Spring"
"HIST","1809","The Presidency: Power, Politics, and Policy in the United States","Twin Cities","This course explores the emergence, meaning, and evolution of the American presidency. We will examine the nature of presidential power and ask how and why those powers have changed over time. We will explore the impact of politics and political parties on the American presidency. We will consider how presidents shape policy and analyze the relationship between power, politics, and policy.","3","3","No","1","3","OPT - Student Option","-","Fall Even Year"
"HIST","1811","The Sixties: History & Memory","Twin Cities","The Sixties was an incredibly dynamic decade in the United States and around the world. It was a decade of powerful social movements from the Civil Rights and Black, Brown, Yellow and Red Power movements to the countercultural, student/campus, anti-war, feminist, and environmental movements. It was also marked by the rise of a series of New Right movements from the rise of the Barry Goldwater to the election of Richard Nixon and the transformation of both the Democratic and Republican parties. Major immigration reform, transformations in the nation's educational and health care systems, along side new patterns of consumption and new forms of media were also products of the Sixties. From the Cold War to the Vietnam War, from anti-imperialism and anti-colonialism to third world revolutions, Americans transformed the world and the US was transformed by the world in the sixties.

Fifty years removed from the sixties, the idea of the sixties remains alive in the American imagination. It remains alive and in tension with the new movements, like Black Lives Matters, and in political thought, as, for example, in Donald Trump's repeated invocation of the ""silent majority."" 

Students will explore a wealth of primary sources and be introduced to the dynamic historiography of the 1960s. As a class, we will also consider how the sixties continues to serve as a powerful trope that organizes political and social thought in the 21st century.","3","3","No","1","3","OPT - Student Option","-","Every Fall"
"HIST","1934","The History of Tourism: From Global to Local Perspectives","Twin Cities","In this seminar, students will ask what tourism—an activity that many of us engage in, whether in our hometowns or abroad—can teach us about past and present societies. The course has two components, one critical-historical and one practical. The former examines the global history of tourism from the 18th century to the present. The second engages students in creating a public history of the University of Minnesota Tourism Center (under the directorship of Dr. Xinyi Qian), which will celebrate its 40th anniversary in 2027. Students will have the opportunity to conduct research in the U of M archives, prepare website content, and/or design research interviews, with the goal of contributing to a public exhibition scheduled for 2027. In connection with the seminar, there will also be the opportunity for one paid internship with the University of Minnesota Tourism Center.

This course is taught by Igor Tchoukarine, an assistant professor in the Department of History. He writes and teaches on the history of tourism and travel, immigration to Minnesota, and modern Europe. He completed his graduate studies in Canada and France, and had the opportunity to live in many European cities. He is fascinated by the cultural, political, economic, and social complexity of tourism, a phenomenon that reveals a great deal about the world we live in.","3","3","No","1","3","A-F - A-F Grade Basis","001475","Periodic Fall & Summer"
"HIST","3051","Ancient Civilization: Near East and Egypt","Twin Cities","A broad survey of ancient Near Eastern and Egyptian history and culture from the prehistoric to the rise of Persia around 550 B.C.","3","4","No","1","4","OPT - Student Option","-","Periodic Fall"
"HIST","3052","Ancient Civilization: Greece","Twin Cities","A broad survey of ancient Greek culture and history from the third millennium B.C. to the death of Alexander the Great in 323 B.C.","3","3","No","1","3","OPT - Student Option","-","Every Fall, Spring & Summer"
"HIST","3053","Ancient Civilization: Rome","Twin Cities","A broad survey of the culture and history of Rome from its origins to the decline and fall of the Roman Empire in the third and fourth centuries A.D.","3","3","No","1","3","OPT - Student Option","-","Every Spring & Summer"
"HIST","3054","Ancient Egypt and its Neighbors","Twin Cities","Ancient Egypt exerts fascination upon modern societies, as it did upon its ancient contemporaries. The decipherment of the hieroglyphic script, in the early 19th century CE, opened the way to recovering its history all the way back to the invention of the writing system more than 5,000 years ago. Ancient Egypt has meanwhile been a special focus of racialized interpretations of civilization, from the birth of modern Egyptology onward. Europeans of the colonial age saw Egyptian civilization as an anomaly in Africa, measured excavated skulls in an effort to prove its extraneous origins and segregated it from its geographic context. But Egyptian civilization did not develop in isolation. Rather it developed in concert with its neighbors upstream along the Nile, across adjacent deserts and seas, and over the land bridge to southwestern Asia. Its most important neighbor in northeastern Africa was the land of Kush (Nubia), where a series of cultures and states co-evolved with those of Egypt. Archaeological exploration continues to add to our knowledge of these interconnected pasts. This course will examine the history of Egypt, Kush, and adjacent regions from the late 4th millennium BCE, when the first states formed in the Nile Valley, to the late first millennium BCE, when Egypt fell under Roman rule while the kingdom of Meroe ruled the upper Nile. While the civilizations of northeastern Africa are the focus, the course will also examine their interactions with cultures of the Near East and Eastern Mediterranean. Since knowledge of ancient societies is derived from the texts and artifacts they produced, complete with their original context so far as possible, this course will emphasize primary sources, including texts (in translation), images, and archaeological remains.
There are no prerequisites for the course; the only preparation necessary consists in college-level writing skills, and readiness to learn new information. Be advised that the study of ancient history requires learning a great number of foreign names and terms, as well as a lot of dates. One cannot understand relations between events and phenomena, in particular relations of cause and effect, without knowing their chronology, the participants involved, and their locations. Students must therefore learn the geography of the regions under discussion, the dates of events and periods during the three millennia the course covers, the names of populations and individual persons, and terms pertaining to the subjects of study. These kinds of information form the basis for knowledge and meaningful inquiry.","3","3","No","1","3","OPT - Student Option","-","Periodic Fall & Spring"
"HIST","3061","""Bread and Circuses"": Spectacles and Mass Culture in Antiquity","Twin Cities","Development of large-scale public entertainments in ancient Mediterranean world, from athletic contests of Olympia and dramatic festivals of Athens to chariot races and gladiatorial games of Roman Empire. Wider significance of these spectacles in their impact on political, social, and economic life of the societies that supported them.","3","3","No","1","3","OPT - Student Option","-","Fall Odd, Spring Even Year"
"HIST","3066","Prehistoric Pathways to World Civilization","Twin Cities","How did complex urban societies first develop? This course addresses this question in ten regions of the world, including Maya Mesoamerica, Inca South America, Sumerian Near East, Shang Civilization in East Asia and early Greece and Rome.","3","3","No","1","3","OPT - Student Option","-","Every Fall"
"HIST","3067W","Archaeology of Prehistoric Europe","Twin Cities","How archaeologists analyze/interpret artifacts to develop knowledge about formation of European society, from earliest evidence of human occupation to Roman period.","3","3","No","1","3","OPT - Student Option","-","Every Spring"
"HIST","3081W","Martyrs, Monks, Crusaders: World Christianity, 100-1400","Twin Cities","This course surveys the history of Christianity from its status as a persecuted minority religion of the Roman Empire to its dominant role in medieval Europe and Byzantium. We study Christian traditions in Asia and Africa as well as Europe with special attention to the relationship between Christianity and culture in the ancient and medieval world.","4","4","No","1","4","OPT - Student Option","-","Fall Odd, Spring Even Year"
"HIST","3082W","World Christianity, 1300-1800 Reformers, Radicals and Revolutionaries","Twin Cities","This course, which requires no prerequisite, examines developments in the history of Christianity from the beginning of the fourteenth century to the end of the eighteenth. We will start our investigation by considering the Latin church with its headquarters in Rome at the height of its power and influence. We will then trace its development through the crises of the fourteenth century and its subsequent transformation during the Reformation and the Confessional era. We will close by considering new challenges facing the church in an age of Enlightenment and Revolution. Though our geographic center of gravity will be in Europe, we will follow the expansion of Christianity into the Asian, African and American worlds and how developments here changed the nature of the church back in Europe. We will study religion as a phenomenon that affects human activity in a broad spectrum of area and activities. Though we will investigate formal matters of belief, significant attention will be given to Christianity as a “lived experience,” how faith affected the everyday life of men and women in the premodern world.","3","3","No","1","3","OPT - Student Option","-","Spring Odd Year"
"HIST","3092","Jesus in History, Art & Culture","Twin Cities","Does time, place, and culture affect our picture of Jesus? We'll start by constructing our own Jesus story and then go backwards in time to examine modern times (film, music, and modern art), pre-Civil War America (views of Jesus from enslaved people and their enslavers), Renaissance and Medieval Europe and North Africa (art and architecture), and finally end with the ancient world (art and writings about Jesus, including the biblical gospels). No background in religious studies required, and students of any, all, or no religious background are welcome.","3","3","No","1","3","OPT - Student Option","-","Every Spring"
"HIST","3101","Introduction to Medieval History","Twin Cities","Europe from decline of Rome to early Renaissance. Politics, institutions, society, economy, and culture of Middle Ages.","3","3","No","1","3","OPT - Student Option","-","Every Fall, Spring & Summer"
"HIST","3151W","British History to the 17th Century","Twin Cities","The making of the English nation: Anglo-Saxons and Normans; development of English law and Parliament; Reformation and constitutional crisis; early Wales, Scotland, and Ireland.","4","4","No","1","4","OPT - Student Option","-","Every Fall"
"HIST","3152","British History From the Seventeenth Century","Twin Cities","Civil War, Revolution, and constitutional settlement. Industrialization and growth of democracy. Rise/decline of British Empire.","3","3","No","1","3","OPT - Student Option","-","Every Spring"
"HIST","3244","History of Eastern Europe","Twin Cities","History of Central and Eastern Europe from the late 18th century to modern times, culture and society, nationalism and formation of nation states, the Bolshevik Revolution, the fall of Austria-Hungary, the interwar period, fascism, World War II, Jews and antisemitism, state socialism after 1945, everyday life under socialism, the Cold War, and the post-socialist transition.","3","3","No","1","3","OPT - Student Option","-","Periodic Fall & Spring"
"HIST","3284W","History through Memoir","Twin Cities","Memoirs--non-fictional life stories--offer an intriguing lens into the past. Memoirs vividly portray a person's experiences, but they also raise questions about the reliability of the narrator. What kinds of histories are memoirs? We will read memoirs about experiences of race, class, gender in America. Students write their own short memoir.  ","3","3","No","1","3","A-F - A-F Grade Basis","-","Every Fall"
"HIST","3287","Seeing History through Comics: New Perspectives on the Contentious Past","Twin Cities","Comic-form histories offer new perspectives on the past. Focusing on cases of contentious history, this course will examine how varying perspectives (shaped by class, gender, race, or geo-political position) appear in comic histories. We will compare comic accounts with more traditional forms of historical analysis of select contentious events of modern U.S., European, African and East Asian history.","3","3","No","1","3","OPT - Student Option","-","Periodic Spring"
"HIST","3349","U.S. Women's Legal History","Twin Cities","Women's legal status, from colonial era through 20th century. Women's citizenship, civil rights. Marriage, divorce, and child custody. Reproductive/physical autonomy/integrity. Economic/educational equality.

prereq: Soph or jr or sr","3","3","No","1","3","AFV - A-F or Audit","000959","Fall Odd Year"
"HIST","3361W","World War I: A Global History","Twin Cities","This class takes a global approach to the examination of the causes and consequences of World War I. We will look at how the war unfolded in Europe, Africa, and the Middle East. We will also explore the war's impact on North America and Australasia, areas drawn into the conflict because of their unique relationships with Britain and France. We will consider the special role played by the U.S. in restoring world peace and analyze the lasting social and political cleavages occasioned by the war. We will get at the heart of how the war was fought and how it is remembered for all of its triumphs and tragedies.","3","3","No","1","3","A-F - A-F Grade Basis","-","Every Fall"
"HIST","3362","Global History of World War II","Twin Cities","This course examines 1) how different countries remember World War II and how memories of the war have been shaped by domestic and international contexts of each country, and 2) how WWII changed the world in areas of human rights, the government-society relations, and ethical use of science and technology. Various faculty members with different geographical and thematic expertise come to the class as guest lecturers throughout the semester.","3","3","No","1","3","OPT - Student Option","-","Every Spring"
"HIST","3401W","Early Latin America to 1825","Twin Cities","Societies of Americas, Spain, and Portugal before contact. Interactions among Native Americans, African slaves, and Europeans, from colonization through independence. Religion, resistance, labor, gender, race. Primary sources, historical scholarship.","4","4","No","1","4","AFV - A-F or Audit","-","Every Fall & Spring"
"HIST","3402W","Modern Latin America 1825 to Present","Twin Cities","National and contemporary period 1825 to present, with emphasis on social, cultural, political, and economic change.","4","4","No","1","4","OPT - Student Option","-","Every Fall, Spring & Summer"
"HIST","3412","Soccer: Around the World with the Beautiful Game","Twin Cities","How did a kicking game played in a few English schools in the mid-nineteenth century go on to become the most popular organized pastime the world has ever known? In this class, we chart soccer's unlikely rise to global prominence and explore what it can tell us about people, games, and ethics all around the world today.","3","3","No","1","3","OPT - Student Option","-","Spring Odd Year"
"HIST","3413","War in History: Preparing and Making War in World History","Twin Cities","War has been a standard tool for organizing societies, settling disputes, and securing resources. The means and meaning of war have changed in important ways over time and we see very different historical outcomes across different societies. This course exams differences in war making across many societies in Europe, Asia, the Americas, and Africa from 10,000 BC to now.","3","3","No","1","3","OPT - Student Option","-","Every Fall"
"HIST","3415","Migrations in Modern Global History","Twin Cities","This is a liberal education course that emphasizes particular learning outcomes while developing students’ historical and global perspectives. The purpose of HIST 3415 is dispel the impression, common among students, that North America is in some sense unique in its long history of international migrations. The course examines a history of human mobility that stretches from the earliest days of human life on earth down to the present and that begins in Africa before extending to case studies of migrants living and adapting to new social, cultural, and physical environments in every part of the world. Along the way, it introduces students to the intersection of history, humanities and social sciences as ways of knowing about the past and analyzing the present and encourages students to encounter, evaluate, and interpret the past through the use of primary sources.  ","3","3","No","1","3","OPT - Student Option","-","Periodic Fall & Spring"
"HIST","3417W","Food in History","Twin Cities","Significance of food in society, from earliest times to present. Why we eat what we eat. How foods have been ""globalized."" Dietary effects of industrial modernity. Material culture, social beliefs. Examples from around the world.","3","3","No","1","3","OPT - Student Option","-","Fall Odd, Spring Even Year"
"HIST","3418","Drink in History","Twin Cities","Significance of alcohol and stimulating beverages. Interdisciplinary study of alcohol/prohibition regimes throughout history.","3","3","No","1","3","OPT - Student Option","-","Fall Even, Spring Odd Year"
"HIST","3426","Piracy in the Mediterranean: The World of Merchants and Pirates","Twin Cities","This course will use the vehicle of piracy and privateering in the Mediterranean world to explore issues of cross-cultural interaction, global connections, and identity from earliest times when people took to the sea to the Middle Ages through the early modern era, 500-1800. Wherever there was trade, wherever there was movement on the seas, there was piracy. Recent scholarship on the Mediterranean has focused on connectivities, micro-environments, the uniqueness of islands, and various climatic spheres in a geographic tradition that follows the path-breaking work of Fernand Braudel. This course will consider the urban and rural dimensions of the Mediterranean region as they relate to the history of merchants and pirates. Finally, the political and military aspects of Mediterranean history will be examined. There was a continuum from piracy to privateering to war. Students should gain a deeper understanding of a region that continues to fascinate us today.","3","3","No","1","3","OPN - Student Option No Audit","-","Spring Odd Year"
"HIST","3431","Early Africa and Its Global Connections","Twin Cities","This course offers a general, introductory survey of African history from the earliest times to around 1860. You need have no prior knowledge of the subject, just interest and enthusiasm. We will explore Africa’s rich and diverse pre-colonial past, paying particular attention to material and social change and the ways in which both ruling elites and “ordinary” men and women—farmers, herders, traders, slaves—helped to shape their worlds.

Given the vast chronological and geographic scope of the continent, our coverage will necessarily be selective. Rather than attempting to cover everything, the course highlights major themes and case studies that illuminate broader patterns and transformations. Topics include climate and environment, migration and settlement, material culture, state formation, trade networks, slavery and the slave trade, and the spread and influence of Islam and Christianity.

Students will also be introduced to the methods historians use to reconstruct Africa’s early past, including oral traditions, archaeology, linguistics, and anthropology. By the end of the course, students will have developed a strong methodological and historiographical foundation for understanding African history and situating specific events and processes within larger regional and global contexts.","3","3","No","1","3","OPT - Student Option","-","Periodic Fall & Spring"
"HIST","3432","Modern Africa in a Changing World","Twin Cities","Survey of modern African history from early 19th century to present. Focuses on socioeconomic, political, and cultural development in Africa, from abolition of trans-Atlantic slave trade through postcolonial era.","3","4","No","1","4","OPT - Student Option","-","Every Fall, Spring & Summer"
"HIST","3433","Images of Africa","Twin Cities","Major themes in African history, from early human development to present.  History of western ""knowledge"" about Africa. Assumptions that have influenced production of African history. Extent to which African history is ""packaged"" for public consumption inside/outside Africa. How history is used to support modern political agendas.","3","3","No","1","3","OPT - Student Option","-","Periodic Fall & Spring"
"HIST","3435","History of South Africa from 1910: Anti-Racism, Youth Politics, Pandemics & Gender (Based Violence)","Twin Cities","We are all living in extraordinary times. But what does that mean? In South Africa, we have seen the COVID-19 pandemic and the measures implemented to control it causing massive social upheaval and personal distress. It has forced the people in the country to confront issues that life prior to the pandemic had made easy to turn away from. Misogyny, gender based violence and sexual violence – a long-standing emergency in the south of Africa – have been forced into our vision once again. It was not the pandemic that created this violence. Nor was it the first time people had been outraged by a lack of action to address it. In the years approaching 2020, calls, protests and demonstrations were increasingly demanding the culture of impunity in gender based violence be ended; sometime with violent outcomes against the protestors themselves. Over those same years, nationwide protests have rocked South Africa’s university campuses. The student movements known as #RhodesMustFall, #FeesMustFall and #RUReferenceList highlight the contrasts and disappointments of the recent past in South Africa, confront the legacy of racism and misogyny in its institutions and knowledge systems, and resonate with a history of anti-racism and struggle that now, in turn, similarly fuel the on-going Black Lives Matter and #MeToo movements worldwide.","3","3","No","1","3","OPT - Student Option","-","Periodic Fall"
"HIST","3444","Chicana and Chicano History I","Twin Cities","Experiences of people of Mexican descent in the United States. Important eras in histories of Mexico, the United States, and Mexican Americans. Central role of Chicana/os in U.S. history, culture, and politics. Topics include race, ethnicity, gender, sexuality, immigration, migration.","3","3","No","1","3","OPT - Student Option","-","Every Fall"
"HIST","3445","Abajo Con La Migra: Immigration and the Latino/a Experience","Twin Cities","As part of a longer tradition in Latino/a/x radical thought, this upper-division, interdisciplinary course explores the experiences of migrants from Latin America to the United States in the 20th and 21st centuries, and its roots in colonialism from previous centuries. It will consider the transnational context in which migrants cross borders by investigating not only their reception in the United States, but the complex processes occurring within their homelands as well. The class will also explore migrant engagements with U.S. society, pre-existing Latino/a/x and other ethnic communities, and experiences within the political, economic, and social aspects of life at the local and global level. At central issue will be the role of U.S. foreign policy in Latin America that contributes to the context in which people migrate, development of border patrolling as a key part of U.S. immigration policy, the cultural and social innovations created out of the process of diaspora, the relationship among different Latina/o/x groups and the emergence of “Latinidad” in the U.S., and the historical and on-going struggle for immigrant rights.","3","3","No","1","3","OPT - Student Option","-","Every Fall"
"HIST","3446","Chicana and Chicano History II: WWII, El Movimiento, and the New Millennium","Twin Cities","Experiences of people of Mexican descent in the U.S. Notions of citizenship from WWII. Chicano civil rights movement. Impact of immigration patterns/legislation. Cultural wars, changing demographics. Social, economic, and political changes that influenced day-to-day life of Mexican Americans. Meaning of racialized ""Mexican"" identity. How different groups of Mexicans have understood their relationships to other Americans and other Latino groups.","3","3","No","1","3","OPT - Student Option","-","Every Spring"
"HIST","3456","Social and Intellectual Movements in the African Diaspora","Twin Cities","Political, cultural, historical linkages between Africans, African-Americans, African-Caribbeans. Socio-political movements/radical intellectual trends in late 19th/20th centuries within African Diaspora. Resistance in Suriname, Guyana, Caribbean. Protest organizations, intellectual discourses, radical movements in United States/Europe.","3","3","No","1","3","OPT - Student Option","-","Every Fall"
"HIST","3462","From Subjects to Citizens: The History of East Asia From 1500 to the Present","Twin Cities","How Asian states, societies, economies, and cultures linked with one another and with European powers. How period's historical effects still resonate. Covers India, China, Japan, Korea, and Indochina.","3","4","No","1","4","OPT - Student Option","-","Every Spring"
"HIST","3466","Religion and Society in Imperial China","Twin Cities","Varieties of religious experience in imperial China. Religion as lived practices. Textual traditions. Buddhism, Daoism, Confucianism, relations among them. Western missionary enterprise in China.","3","3","No","1","3","OPT - Student Option","-","Periodic Fall & Spring"
"HIST","3469","History of Women and Family in China, 1550-Present","Twin Cities","In this class, we will examine women, gender relations, and family in China from about 1550 to the present. We will read fiction, poetry, memoirs, and works by historians, as well as watch films and examine visual evidence. We will always be attentive to questions of how we know what we know and of the nature of the sources we are looking at.","3","3","No","1","3","OPT - Student Option","-","Periodic Fall & Spring"
"HIST","3471","Modern Japan, Meiji to the Present (1868-2000)","Twin Cities","Japan's early development as industrial/imperial power after Meiji Restoration of 1868. Political developments in Taisho years: social, cultural, economic trends that supported them. Militarization/mobilization for war in 1930s. Japan's war with China, Pacific War with the United States. American Occupation. Postwar economic recovery, high growth. Changing political/popular culture of 1980s, '90s.","3","3","No","1","3","OPT - Student Option","-","Every Fall & Spring"
"HIST","3511","Muslims and Jews: Conflict and Co-existence in the Middle East and North Africa since 1700","Twin Cities","Diversity of social/cultural interactions between Muslims and Jews and between Islam and Judaism since 1700. What enabled the two religious communities to peacefully coexist? What were causes of conflict? Why is history of Muslim-Jewish relations such a contested issue? ","3","3","No","1","3","OPT - Student Option","-","Fall Odd Year"
"HIST","3514W","Water and Oil: An Environmental History of the Middle East","Twin Cities","Water and Oil focuses on the far‑reaching impacts of environmental change upon Middle Eastern societies, culture, politics, economic development or underdevelopment, and violence. It offers a narrative of the Middle Eastern past that is not framed by a specific place, ethnic group, religion, or intellectual tradition. The course is designed to enable students to think deeply about technology and the environment across the Middle East, and the region’s development as shaped by local practices, global politics, economic interests, and the struggle for resource management.","3","3","No","1","3","OPT - Student Option","-","Periodic Fall & Spring"
"HIST","3534","Introduction to Jewish History and Cultures","Twin Cities","This course traces the development of Judaism and Jewish civilizations from their beginnings to the present. With over three millennia as its subject, the course must of necessity be a general survey. Together we will explore the mythic structures, significant documents, historical experiences, narratives, practices, beliefs, and worldviews of the Jewish people. The course begins by examining the roots of Judaism in the Hebrew Bible and the history of ancient Israel but quickly focuses on the creative forces that developed within Judaism as a national narrative confronted the forces of history, especially in the forms of the Persian, Greek, and Roman empires.  Rabbinic Judaism becomes the most dominant creative force and will receive our greatest attention, both in its formative years and as it encounters the rise of Christianity and Islam. After studying the Jewish experience in the medieval world, we will turn to Judaism’s encounter with the enlightenment and modernity. The historical survey concludes by attending to the transformations within Judaism and Jewish life of the last 150 years, including a confrontation with the experience of the Holocaust. Woven throughout this historical survey will be repeated engagements with core questions: “Who is a Jew?” “What do Jews believe?” “What do Jews do?” “What do we mean by ‘religion’?”   “How do Jews read texts within their tradition?” And perhaps most importantly, “How many answers are there to a Jewish question?” Students in this course can expect to come away with some knowledge of the Bible in Judaism, rabbinic literature and law, Jewish mysticism and philosophy, Jewish nationalism and Zionism, Jewish culture, ritual, and worship in the synagogue, the home, and the community, and Jewish celebrations of life cycle events and the festivals.","3","3","No","1","3","OPT - Student Option","-","Every Fall"
"HIST","3547","The Ottoman Empire","Twin Cities","Survey of Islam's most successful empire, from its founding circa 1300 to its demise in 1923. Lands, institutions, peoples, historical legacy.","3","3","No","1","3","OPT - Student Option","-","Every Fall & Spring"
"HIST","3549W","Islam: Religion and Culture","Twin Cities","This course serves as an introduction to the rise of Islam and its spread, tracing its journey from a local to a global religion. Special emphasis will be placed on the “classical period” of Islamic history, from the formation of the Qur’an in the seventh century CE to the fall of Abbasid Baghdad in the thirteenth century CE, while still tracing the trajectories of Islamic identity on into the early modern and modern world. We will pay careful attention to the historical context in which Islam arose and the dialogue it has maintained with other world religions from its very beginning. While engaging with important developments in Islamic thinking and culture in the Middle East and North Africa, we will also study the history of Islam in Europe and eastern Asia. A core aspect of this course will be to highlight the Qur’an and the Hadith as foundational documents in the development of Islamic religious identity. At the same time, this course will introduce students to the literary, scientific, political, philosophical, and artistic achievements of this formative period in Islamic history. Throughout this course, we will maintain a focus on the relationship between Muslims and their religious neighbors, especially Jews and Christians. We will highlight recurring themes in these relationships, from scholarly competition to neighborly cooperation to violence and, at times, sustained warfare.","3","3","No","1","3","OPT - Student Option","-","Periodic Fall & Spring"
"HIST","3606","Christians, Muslims, and Jews in the Middle Ages","Twin Cities","A Pew Research survey of the global religious landscape in 2010 found 2.2 billion Christians (31.5% of the world?s population), 1.6 billion Muslims (23.2%), and 14 million Jews (.2%). In this class, we explore how the histories of these religious communities became deeply entangled in an age of diplomacy, trade, jihad, and crusade.","3","3","No","1","3","OPT - Student Option","-","Fall Even, Spring Odd Year"
"HIST","3611","Medieval Cities of Europe: 500-1500","Twin Cities","European cities changed from Roman times through the urban nadir of the Early Middle Ages to the flowering of cities in the High and Late Middle Ages.�We explore planned towns, ad hoc developments, revived Roman sites, and economic, political, cultural, and sensory elements of city life.�Students design a medieval city using Arc.GIS and StoryMap. Contact the instructor for more information.","3","3","No","1","3","OPN - Student Option No Audit","-","Every Fall & Spring"
"HIST","3613","History of the Crusades","Twin Cities","Crusading spirit in Europe. Results of classic medieval crusades, ca 1095-1285. States established by crusaders in the Near East. Internal European crusades. Chronological prolongation of the crusading phenomenon.","3","3","No","1","3","OPT - Student Option","-","Every Fall, Spring & Summer"
"HIST","3615W","Women in European History: 1500 to the Present","Twin Cities","History of women in Western Europe from early modern period to present. Changes crucial to women's lives. Family/kinship structure, control over property, organization of work, religious ideas/practices, education, politics, beliefs/attitudes about female body.","3","3","No","1","3","OPT - Student Option","-","Periodic Spring"
"HIST","3616","The Hundred Years War: France and England in the Middle Ages","Twin Cities","Politics, society, and culture in medieval France from the end of the Carolingians to the end of the Hundred Years War.","3","3","No","1","3","OPN - Student Option No Audit","-","Periodic Fall"
"HIST","3617","Pagans, Christians, Barbarians: The World of Late Antiquity","Twin Cities","Between classical and medieval, pagan and Christian, Roman and barbarian, the late antique world was a dynamic age. This course will focus on the Mediterranean region from the end of the second to the mid-eighth century. We will examine political, cultural, religious and socio-economic transitions that characterized this period, including elements of continuity and change. We will consider the significance of such factors as the conversion of Constantine, the rise of Constantinople, Christian responses to culture, the monastic movement, the persistence of paganism, the fall of Rome, barbarian invasions, the rise of Islam, and developments in philosophy, theology, and education.","3","3","No","1","3","AFV - A-F or Audit","-","Periodic Fall & Spring"
"HIST","3704W","Daily Life in Europe: 1300-1800","Twin Cities","Living conditions and daily life in Europe before the Industrial Revolution. Topics include marriage and family, life at court, nobles, peasants, disease, farming, livestock-raising, urban life, the middle classes, manufacturing, trade, piracy, witchcraft, war, crime, and social deviance.","3","3","No","1","3","OPT - Student Option","-","Fall Even, Spring Odd Year"
"HIST","3713W","The Age of Enlightenment: European Art and Culture in the 18th Century","Twin Cities","“The Age of Enlightenment” is a 3-credit course intended to satisfy the Liberal Education Core requirement for the Historical Perspectives Core. Focusing on the transformations of the visual and plastic arts over the long 18th century (1680-1815), this course will introduce students to the seminal cultural shifts characteristic of the so-called European Enlightenment. Topics will include European travel and the Grand Tour; overseas colonial expansion, connectivity, and the globalization of Europe; secularization, materialism, libertinism, and the new morality; the Scientific Revolution and the creation of the modern scientific disciplines; the new public sphere and its mass, democratizing impulses; modern commercialism, capitalism and industrialization; and the percolation of new revolutionary political impulses.","3","3","No","1","3","OPT - Student Option","-","Periodic Fall"
"HIST","3718","Sites of Reckoning: Berlin’s History in Memorials","Twin Cities","This course explores public sites of commemoration in Berlin, a place of political and social turbulence in the 20th century. A vibrant cultural center and the heart of German Jewish life from the 18th-century Enlightenment-era through the Weimar Republic of the 1920s, Berlin next became the command center for the Nazi reign of oppression, war, and the deportation of Jews and non-Jewish people to sites of mass murder on an industrial scale. After the war, when Germany was divided into East and West, its capital was too. Millions fled the Soviet controlled German Democratic Republic (GDR), making their way first to West Berlin. To stem the tide of refugees, the East German government in 1961 built a high cement wall that cut off streets and divided neighborhoods, surrounding West Berlin with a border surveilled by guards with shoot-to-kill orders. Only in 1989 did courageous, peaceful demonstrations lead to the opening of the border, the eventual end of the one-party dictatorship in East Germany, and reunification into a single Germany the following year.  

As significant events recede into the past, how can the following generations commemorate and learn from them? What forms of memorialization do justice to the victims? How can sites of memory offer understanding of events that seem foreign and alienating today?  

This 3-credit embedded Global Seminar investigates Berlin as a site of history and how Germans have engaged with the past in their public-facing exhibits and memorials. Students will experience first-hand how artists, scholars, museum curators, and policy makers have designed and debated memorial spaces and monuments that prompt visitors’ engagement with a difficult past. Students will read about, visit, discuss, and then write about various memorial sites, becoming informed and critical interlocutors of public monuments. In addition to several written reflections, students will write a final reflection paper at the end of the term. There will also be informal group assignments and in-class presentations.","3","3","No","1","3","A-F - A-F Grade Basis","013375","Periodic Spring"
"HIST","3722","Studies in 20th-Century Europe From the End of World War II to the End of the Cold War: 1945-91","Twin Cities","Social, economic, political, and cultural impacts of WWII upon Europe. Division of Europe. Communist regimes in Eastern Europe, cooperation in Western Europe. Impacts of modernization. End of Cold War.","3","3","No","1","3","OPT - Student Option","-","Every Fall, Spring & Summer"
"HIST","3726W","The Century of Refugees: A Global History of Forced Migration, 1900s-2000s","Twin Cities","This course examines the world-historical events that structured global flows of refugees in the Twentieth Century (and beyond), the evolution of refugee protection systems that emerged in response, and the rise of the “refugee” as a legal/political/cultural subject and as an agent of historical change. ","3","3","No","1","3","OPT - Student Option","-","Periodic Fall & Spring"
"HIST","3746","Game of Thrones: Emperors, Knights and Witches in Central Europe","Twin Cities","This course traces the rise and fortunes of the Habsburg family from their emergence in the late 13th century to the end of the Holy Roman Empire in 1806. We use the family to explore key themes of the period including the Black Death, Hussite wars and peasant revolts, the new print culture, developments of the Reformation, European expansion and Enlightenment culture.

prereq: None","3","3","No","1","3","OPT - Student Option","-","Fall Odd, Spring Even Year"
"HIST","3749","Central and Eastern European Migrants in Minnesota","Twin Cities","In this class, we will use Minnesota, particularly the Twin Cities, as a lens through which to examine the history of Central and Eastern European migration to the United States (U.S.) from the late 19th century to the present. Moving chronologically and from the global to the local, this class will first examine the complex and intertwined reasons that prompted people to settle (either temporally or permanently) in the U.S. in the late 19th and early 20th centuries. We will explore the communalities and differences between the Poles, Ukrainians, Germans, Czechs, Slovaks, Jews, Hungarians, Slovenes, Croats, and Serbs who made up this initial wave of migration, and assess how these migrants shaped the urban and social fabric both in the United States, and in St. Paul and Minneapolis. Second, the class will examine how these communities evolved over the course in the 20th century by a) exploring topics such as ethnic identity maintenance, inter-generational relations, return migration, xenophobia and antisemitism, the relationship between migrants and the host society, and institutions (churches and synagogues, fraternal organizations, learned societies, archives, museums and libraries, etc.) established by migrants in the U.S., and b) assessing the impacts of later migration waves from Europe to the U.S., caused by the Holocaust and the Second World War, the 1956 Hungarian uprising, the 1968 Prague Spring, Soviet emigration policies, the fall of the Berlin Wall, and the civil wars in Yugoslavia. 

Keeping in mind the pressing ethical questions that subtend migration (both historical and contemporary), this class will also ask what it means to be a descendant of Central and Eastern European migrants in present-day Minnesota—not just of those who arrived over a century ago, but also more recent migrants, e.g., Russians, or Muslims from Bosnia-Hercegovina. To this end, we will enrich our classroom by extending it into the metro area with visits to relevant sites and meetings with representatives of some of these communities in order to understand their current lives, work, and challenges. This class will thus draw on numerous local resources: archives, buildings such as religious sites and community centers, museums, etc.","3","3","No","1","3","OPT - Student Option","-","Periodic Spring"
"HIST","3813W","Slavery and the Making of America","Twin Cities","This course examines American racial slavery and its centrality to U.S. history. The course teaches students to consider the experiences of enslaved people, observe how the institution of slavery operated, and understand its far-reaching influence across social, political, cultural, economic, legal, environmental, and intellectual domains.","3","3","No","1","3","OPT - Student Option","-","Periodic Fall & Spring"
"HIST","3821","United States in the 20th Century to 1945","Twin Cities","American politics and society in the progressive era, the 1920's, the Great Depression and World War II. Economic reform at home, the challenges of world war abroad, and social change affecting the status of women and racial minorities.","3","3","No","1","3","OPT - Student Option","-","Every Fall, Spring & Summer"
"HIST","3848","The 1970s: Stayin' Alive in the United States","Twin Cities","Stuck between the iconic 1960s and the flashy 1980s, the 1970s—for a long time by historians—were thought of as the decade where nothing happened. However, is that really the case? The 1970s have turned out to be an ever more important decade to examine, research, and think about. The previously declared “stagnant” decade has been the subject of newfound attention and together we will immerse ourselves in the music, politics, technology, and issues of the time to discover exactly how disco came to dominate the music charts, how people lost hope in the political system, how civil rights activists continued the quest for equality, and how folks did their best to stay alive in a very confusing decade.","3","3","No","1","3","A-F - A-F Grade Basis","-","Periodic Spring"
"HIST","3849","The Histories of Student Activism in the United States","Twin Cities","College students do a lot of things. They study. They are part of clubs, sports teams, and organizations. They work. They build lives outside the institution. They also protest and look for ways to change the world. This is a course that explores the many histories of student activism. Students have taken part in some of the most important social movements in the world. Students have also turned their attention inward to demand that the university change or expand in one way or another. In all of these ways, students are engaging in civic life and thinking through the ethics of many public problems.

Through a focus on the United States and particular attention paid to the University of Minnesota itself, students will think deeply about questions of activism and reflect on the actions of their direct historical counterparts. We will examine how various student groups debate ethics and make decisions about how to engage with the broader body politic. Throughout the semester we will be learning and discussing both how world events shape college students and how college students shape the world around them.","3","3","No","1","3","A-F - A-F Grade Basis","-","Periodic Spring"
"HIST","3852","U.S. Labor and Working-Class History","Twin Cities","This course examines the history of labor and working-class people in the United States from the colonial era to the present. We will discuss the various forms of forced labor that were essential to European colonization in the Americas, and the impact they had on social and political development of the United States. We also examine differences and similarities among agricultural and manufacturing employment, and how they changed over the course of the 18th, 19th, and 20th centuries. Finally, we examine struggles over the control, conditions, and rewards of employment, as they were shaped by struggles over slavery and the rise of industry in the late 19th century, debates over immigration and the welfare state in the early 20th century, and the shift from an industrial to a service-based economy in the past half-century. Central to our study will be the experiences of working people, and how they differ by gender, race, nationality, and sector. Students will be asked to analyze how and why those differences changed over time, and how they shaped the nation in which we now live.","3","3","No","1","3","OPT - Student Option","-","Periodic Fall"
"HIST","3853","Black Protest in Twentieth Century America","Twin Cities","This course gets at the heart of why/how African Americans have been fighting for social and political equality throughout the 20th Century. We explore various ways that African Americans have articulated their political demands and affirmed their citizenship rights using youth and grassroots organizations, workers' rights, feminism, education, the courts and laws as tools for political advancement.","3","3","No","1","3","A-F - A-F Grade Basis","-","Periodic Fall, Spring & Summer"
"HIST","3854","Race and Sport","Twin Cities","This class examines how race, gender, and sport intersect as sites of resistance and reform in twentieth century American life. With the intensification of Jim Crow coinciding with the professionalization and commercialization of sports, athletes of color became central to American debates about science, citizenship, class, ethnicity, sexuality, social mobility, belonging, culture, and entitlement. This seminar will be particularly interested in how athletes of color forced a place for themselves in sports like baseball, boxing, football, golf, and basketball by exercising different models of political protest, citing an urgent need for social justice reforms that spread beyond the realm of sport.","3","3","No","1","3","A-F - A-F Grade Basis","-","Periodic Fall"
"HIST","3858","Policing, Surveillance, and Social Movements in 20th Century U.S.","Twin Cities","This course explores how policing and surveillance changed, evolved, and adapted throughout the twentieth century in the United States. We will trace the trajectory of police power & legitimacy as well as examine how the institution of policing responded to ongoing racial justice movements. ","3","3","No","1","3","A-F - A-F Grade Basis","-","Periodic Fall & Spring"
"HIST","3859","African Americans in Germany","Twin Cities","How have African Americans understood their experiences with race outside of the United States? African Americans have been migrating and circulating the globe since the American Revolution, and it is only recently that scholars have considered the ways in which an abroad experience has been transformative for African Americans. In this seminar-style class, we will explore why and how African Americans have used their experiences in Germany to express a new understanding of their identity in the United States.","3","3","No","1","3","OPT - Student Option","-","Fall Odd Year"
"HIST","3862","American Immigration History","Twin Cities","The United States has frequently been called a “nation of immigrants,” yet despite this celebratory view of the U.S.’s immigrant origins, present-day immigration often provokes fear, anxiety, and resistance. Indeed, immigrants have rarely been truly welcomed in any historical era. This course will examine the history of immigration to, and migration within, the United States from the colonial era to the present, including forced migrations, such as the African slave trade.

We will consider the full range of the migration experience, including what compelled or inspired people to leave their homelands, the means of their migration, and how they settled in their new homes. In addition, we will look at the cultural transformations precipitated by immigration including the creation of ethnic identities, assimilation, and transculturation. Various forms of nativist sentiment and practice will be addressed, as well as migrant and ethnic resistance to nativism, racism, and exploitation.","3","3","No","1","3","OPT - Student Option","-","Periodic Fall & Spring"
"HIST","3864","African American History: 1619-1865","Twin Cities","Importance of dynamics of class, gender, region, and political ideology. Changing nature of race/racism.","3","3","No","1","3","AFV - A-F or Audit","-","Periodic Fall & Spring"
"HIST","3871","American Indian History: Pre-Contact to 1830","Twin Cities","Introduction to American Indian history from ancient native America to the removal era. Focuses on the social, cultural, political, and economic diversity of Native American peoples and Native American experiences with European colonialism.","3","3","No","1","3","OPT - Student Option","-","Every Fall & Spring"
"HIST","3872","American Indian History: 1830 to the Present","Twin Cities","Focus on the impact of federal Indian policy on American Indian cultures and societies, and on American Indian culture change.","3","3","No","1","3","OPT - Student Option","-","Every Fall & Spring"
"HIST","3875W","Comparative Race and Ethnicity in US History","Twin Cities","This writing-intensive course examines the racial history of modern America to learn from and engage with what historians enmeshed in ethnic studies do. These historians examine the systematic and coordinated exercises of power called race in the American past and make legible how racially aggrieved groups responded to this shaping power. Thus, throughout, we ask, ""What did racial subjects do with what was done to them by the American system forged out of settler colonialism, slavery, racism, and other forms of injustice, exclusion, and violence?"" This question issues an intellectual challenge to do all that needs to be done to capture community life, the politics of difference, and the dynamism of social identities in all their richness, fullness, and complexity. In other words, we study and write about the racial history of modern America, including its ugly past and arc of justice, to consider what it would take to transcend this racial past.","3","3","No","1","4","AFV - A-F or Audit","-","Periodic Fall & Spring"
"HIST","3877","Asian American History, 1850-Present","Twin Cities","Asian American history and contemporary issues, from 1850 to the present. Immigration, labor, anti-Asian movements, women/families, impact of World War Two, new immigrant/refugee communities, civil rights, Asian American identity/culture.","3","3","No","1","3","OPT - Student Option","-","Every Fall & Spring"
"HMED","3001W","Health, Disease, and Healing I","Twin Cities","Introduction to intellectual/social history of European/American medicine, health care from classical antiquity through 18th century.","4","4","No","1","4","OPT - Student Option","-","Every Fall"
"HMED","3002W","Health Care in History II","Twin Cities","The course explores the history of medicine from the early 1800s through the present day. Topics covered include the history of public health, germ theory, medical technology, surgery, empire and medicine, health insurance, and mind-body medicine. Hands-on work at the Wangensteen Historical Library will also enrich our understanding of diseases as more than objective biological entities. Special attention is paid to the ways culture, race, and economy have shaped the history of healthcare over time.","4","4","No","1","4","OPT - Student Option","-","Every Spring"
"HMED","3040","Human Health, Disease, and the Environment in History","Twin Cities","Introduction to historical relationship of human health and the environment. How natural/human-induced environmental changes have, over time, altered our experiences with disease and our prospects for health. ","3","3","No","1","3","OPT - Student Option","-","Every Spring & Summer"
"HMED","3045","Public Health and Global Health Histories: Diseases, Population, and Equity","Twin Cities","This course delves into the rich histories of public health and global health in both Western and Asian contexts. We will critically analyze the cultural and scientific foundations of public health and germ theories in Western Europe, the United States, and East Asia, revealing how their institutional, political, and colonial legacies have profoundly shaped public health practices over time and space. Through this exploration, we will assess the successes and obstacles encountered by global health campaigns tackling issues such as malaria, smallpox, health inequities, SARS, COVID-19, and overpopulation in Asia, Africa, and the West. We will also uncover how East and South Asia emerged early on as an essential battleground for global health interventions, recognizing that later developmental strides led to notable successes in combating pandemics and establishing primary healthcare, which captured the attention of nations worldwide. Ultimately, we will investigate how geopolitical competition has fueled the transformation of public health and medicine on a global scale, providing crucial insights into the interconnectedness of health and politics today.","3","3","No","1","3","OPT - Student Option","-","Periodic Fall & Spring"
"HMED","3055","Women, Health, and History","Twin Cities","Women's historical roles as healers, patients, research subjects, health activists. Biological determinism, reproduction, mental health, nursing, women physicians, public health reformers, alternative practitioners. Gender disparities in diagnosis, treatment, research, careers. Assignments allow students to explore individual interests.","3","3","No","1","3","A-F - A-F Grade Basis","-","Periodic Fall & Spring"
"HMED","3075","Technology and Medicine in Modern America","Twin Cities","How technology came to medicine's center-stage. Impact on production of medical knowledge, professionalization, development of institutions/industry, health policy, and gender/race disparities in health care.","3","3","No","1","3","OPT - Student Option","-","Every Fall & Spring"
"HMED","3345","Medicine, Health, and Diseases in East Asia","Twin Cities","This course explores the history of medicine in East Asia from the ancient period to the present day. From the globalization of acupuncture practices to the fight against the deadly SARS and COVID viruses, East and Southeast Asians in their homelands and abroad have sought to develop, transform, and disseminate their ways of healing.

We will critically examine classical Chinese medicine's persistence, transformation, and globalization in the region and beyond. Other topics covered include the role of Western medicine in East Asia, the contestation over vaccination and pharmaceuticals, the role of colonialism in shaping medical practices, and the imaginations of Asian medicine in the United States.","3","3","No","1","3","OPN - Student Option No Audit","-","Every Fall"
"HSCI","1011","Digital World","Twin Cities","Essential knowledge and critical perspective to understand today's Digital World. The history and social impact of the digital revolution, including security, surveillance, ""virtual reality,"" and the future of the Internet.","3","3","No","1","3","OPT - Student Option","000677","Every Spring"
"HSCI","1212","Life on Earth: Origins, Evolution & Ecology","Twin Cities","How have people explained where life came from and how it has developed over time? We examine controversies over life's origins, the Holocene extinction, human population growth, the Dust Bowl and soil conservation, DDT and falcon repatriation, and disease and responses to pandemics. Evolution, natural theology. Ecosystems.","4","4","No","1","4","OPT - Student Option","-","Every Spring"
"HSCI","1585","Mammoths, Minerals, Monoculture: History of Earth and Environmental Science","Twin Cities","This course investigates the many ways people across the globe have sought to understand the environment and the earth from antiquity to the present.  We will study the context in which the modern earth and environmental sciences emerged, asking throughout the semester what knowledge traditions contributed to the development of the sciences we know today.  We will investigate the historical perspectives that shaped three intersecting themes throughout the semester: the questions of geological time and of change in the study of the earth; human use of natural resources in industry and agriculture; and understandings of the earth and environment as a global system.   We will examine secondary historical scholarship and primary sources from North and South America, Africa, Europe, and Asia in order to better understand the religious and philosophical stakes of earth and environmental science, the role of empire and state building in the development of geoscience, and the interrelationship of science and industry.  ","3","3","No","1","4","OPT - Student Option","-","Every Fall"
"HSCI","1714","Stone Tools to Steam Engines: Technology and History to 1750","Twin Cities","Technology is an enormous force in our society, and has become so important that in many ways it seems to have a life of its own. This course uses historical case studies to demonstrate that technology is not autonomous, but a human activity, and that people and societies made choices about the technologies they developed and used. It asks how technological differences between nations influenced their different courses of development, and why some societies seemed to advance while others did not. We ask how technological choices can bring about consequences greater than people expected, and how we might use this knowledge in making our own technological choices. In particular, we explore the historical background, development, and character of the most widespread technological systems the world has known, from prehistoric stone tool societies, through Egypt and the pyramids, ancient Greece and Rome, the explosion of Islam, and the dynamic and often violent technologies of medieval Europe.","3","4","No","1","4","OPT - Student Option","-","Every Fall & Spring"
"HSCI","1715","History of Modern Technology: Waterwheels to the Web","Twin Cities","This course explores the many technological systems that have come to span our globe, alongside the widespread persistence of traditional technologies. We start with the earliest glimmerings of modernity and industrialization, and move on in time to the building of global technological networks. How have people changed their worlds through technologies like steam engines and electronics?  Is it a paradox that many traditional agricultural and household technologies have persisted? How have technologies of war remade the global landscape? We ask how business and government have affected technological entrepreneurs, from railroads to technologies of global finance. We end by considering the tension between technologies that threaten our global environment and technologies that offer us hopes of a new world.","3","4","No","1","4","OPT - Student Option","-","Every Fall & Spring"
"HSCI","1814","How Science Came to Be","Twin Cities","Modern culture is a culture of science. Many of our key cognitive and social values are modeled after and subordinated to science. In this course we will examine the emergence of modern science—from antiquity through the end of the seventeenth century—to understand the nature of scientific knowledge and its contexts of production and validation. Our main focus will be on western science, or the way science developed in Europe, but we will also consider non-western influences like the culture of ancient Mesopotamia or medieval Islam.","3","4","No","1","4","OPT - Student Option","-","Every Fall & Spring"
"HSCI","1815","Making Modern Science: Atoms, Genes and Quanta","Twin Cities","How scientists like Darwin and Einstein taught us to think about nature; everything from space, time and matter to rocks, plants, and animals.","3","4","No","1","4","OPT - Student Option","-","Periodic Fall, Spring & Summer"
"HSCI","2333V","Honors Course: A Century of Science in Modern America","Twin Cities","Science and technology influence nearly every aspect of our daily lives as well as the communities in which we live, both locally and globally. How did science and technology become such ubiquitous and powerful aspects of American industry, government policy, public life, and international negotiation? What are the responsibilities of scientists and engineers who play a critical role in creating and maintaining these elements? How can the broader public position itself to provide encouragement, insight and critique of the research and applications of science and technology? This course is intended to examine these questions by exploring historical case studies that highlight ethical, political, and social issues that give meaning to, and in turn, are shaped by science and technology. Beginning with the role of scientists as professional experts in the Progressive era, we consider how ideals of scientific management impacted animal lives and workers = bodies. Ethical choices frame the application of expertise and require attention and specific decision-making. Using eugenics as an example, we will reflect upon the interplay between the often naïve understanding of heredity and public policy and continue discussion into the application of contemporary genetic testing. Ethics are framed in social and political settings, and we will follow sometimes surprisingly comparable developments in Russia and the United States, with particular attention to large-scale engineering projects in the 1920s and 1930s and the space race in the 1950s and 1960s in order to understand how these reflected, or failed to reflect, risk and human life. This course meets the Historical Perspectives, Civic Life and Ethics, and Writing Intensive requirements as defined by the Council on Liberal Education. Along with Student Learning Outcomes, these requirements will help you continue to build critical tools for your work at the university as well as ways to evaluate and create knowledge in and beyond your intended career area.","3","3","No","1","3","A-F - A-F Grade Basis","000571","Every Fall"
"HSCI","3211","Biology and Culture in the 19th and 20th Centuries","Twin Cities","Changing conceptions of life and aims and methods of biology; changing relationships between biology and the physical and social sciences; broader intellectual and cultural dimensions of developments in biology.","3","3","No","1","3","OPT - Student Option","-","Every Fall & Spring"
"HSCI","3242","Navigating a Darwinian World","Twin Cities","In this course we grapple with the impact of Darwin's theory of evolution in the scientific community and beyond. We'll examine and engage the controversies that have surrounded this theory from its inception in the 19th century through its applications in the 21st. What made Darwin a Victorian celebrity, a religious scourge, an economic sage and a scientific hero? We'll look closely at the early intellectual influences on theory development; study the changing and dynamic relationship between science and religion; and critically analyze the application of Darwin's theory to questions of human nature and behavior.","3","3","No","1","3","OPT - Student Option","-","Every Fall"
"HSCI","3244","Nature's History: Science, Humans, and the Environment","Twin Cities","We examine environmental ideas, sustainability, conservation history; critique of the human impact on nature; empire and power in the Anthropocene; how the science of ecology has developed; and modern environmental movements around the globe. Case studies include repatriation of endangered species; ecology and evolutionary theory; ecology of disease; and climate change.","3","3","No","1","3","OPT - Student Option","-","Every Fall"
"HSCI","3246","History of (Un)Natural Disasters","Twin Cities","Earthquakes, hurricanes, tsunamis, wildfires, epidemic disease, and technological failures? This course will examine large scale natural events in American and world history, the social, technological, and environmental conditions that underlie them, and their historical consequences. Human societies have long been embedded in physical landscapes where they are subject to specific environmental conditions and physical risks: eight thousand-year-old wall paintings in Turkey depict the eruption of Hasan Dag volcano over the city of Catal Huyuk, for example. But then and now, it takes a certain combination of social conditions and environmental events to create a natural disaster. In this course, we will use historical natural disasters to explore the interconnections between the structures and ideas of human society and environmental forces. Humans have not been simply the random victims of natural disasters; where and how they chose to live influenced the impact of any disastrous event. Examining these events in a historical context will help us see the social, technological, scientific, and environmental systems that have been constantly interacting, but which are normally taken for granted until they break down.","3","3","No","1","3","OPT - Student Option","-","Periodic Spring"
"HSCI","3331","Technology and American Culture","Twin Cities","American culture(s) and technology, pre-Columbian times to present. Artisanal, biological, chemical, communications, energy, environment, electronic, industrial, military, space and transportation technologies explained in terms of economic, social, political and scientific causes/effects.","3","3","No","1","3","OPT - Student Option","-","Every Fall & Spring"
"HSCI","3332","Science in the Shaping of America","Twin Cities","Science played a central role in taking scattered imperial colonies in North America to world power in just four centuries. This course investigates people, policies, and knowledge-making in a culture whose diversity was a critical part of its expanding capacities. It begins by examining the differences in ways of knowing as well as shared knowledge between Native Americans and Europeans and concludes by discussing how a powerful nation's science and technology shaped international relations. Class, race, ethnicity, and gender provided for a range of perspectives that contributed to science alongside social and economic developments. Online assignments, films and images, along with primary and secondary source readings provide the basis for class discussion.","3","3","No","1","3","OPT - Student Option","-","Periodic Spring"
"HSCI","3401","Ethics in Science and Technology","Twin Cities","Technology is assumed to be the best engineered solution for a particular goal and good science is supposed to be objective; however, this is never truly the case: values and moral choices underlie all of our systems for understanding and interacting with the world around us. These values and choices are almost always contentious. Through a series of historical case studies, we explore how science and technology are products of human choices—but at the same time, how science and technology enable and constrain the choices we can make. Case studies include algorithms and inequality, artificial intelligence (AI) and surveillance, privacy and social media, lay expertise and medicine, and environmental and technological disasters. Our goal will be to learn to question and think critically about the things we create, the tools we use, and the ideology and practice of science. First year students are welcome.","3","3","No","1","3","OPT - Student Option","-","Periodic Fall"
"HSCI","3421","Engineering Ethics","Twin Cities","Ethical issues in engineering research and engineers' public responsibility/practice, using historical cases; historical development of engineering as a vocation/profession; ethical implications of advanced engineering systems such as nuclear weaponry and networked communications. ","3","3","No","1","3","OPT - Student Option","-","Every Fall & Spring"
"HSCI","3611","Enlightenment, Revolution, and the Rise of Modern Science","Twin Cities","Understanding the origins of our own culture of Modern Science in the Enlightenment of the eighteenth century. Newton's ambiguous legacy; science as wonder and spectacle; automata and monsters; early theories of sex and gender; empire and scientific expeditions; reshaping the environment; inventing human sciences; Frankenstein and the limits of science and reason.","3","3","No","1","3","OPT - Student Option","-","Periodic Spring"
"HSCI","3714","Stone Tools to Steam Engines: Technology and History to 1750","Twin Cities","Technology is an enormous force in our society, and has become so important that in many ways it seems to have a life of its own. This course uses historical case studies to demonstrate that technology is not autonomous, but a human activity, and that people and societies made choices about the technologies they developed and used. It asks how technological differences between nations influenced their different courses of development, and why some societies seemed to advance while others did not. We ask how technological choices can bring about consequences greater than people expected, and how we might use this knowledge in making our own technological choices. In particular, we explore the historical background, development, and character of the most widespread technological systems the world has known, from prehistoric stone tool societies, through Egypt and the pyramids, ancient Greece and Rome, the explosion of Islam, and the dynamic and often violent technologies of medieval Europe.","3","4","No","1","4","OPT - Student Option","-","Every Fall & Spring"
"HSCI","3715","History of Modern Technology: Waterwheels to the Web","Twin Cities","This course explores the many technological systems that have come to span our globe, alongside the widespread persistence of traditional technologies. We start with the earliest glimmerings of modernity and industrialization, and move on in time to the building of global technological networks. How have people changed their worlds through technologies like steam engines and electronics? Is it a paradox that many traditional agricultural and household technologies have persisted? How have technologies of war remade the global landscape? We ask how business and government have affected technological entrepreneurs, from railroads to technologies of global finance. We end by considering the tension between technologies that threaten our global environment and technologies that offer us hopes of a new world.","3","4","No","1","4","OPT - Student Option","-","Every Fall & Spring"
"HSCI","3814","How Science Came to Be","Twin Cities","Modern culture is a culture of science. Many of our key cognitive and social values are modeled after and subordinated to science. In this course we will examine the emergence of modern science—from antiquity through the end of the seventeenth century—to understand the nature of scientific knowledge and its contexts of production and validation. Our main focus will be on western science, or the way science developed in Europe, but we will also consider non-western influences like the culture of ancient Mesopotamia or medieval Islam.","3","4","No","1","4","OPT - Student Option","-","Every Fall & Spring"
"HSCI","3815","Making Modern Science: Atoms, Genes and Quanta","Twin Cities","How scientists like Darwin and Einstein taught us to think about nature; everything from space, time and matter to rocks, plants, and animals.","3","4","No","1","4","OPT - Student Option","-","Periodic Fall, Spring & Summer"
"HSCI","4321","History of Computing","Twin Cities","Developments in the last 150 years; evolution of hardware and software; growth of computer and semiconductor industries and their relation to other business areas; changing relationships resulting from new data-gathering and analysis techniques; automation; social and ethical issues.  ","3","3","No","1","3","OPT - Student Option","-","Fall Even, Spring Odd Year"
"HSCI","4455","Women, Gender, and Science","Twin Cities","Three intersecting themes analyzed from 1700s to the present: women in science, sexual and gendered concepts in modern sciences, and impact of science on conceptions of sexuality and gender in society.","3","3","No","1","3","OPT - Student Option","-","Every Fall & Spring"
"HSCI","5401","Ethics in Science and Technology","Twin Cities","Technology is assumed to be the best engineered solution for a particular goal and good science is supposed to be objective; however, this is never truly the case. Values and moral choices underlie all of our systems for understanding and interacting with the world around us. These values and choices are almost always contentious. Through a series of historical case studies, we explore how science and technology are products of human choices—but at the same time, how science and technology enable and constrain the choices we can make. Case studies include algorithms and inequality, artificial intelligence (AI) and surveillance, privacy and social media, lay expertise and medicine, and environmental and technological disasters. Our goal will be to learn to question and think critically about the things we create, the tools we use, and the ideology and practice of science.","3","3","No","1","3","OPT - Student Option","001186","Periodic Fall"
"HSEM","2073H","Radical Environmentalism in the United States","Twin Cities","Our current climate crisis calls for a rethinking of the way humans interact with the environment, but such efforts are not new.  This course examines how different groups of people understood and responded to environmental degradation in North America, from the l8th century through the 21st.  The focus will be on those who made urgent calls for a change in human behavior toward nature, from Indigenous peoples past and present to ecocentrist groups like Greenpeace and Earth First!  Topics include protests against ecological damage and loss, experiments in minimalism, the call for wilderness preservation and national parks, environmental racism and the environmental justice movement, and various forms of environmental activism.  Students will develop historically informed positions about an array of ecological experiments, activists, organizations, viewpoints that preceded and shaped current forms of environmentalism.","3","3","No","1","3","A-F - A-F Grade Basis","000571","Periodic Fall"
"HSEM","2540H","Understanding the Russian Land","Twin Cities","Encompassing more than 6.5 million square miles, Russia is an immense and ecologically diverse country. The environment of the frigid and heavily forested heartland of early Russian civilization, as well as that of the ""wild field"" (the Eurasian steppe) on its border, have posed a series of challenges to Russians and have left an indelible mark on modern Russian culture.  In this interdisciplinary seminar, we will study how Russians have conceived of and used nature from the medieval period to the dissolution of the Soviet Union. Articulating a particular approach to nature has been integral to several ideological and cultural projects in Russian history, including the formation of a literary tradition, the establishment of a multi-ethnic empire encompassing several biomes, and the development of a vision of Soviet science conquering and reshaping nature and the world. In the period we will study (the fifteenth century to 1991 Russia) underwent several profound epistemological shifts, and a particular focus of this course will be how the ways Russians created natural knowledge changed over time. Knowledge is power, and we will study how natural knowledge was used to strengthen and expand the state in the medieval, imperial, and Soviet periods. Another major focus of this course is the ravages that nature and humankind have inflicted on one another, and we will study how the environment influenced the development of Russia's form of agricultural slavery, serfdom, as well as the history of environmental degradation, including deforestation, the establishment of heavy industry, and nuclear disaster.","3","3","No","1","3","A-F - A-F Grade Basis","000571","Periodic Spring"
"HSEM","2541V","Campus Obscura: A University of Minnesota Cabinet of Curiosity","Twin Cities","This course examines the history of science, technology, and medicine through physical objects - maps, rare books, artifacts, instruments, specimens, manuscripts and considers how they are used to write history, produce public exhibits, and create identities. Short readings will introduce ideas about how experts have used these materials to write history, to produce public exhibits, and to create identities, and the focus of the course will be on objects themselves and having students do research that facilities their understanding of historical context. The University of Minnesota has many significant collections of artifacts and other items that are rich resources for the exploration of historically significant material culture, and continue to shape the University of Minnesota. Students will visit the Wangensteen Historical Library of Biology and Medicine, the Goldstein Museum of Design, the University Archives, the Weisman Art Museum, and the College of Biological Science?s Conservatory, among other sites.","3","3","No","1","3","A-F - A-F Grade Basis","000571","Periodic Fall"
"IDES","3162","History of Interiors and Furnishings: 1750 to Present","Twin Cities","European/American interiors/furnishings, including furniture, textiles, and decorative objects.","4","4","No","1","4","AFV - A-F or Audit","-","Every Spring"
"JOUR","3007","The Media in American History and Law: Case Studies","Twin Cities","In this class, you'll study news media and their social, cultural, and political impact during a specific historical time period, based on the instructor's expertise and area of research. Examples include: Journalism during the Civil War; Mass media and the African American struggle for civil rights; the Sixties and rise of the New Journalism.  Instructors of the course may vary from term to term and students may wish to contact the instructor for information on the specific focus of his or her section. ","3","3","No","1","3","OPT - Student Option","-","Every Fall"
"JOUR","3614","History of Media Communication","Twin Cities","In the history of humankind, there have been five major changes in how we communicate and we're in the middle of the latest revolution. This class helps you make sense of these uncharted waters by exploring how humanity adopted, and adapted to, past disruptions. From the alphabet to the internet and social media, learn how technological innovations in the media have changed not only how people share information and values but also what people have communicated throughout history. We will learn about these five phases in mediated communication over 5,000 years, and how they relate to major changes in politics, society and culture. And then we'll use history's lessons to peek into the future: When presidents tweet and everyone's foodie photos are on Instagram, how does the world communicate?","3","3","No","1","3","OPT - Student Option","-","Every Spring"
"JWST","1034","Introduction to Jewish History and Cultures","Twin Cities","This course traces the development of Judaism and Jewish civilizations from their beginnings to the present. With over three millennia as its subject, the course must of necessity be a general survey. Together we will explore the mythic structures, significant documents, historical experiences, narratives, practices, beliefs, and worldviews of the Jewish people. The course begins by examining the roots of Judaism in the Hebrew Bible and the history of ancient Israel but quickly focuses on the creative forces that developed within Judaism as a national narrative confronted the forces of history, especially in the forms of the Persian, Greek, and Roman empires.  Rabbinic Judaism becomes the most dominant creative force and will receive our greatest attention, both in its formative years and as it encounters the rise of Christianity and Islam. After studying the Jewish experience in the medieval world, we will turn to Judaism’s encounter with the enlightenment and modernity. The historical survey concludes by attending to the transformations within Judaism and Jewish life of the last 150 years, including a confrontation with the experience of the Holocaust. Woven throughout this historical survey will be repeated engagements with core questions: “Who is a Jew?” “What do Jews believe?” “What do Jews do?” “What do we mean by ‘religion’?”   “How do Jews read texts within their tradition?” And perhaps most importantly, “How many answers are there to a Jewish question?” Students in this course can expect to come away with some knowledge of the Bible in Judaism, rabbinic literature and law, Jewish mysticism and philosophy, Jewish nationalism and Zionism, Jewish culture, ritual, and worship in the synagogue, the home, and the community, and Jewish celebrations of life cycle events and the festivals.","3","3","No","1","3","OPT - Student Option","-","Every Fall"
"JWST","3034","Introduction to Jewish History and Cultures","Twin Cities","This course traces the development of Judaism and Jewish civilizations from their beginnings to the present. With over three millennia as its subject, the course must of necessity be a general survey. Together we will explore the mythic structures, significant documents, historical experiences, narratives, practices, beliefs, and worldviews of the Jewish people. The course begins by examining the roots of Judaism in the Hebrew Bible and the history of ancient Israel but quickly focuses on the creative forces that developed within Judaism as a national narrative confronted the forces of history, especially in the forms of the Persian, Greek, and Roman empires.  Rabbinic Judaism becomes the most dominant creative force and will receive our greatest attention, both in its formative years and as it encounters the rise of Christianity and Islam. After studying the Jewish experience in the medieval world, we will turn to Judaism’s encounter with the enlightenment and modernity. The historical survey concludes by attending to the transformations within Judaism and Jewish life of the last 150 years, including a confrontation with the experience of the Holocaust. Woven throughout this historical survey will be repeated engagements with core questions: “Who is a Jew?” “What do Jews believe?” “What do Jews do?” “What do we mean by ‘religion’?”   “How do Jews read texts within their tradition?” And perhaps most importantly, “How many answers are there to a Jewish question?” Students in this course can expect to come away with some knowledge of the Bible in Judaism, rabbinic literature and law, Jewish mysticism and philosophy, Jewish nationalism and Zionism, Jewish culture, ritual, and worship in the synagogue, the home, and the community, and Jewish celebrations of life cycle events and the festivals.","3","3","No","1","3","OPT - Student Option","-","Every Fall"
"JWST","3206","Sex, Murder, and Bodily Discharges: Purity and Pollution in the Ancient World","Twin Cities","""Dirt is dangerous,"" Mary Douglas declared more than 50 years ago in her groundbreaking study, ""Purity and Danger."" Douglas's ideas have been influential in ancient Mediterranean and Near Eastern studies and provide a framework for us to analyze how people in antiquity conceptualized ideas of purity, pollution, ritual sacrifice, sacred spaces, bodily leakages, and the liminal stages of life and death. We'll delve into Douglas's theory in light of ancient examples with a special focus on ancient Israelite texts (the Tanakh or Old Testament) as well as ancient Mediterranean and Near Eastern building inscriptions, specialist manuals, and rituals. Through this evidence, we'll gain profound insight into the ancient notions of ""sacred/clean"" (purity) and the ""unclean/profane"" (pollution).","3","3","No","1","3","OPT - Student Option","-","Every Spring"
"JWST","3505","Scripture and the Other: Rethinking the Bible After the Holocaust","Twin Cities","How do the Holocaust and other genocides transform our reading of the Bible? In this interdisciplinary course, we explore how religious ideas shape political philosophy, influence government policies, and legal rulings that enlarge or delimit human rights. We'll delve into questions such as: How should we read the Bible’s own literary representation of multiple genocides? To what extent does the Bible become a cause of, or a convenient excuse for, antisemitism and the persecution and genocide of other peoples? How were the ancient authors already engaged in the “modern” project of thinking critically about the ethics of genocide, the principles of universal human rights, and just war theory (by prohibiting atrocities)? Join as we traverse these complex questions and gain a deeper understanding of how ancient texts continue to shape modern ideas on justice, human rights, and ethical governance.","3","3","No","1","3","OPT - Student Option","-","Spring Even Year"
"JWST","3511","Muslims and Jews: Conflict and Co-existence in the Middle East and North Africa since 1700","Twin Cities","Diversity of social/cultural interactions between Muslims and Jews and between Islam and Judaism since 1700. What enabled the two religious communities to peacefully coexist? What were causes of conflict? Why is history of Muslim-Jewish relations such a contested issue? ","3","3","No","1","3","OPT - Student Option","-","Fall Odd Year"
"JWST","3606","Christians, Muslims, and Jews in the Middle Ages","Twin Cities","A Pew Research survey of the global religious landscape in 2010 found 2.2 billion Christians (31.5% of the world's population), 1.6 billion Muslims (23.2%), and 14 million Jews (.2%). In this class, we explore how the histories of these religious communities became deeply entangled in an age of diplomacy, trade, jihad, and crusade.","3","3","No","1","3","OPT - Student Option","-","Fall Even, Spring Odd Year"
"JWST","3633","The Holocaust: Memory, Narrative, History","Twin Cities","Decades after the end of the second world war, the Holocaust continues to play a formative role in public discourse about the past in Germany and Austria. As the event itself recedes into the past, our knowledge about the Holocaust has become increasingly shaped by literary and filmic representations of it. This course has several objectives: first, to deepen students' historical knowledge of the events and experiences of the Holocaust, and at the same time to introduce critical models for examining the relationship between personal experience, historical events, and forms of representation. This class will introduce students to the debates about the politics of memory and the artistic representation of the Holocaust, with special focus on public debates about the complex ways in which Holocaust memory surfaces in contemporary Germany and Austria, and by the accrual of layers of text and discourse about the Holocaust. We will explore the controversies and debates about public Holocaust memorialization in Germany, Austria, and the U.S. We will also explore the complex interplay between documentary and fictional accounts of the Holocaust, with attention paid to literary and film texts that challenge and ""remediate"" the limits of Holocaust representation. Additional topics will include Holocaust testimony; Holocaust memoirs, and 2nd and 3rd generation Holocaust literature, the Historians' Debate of the 1980s.

No knowledge of German required.","3","3","No","1","3","OPT - Student Option","-","Periodic Fall & Spring"
"LA","3413","Introduction to Landscape Architectural History","Twin Cities","Study of  landscape architecture's roots by examining the creation of landscapes over time. Influences of ecological and environmental issues as well as political, economic, and social contexts on the cultural construction of landscape ideas and meaning and creation of landscape architectural works.","3","3","No","1","3","AFV - A-F or Audit","-","Every Fall"
"LAS","3401W","Early Latin America to 1825","Twin Cities","Societies of Americas, Spain, and Portugal before contact. Interactions among Native Americans, African slaves, and Europeans, from colonization through independence. Religion, resistance, labor, gender, race. Primary sources, historical scholarship.","4","4","No","1","4","AFV - A-F or Audit","-","Every Fall & Spring"
"LAS","3402W","Modern Latin America 1825 to Present","Twin Cities","National and contemporary period 1825 to present. Social, cultural, political, and economic change.","4","4","No","1","4","OPT - Student Option","-","Every Fall, Spring & Summer"
"MEST","1081W","Martyrs, Monks, Crusaders: World Christianity, 100-1400","Twin Cities","This course surveys the history of Christianity from its status as a persecuted minority religion of the Roman Empire to its dominant role in medieval Europe and Byzantium. We study Christian traditions in Asia and Africa as well as Europe with special attention to the relationship between Christianity and culture in the ancient and medieval world.","4","4","No","1","4","OPT - Student Option","-","Fall Odd, Spring Even Year"
"MEST","3001","Introduction to Medieval History","Twin Cities","Europe from decline of Rome to early Renaissance. Politics, institutions, society, economy, and culture of Middle Ages.","3","3","No","1","3","OPT - Student Option","-","Every Fall, Spring & Summer"
"MEST","3081W","Martyrs, Monks, Crusaders: World Christianity, 100-1400","Twin Cities","This course surveys the history of Christianity from its status as a persecuted minority religion of the Roman Empire to its dominant role in medieval Europe and Byzantium. We study Christian traditions in Asia and Africa as well as Europe with special attention to the relationship between Christianity and culture in the ancient and medieval world.","4","4","No","1","4","OPT - Student Option","-","Fall Odd, Spring Even Year"
"MEST","3206","Sex, Murder, and Bodily Discharges: Purity and Pollution in the Ancient World","Twin Cities","""Dirt is dangerous,"" Mary Douglas declared more than 50 years ago in her groundbreaking study, ""Purity and Danger."" Douglas's ideas have been influential in ancient Mediterranean and Near Eastern studies and provide a framework for us to analyze how people in antiquity conceptualized ideas of purity, pollution, ritual sacrifice, sacred spaces, bodily leakages, and the liminal stages of life and death. We'll delve into Douglas's theory in light of ancient examples with a special focus on ancient Israelite texts (the Tanakh or Old Testament) as well as ancient Mediterranean and Near Eastern building inscriptions, specialist manuals, and rituals. Through this evidence, we'll gain profound insight into the ancient notions of ""sacred/clean"" (purity) and the ""unclean/profane"" (pollution).","3","3","No","1","3","OPT - Student Option","-","Every Spring"
"MEST","3426","Piracy in the Mediterranean: The World of Merchants and Pirates","Twin Cities","This course will use the vehicle of piracy and privateering in the Mediterranean world to explore issues of cross-cultural interaction, global connections, and identity from earliest times when people took to the sea to the Middle Ages through the early modern era, 500-1800. Wherever there was trade, wherever there was movement on the seas, there was piracy. Recent scholarship on the Mediterranean has focused on connectivities, micro-environments, the uniqueness of islands, and various climatic spheres in a geographic tradition that follows the path-breaking work of Fernand Braudel. This course will consider the urban and rural dimensions of the Mediterranean region as they relate to the history of merchants and pirates. Finally, the political and military aspects of Mediterranean history will be examined. There was a continuum from piracy to privateering to war. Students should gain a deeper understanding of a region that continues to fascinate us today.","3","3","No","1","3","OPN - Student Option No Audit","-","Spring Odd Year"
"MEST","3606","Christians, Muslims, and Jews in the Middle Ages","Twin Cities","A Pew Research survey of the global religious landscape in 2010 found 2.2 billion Christians (31.5% of the world's population), 1.6 billion Muslims (23.2%), and 14 million Jews (.2%). In this class, we explore how the histories of these religious communities became deeply entangled in an age of diplomacy, trade, jihad, and crusade.","3","3","No","1","3","OPT - Student Option","-","Fall Even, Spring Odd Year"
"MEST","3611","Medieval Cities of Europe: 500-1500","Twin Cities","European cities changed from Roman times through the urban nadir of the Early Middle Ages to the flowering of cities in the High and Late Middle Ages. We explore planned towns, ad hoc developments, revived Roman sites, and economic, political, cultural, and sensory elements of city life. Students design a medieval city using Arc.GIS and StoryMap. Contact the instructor for more information.","3","3","No","1","3","OPN - Student Option No Audit","-","Every Fall & Spring"
"MEST","3613","History of the Crusades","Twin Cities","Crusading spirit in Europe. Results of classic medieval crusades ca 1095-1285. States established by crusaders in the Near East. Internal European crusades. Chronological prolongation of the crusading phenomenon.","3","3","No","1","3","OPT - Student Option","-","Every Fall, Spring & Summer"
"MEST","3616","The Hundred Years War: France and England in the Middle Ages","Twin Cities","Politics, society, and culture in medieval France from the end of the Carolingians to the end of the Hundred Years War.","3","3","No","1","3","OPN - Student Option No Audit","-","Periodic Fall"
"MEST","3617","Pagans, Christians, Barbarians: The World of Late Antiquity","Twin Cities","Between classical and medieval, pagan and Christian, Roman and barbarian, the late antique world was a dynamic age. This course will focus on the Mediterranean region from the end of the second to the mideighth century. We will examine political, cultural, religious and socio-economic transitions that characterized this period, including elements of continuity and change. We will consider the significance of such factors as the conversion of Constantine, the rise of Constantinople, Christian responses to culture, the monastic movement, the persistence of paganism, the fall of Rome, barbarian invasions, the rise of Islam, and developments in philosophy, theology, and education.","3","3","No","1","3","AFV - A-F or Audit","-","Fall Odd Year"
"PHIL","3009","Existentialism","Twin Cities","What do we mean when we call something ""existential?""  What do we mean when we speak of an ""existential"" crisis? We seem to mean that our core beliefs and assumptions are affected and the relationship with our environment is ruptured; we have fallen out of normalcy. The term existentialism -- turning existential into a noun -- came into being in the 1940s in France, reflecting the collective experience of societal breakdown, of Nazism, and WW2. It has since been applied to all modes of philosophical inquiry that take an individual's experience of alienation from society as their point of departure. The advantage of making alienation the focus of this class, too, is that it allows us to recognize the precise historical and sociological index of the emergence of an existentialist mode of thought and practice. Existentialism looks very different when it responds to a 19th century crisis of faith (Søren Kierkegaard), to 1950s colonialism (Frantz Fanon), to Weimar Germany's new democracy and the specter of a mass society (Martin Heidegger), or to the neo-authoritarian French society of the 1960s (Simone de Beauvoir). Existentialism then is understood in this class not as a conversation between great thinkers or ideas across time and space, but as a response to a specific crisis of norms and values. It only exists in plural. If existentialist concepts -- like being-in-the world, being-towards-death, or the gaze of the other -- are carried forward, then not without being repurposed. Such situatedness is inherent to existentialism itself. Accordingly, existentialist writers have no creed or ethical stance in common; they are found both on the far (fascist) right and on the Marxist left. They do share though a keen interest in a new language and in literary forms of expression and subsequently, they insist on the individuals' capacity of ""world-making"" -- in rupture and rebellion -- against seemingly compromised societal norms.","3","3","No","1","3","OPT - Student Option","-","Spring Even Year"
"PLPA","2003","Plague, Famine, and Beer: The Impact of Microscopic Organisms on Human Civilization","Twin Cities","Impacts that microbes have made on course of human civilization. Negative influences of major human/plant infectious disease. Positive benefits attained by harnessing power of microbes. Scale of history includes prehistoric to present day. Projected future impacts. ","3","3","No","1","3","OPT - Student Option","-","Every Spring"
"POL","1201","Political Ideas","Twin Cities","This course serves as an introduction to the study of political theory. Political theory analyzes the meaning and significance of fundamental concepts in politics. Starting from such basic concerns as the nature of politics, humans, power, and justice, political theorists explore how these basic starting assumptions organize the norms, practices, and institutions of political and social order. To explore these topics, the field turns to key texts, as well as to political and social events and other media (film, historical documents, etc.). In this introductory course, students will investigate some of the basic texts in political theory, with the goal of learning how to read texts more analytically and to address fundamental questions in political theory. Among the topics that might be the nature of justice and injustice, political obligation and civil disobedience, democracy and other forms of governance. Students who complete this course will understand the deep issues about the nature of politics and will have learned to read and analyze complex texts. They will also have had the opportunity to reflect upon their own ethical engagement in political life and upon the ways in which historically, political ideas change.","3","3","No","1","3","OPT - Student Option","-","Every Fall, Spring & Summer"
"POL","3282","Black Political Thought: Conceptions of Freedom","Twin Cities","On January 21, 1964, Ella Baker, one of the most important Black leaders of the Civil Rights Movement stood in front of a large crowd in Hattiesburg, Mississippi and said: ""Even if segregation is gone, we will still need to be free; we will still have to see that everyone has a job. Even if we can all vote, but if people are still hungry, we will not be free. Remember, we are not fighting for the freedom of the Negro alone, but for the freedom of the human spirit, a larger freedom that encompasses all mankind.""

With these words, Baker held before the crowd a political vision that went beyond the immediate goals of social struggle and defined one of the central impulses of Black political thought: to articulate a large and expansive conception of freedom. In this course, our main objective is to enter an intellectual terrain of rich and vibrant debates between African American political thinkers over the meaning of Black freedom.

We will explore questions about 1) the geographical reach of their visions of freedom 2) their strategies for agitating for and achieving freedom 3) their different understandings of the nature of domination and how this informs their conception of freedom and 4) their emphasis on political affect in the struggle for freedom.

Our orientation will be historical and theoretical. To this end, we reconstruct theoretical debates from four important periods of African American history. 1) pre-Civil War debates about the abolition of slavery (1830-1860) 2) Turn of the century debates about racial progress (1880-1910) 3) Civil rights era debates about integration and separatism (1950-1970) and 4) contemporary debates about law enforcement, police killings, mass incarceration, and political disenfranchisement (1990-present).","3","3","No","1","3","OPT - Student Option","-","Periodic Fall & Spring"
"POL","3701","Indigenous Tribal Governments and Politics","Twin Cities","History, development, structure, politics of American Indian Governments.  North American indigenous societies from pre-colonial times to present.  Evolution of aboriginal governments confronted/affected by colonizing forces of European/Euro-American states. Bearing of dual citizenship on nature/powers of tribal governments in relation to states and federal government.","3","3","No","1","3","AFV - A-F or Audit","-","Fall Even Year"
"POL","4255","Comparative Real Time Political Analysis: Marxist versus Liberal Perspectives","Twin Cities","Karl Marx and Frederick Engels had better democratic credentials than Alexis de Tocqueville and John Stuart Mill.  Vladimir Lenin, too, had better democratic credentials than Max Weber and Woodrow Wilson.  That’s the provocative argument of this course.  Performing what it calls “comparative real-time political analysis,” it presents convincing evidence to sustain both claims.  When the two sets of protagonists are compared and contrasted in how they read and responded to big political events in motion, in real-time, the Marxists, it contends, proved to be better democrats than the Liberals.  Real-time analysis argues that responding to and making decisions about events in motion is the real test of political perspective and theory; on Monday morning, we can all look smart.  The writings and actions of all seven protagonists are the primary course materials—reading them in their own words.  The European Spring of 1848, the United States Civil War, the 1905 Russian Revolution and, the 1917 Russian Revolution and end of World War I, all consequential in the democratic quest, are the main scenarios the course employs to test its claims.  The findings, course participants will learn, challenge assumed political wisdom like never before.  Employing the lessons of the comparisons to trying to make sense of current politics—given the unprecedented moment in which we find ourselves—is the other goal of the course.","3","3","No","1","3","OPT - Student Option","-","Every Spring"
"POL","4267","Imperialism and Modern Political Thought","Twin Cities","How has political theory been shaped by imperialism? We will investigate this question through a study of such key thinkers as Kant, Mill, Marx, Lenin, Césaire, Fanon, and Gandhi, reading them through the lens of empire. Our goal is to analyze how such thinkers reflected upon, problematized and, at times, justified forms of Western imperialism. We will look at their explicit reflections on empire, as well as more tangential or ostensibly separate themes that may have only been shaped by the imperial context in indirect ways. Finally, we will reflect upon our contemporary location as readers and agents situated in the wake of these political and intellectual developments, analyzed through the question of what it means to engage in anti-colonial, decolonial, and/or postcolonial critique. This course will combine lectures by the professor with student-led seminar discussion.","3","3","No","1","3","OPT - Student Option","-","Periodic Fall & Spring"
"RELS","1034","Introduction to Jewish History and Cultures","Twin Cities","This course traces the development of Judaism and Jewish civilizations from their beginnings to the present. With over three millennia as its subject, the course must of necessity be a general survey. Together we will explore the mythic structures, significant documents, historical experiences, narratives, practices, beliefs, and worldviews of the Jewish people. The course begins by examining the roots of Judaism in the Hebrew Bible and the history of ancient Israel but quickly focuses on the creative forces that developed within Judaism as a national narrative confronted the forces of history, especially in the forms of the Persian, Greek, and Roman empires.  Rabbinic Judaism becomes the most dominant creative force and will receive our greatest attention, both in its formative years and as it encounters the rise of Christianity and Islam. After studying the Jewish experience in the medieval world, we will turn to Judaism’s encounter with the enlightenment and modernity. The historical survey concludes by attending to the transformations within Judaism and Jewish life of the last 150 years, including a confrontation with the experience of the Holocaust. Woven throughout this historical survey will be repeated engagements with core questions: “Who is a Jew?” “What do Jews believe?” “What do Jews do?” “What do we mean by ‘religion’?”   “How do Jews read texts within their tradition?” And perhaps most importantly, “How many answers are there to a Jewish question?” Students in this course can expect to come away with some knowledge of the Bible in Judaism, rabbinic literature and law, Jewish mysticism and philosophy, Jewish nationalism and Zionism, Jewish culture, ritual, and worship in the synagogue, the home, and the community, and Jewish celebrations of life cycle events and the festivals.","3","3","No","1","3","OPT - Student Option","-","Every Fall"
"RELS","1082","Jesus in History, Art & Culture","Twin Cities","Does time, place, and culture affect our picture of Jesus? We'll start by constructing our own Jesus story and then go backwards in time to examine modern times (film, music, and modern art), pre-Civil War America (views of Jesus from enslaved people and their enslavers), Renaissance and Medieval Europe and North Africa (art and architecture), and finally end with the ancient world (art and writings about Jesus, including the biblical gospels). No background in religious studies required, and students of any, all, or no religious background are welcome.","3","3","No","1","3","OPT - Student Option","-","Every Spring"
"RELS","1544W","Martyrs, Monks, Crusaders: World Christianity, 100-1400","Twin Cities","This course surveys the history of Christianity from its status as a persecuted minority religion of the Roman Empire to its dominant role in medieval Europe and Byzantium. We study Christian traditions in Asia and Africa as well as Europe with special attention to the relationship between Christianity and culture in the ancient and medieval world.","4","4","No","1","4","OPT - Student Option","-","Fall Odd, Spring Even Year"
"RELS","3034","Introduction to Jewish History and Cultures","Twin Cities","This course traces the development of Judaism and Jewish civilizations from their beginnings to the present. With over three millennia as its subject, the course must of necessity be a general survey. Together we will explore the mythic structures, significant documents, historical experiences, narratives, practices, beliefs, and worldviews of the Jewish people. The course begins by examining the roots of Judaism in the Hebrew Bible and the history of ancient Israel but quickly focuses on the creative forces that developed within Judaism as a national narrative confronted the forces of history, especially in the forms of the Persian, Greek, and Roman empires.  Rabbinic Judaism becomes the most dominant creative force and will receive our greatest attention, both in its formative years and as it encounters the rise of Christianity and Islam. After studying the Jewish experience in the medieval world, we will turn to Judaism’s encounter with the enlightenment and modernity. The historical survey concludes by attending to the transformations within Judaism and Jewish life of the last 150 years, including a confrontation with the experience of the Holocaust. Woven throughout this historical survey will be repeated engagements with core questions: “Who is a Jew?” “What do Jews believe?” “What do Jews do?” “What do we mean by ‘religion’?”   “How do Jews read texts within their tradition?” And perhaps most importantly, “How many answers are there to a Jewish question?” Students in this course can expect to come away with some knowledge of the Bible in Judaism, rabbinic literature and law, Jewish mysticism and philosophy, Jewish nationalism and Zionism, Jewish culture, ritual, and worship in the synagogue, the home, and the community, and Jewish celebrations of life cycle events and the festivals.","3","3","No","1","3","OPT - Student Option","-","Every Fall"
"RELS","3071","Greek and Hellenistic Religions","Twin Cities","Greek religion from the Bronze Age to Hellenistic times. Literature, art, archaeology. Homer/Olympian deities. Ritual performance, prayer, sacrifice. Temple architecture. Death/afterlife. Mystery cults. Philosophical religion. Near Eastern salvation religions. Meets with 3171.","3","3","No","1","3","OPT - Student Option","-","Fall Even Year"
"RELS","3079","Muslims and Jews: Conflict and Co-existence in the Middle East and North Africa since 1700","Twin Cities","Diversity of social/cultural interactions between Muslims and Jews and between Islam and Judaism since 1700. What enabled the two religious communities to peacefully coexist? What were causes of conflict? Why is history of Muslim-Jewish relations such a contested issue? ","3","3","No","1","3","OPT - Student Option","-","Fall Odd Year"
"RELS","3092","Jesus in History, Art & Culture","Twin Cities","Does time, place, and culture affect our picture of Jesus? We'll start by constructing our own Jesus story and then go backwards in time to examine modern times (film, music, and modern art), pre-Civil War America (views of Jesus from enslaved people and their enslavers), Renaissance and Medieval Europe and North Africa (art and architecture), and finally end with the ancient world (art and writings about Jesus, including the biblical gospels). No background in religious studies required, and students of any, all, or no religious background are welcome.","3","3","No","1","3","OPT - Student Option","-","Every Spring"
"RELS","3206","Sex, Murder, and Bodily Discharges: Purity and Pollution in the Ancient World","Twin Cities","""Dirt is dangerous,"" Mary Douglas declared more than 50 years ago in her groundbreaking study, ""Purity and Danger."" Douglas's ideas have been influential in ancient Mediterranean and Near Eastern studies and provide a framework for us to analyze how people in antiquity conceptualized ideas of purity, pollution, ritual sacrifice, sacred spaces, bodily leakages, and the liminal stages of life and death. We'll delve into Douglas's theory in light of ancient examples with a special focus on ancient Israelite texts (the Tanakh or Old Testament) as well as ancient Mediterranean and Near Eastern building inscriptions, specialist manuals, and rituals. Through this evidence, we'll gain profound insight into the ancient notions of ""sacred/clean"" (purity) and the ""unclean/profane"" (pollution).","3","3","No","1","3","OPT - Student Option","-","Every Spring"
"RELS","3373","Religion and Society in Imperial China","Twin Cities","Varieties of religious experience in imperial China. Religion as lived practices. Textual traditions. Buddhism, Daoism, Confucianism, relations among them. Western missionary enterprise in China.","3","3","No","1","3","OPT - Student Option","-","Periodic Fall & Spring"
"RELS","3543","Pagans, Christians, Barbarians: The World of Late Antiquity","Twin Cities","Between classical and medieval, pagan and Christian, Roman and barbarian, the late antique world was a dynamic age. This course will focus on the Mediterranean region from the end of the second to the mideighth century. We will examine political, cultural, religious and socio-economic transitions that characterized this period, including elements of continuity and change. We will consider the significance of such factors as the conversion of Constantine, the rise of Constantinople, Christian responses to culture, the monastic movement, the persistence of paganism, the fall of Rome, barbarian
invasions, the rise of Islam, and developments in philosophy, theology, and education.","3","3","No","1","3","AFV - A-F or Audit","-","Fall Odd Year"
"RELS","3544W","Martyrs, Monks, Crusaders: World Christianity, 100-1400","Twin Cities","This course surveys the history of Christianity from its status as a persecuted minority religion of the Roman Empire to its dominant role in medieval Europe and Byzantium. We study Christian traditions in Asia and Africa as well as Europe with special attention to the relationship between Christianity and culture in the ancient and medieval world.","4","4","No","1","4","OPT - Student Option","-","Fall Odd, Spring Even Year"
"RELS","3545W","World Christianity, 1300-1800 Reformers, Radicals and Revolutionaries","Twin Cities","This course, which requires no prerequisite, examines developments in the history of Christianity from the beginning of the fourteenth century to the end of the eighteenth. We will start our investigation by considering the Latin church with its headquarters in Rome at the height of its power and influence. We will then trace its development through the crises of the fourteenth century and its subsequent transformation during the Reformation and the Confessional era. We will close by considering new challenges facing the church in an age of Enlightenment and Revolution. Though our geographic center of gravity will be in Europe, we will follow the expansion of Christianity into the Asian, African and American worlds and how developments here changed the nature of the church back in Europe. We will study religion as a phenomenon that affects human activity in a broad spectrum of area and activities. Though we will investigate formal matters of belief, significant attention will be given to Christianity as a lived experience, and how faith affected the everyday life of men and women in the premodern world.","3","3","No","1","3","OPT - Student Option","-","Spring Odd Year"
"RELS","3627","The End of the World in Literature and History","Twin Cities","For at least two and a half millennia, prophets, politicians, and poets have crafted terrifying accounts about the end of the world. This comparatist seminar examines the way different cultures have imagined a final apocalypse with particular attention to the political and social consequences of their visions. Students will read texts that focus on pandemic, extraterrestrial attack, nuclear holocaust, prophecy, cybernetic revolt, divine judgment, resource depletion, meteoric impact, or one of the many other ways in which humans write of their demise. They will use literary analysis to explore the many historical and contemporary wastelands they will encounter. They will write short papers and give in-class presentations on different kinds of apocalypse.","3","3","No","1","3","OPT - Student Option","-","Periodic Fall & Spring"
"RELS","3628","Jewish American Literature: Religion, Culture, and the Immigrant Experience","Twin Cities","Immigrant? Jewish? American?  What do these labels mean, why are they applied, and do they ever cease to be applicable? Can we distinguish religion from culture, and what are the implications when we try? Why is it frequently asked whether Saul Bellow was “really” a Jewish writer, but it is impossible to read Philip Roth as anything other than that? How does Grace Paley’s “Jewishness” come through even when she is writing about non-Jewish characters? We will address these issues and others as we explore the literature growing out of the Jewish immigrant experience in America, as well as the literature by Jewish writers more firmly, though still sometimes anxiously, rooted in American soil.In this course we will engage in a highly contextualized and historicized study of Jewish American literature from the 19th century to today.  We will discover in these texts how inherited Jewish culture and literary imaginings, developed over centuries of interaction between Jewish communities and the “outside world,” get reexamined, questioned, rejected, reimagined, reintegrated, and transformed within the crucible of American experience. The discussions that ensue will also provide a framework for engaging with the creative energies and cultural productivity of more recent immigrant communities in the United States and beyond. Immigration and the experience of immigrant communities continues to be at the forefront of American consciousness, as immigrants work to create new meanings and new narratives for their lives, and as those who immigrated before them provide contested meanings for the impact of immigration on their own narratives. This course, though grounded in Jewish narratives, will therefore provide students with an expanded vocabulary and perspective for engaging in this central and very current debate within the American experience. ","3","3","No","1","3","OPT - Student Option","-","Every Spring"
"RELS","3712W","Islam: Religion and Culture","Twin Cities","This course serves as an introduction to the rise of Islam and its spread, tracing its journey from a local to a global religion. Special emphasis will be placed on the “classical period” of Islamic history, from the formation of the Qur’an in the seventh century CE to the fall of Abbasid Baghdad in the thirteenth century CE, while still tracing the trajectories of Islamic identity on into the early modern and modern world. We will pay careful attention to the historical context in which Islam arose and the dialogue it has maintained with other world religions from its very beginning. While engaging with important developments in Islamic thinking and culture in the Middle East and North Africa, we will also study the history of Islam in Europe and eastern Asia. A core aspect of this course will be to highlight the Qur’an and the Hadith as foundational documents in the development of Islamic religious identity. At the same time, this course will introduce students to the literary, scientific, political, philosophical, and artistic achievements of this formative period in Islamic history. Throughout this course, we will maintain a focus on the relationship between Muslims and their religious neighbors, especially Jews and Christians. We will highlight reoccurring themes in these relationships, from scholarly competition to
neighborly cooperation to violence and, at times, sustained warfare.","3","3","No","1","3","OPT - Student Option","-","Every Spring"
"RELS","3715","History of the Crusades","Twin Cities","Crusading spirit in Europe. Results of classic medieval crusades, ca 1095-1285. States established by crusaders in the Near East. Internal European crusades. Chronological prolongation of the crusading phenomenon.","3","3","No","1","3","OPT - Student Option","-","Every Fall, Spring & Summer"
"RELS","3717","Christians, Muslims, and Jews in the Middle Ages","Twin Cities","A Pew Research survey of the global religious landscape in 2010 found 2.2 billion Christians (31.5% of the world?s population), 1.6 billion Muslims (23.2%), and 14 million Jews (.2%). In this class, we explore how the histories of these religious communities became deeply entangled in an age of diplomacy, trade, jihad, and crusade.","3","3","No","1","3","OPT - Student Option","-","Fall Even, Spring Odd Year"
"RELS","3722","The Ottoman Empire","Twin Cities","Survey of Islam's most successful empire, from its founding circa 1300 to its demise in 1923. Lands, institutions, peoples, historical legacy.","3","3","No","1","3","OPT - Student Option","-","Every Fall & Spring"
"SCAN","3504","Emigration, Immigration, Integration: The Nordic Experience","Twin Cities","Issues of origin/language, immigration/settlement, traditions/values, culture/politics, and transgressions of boundaries from the old to the new studied through photos, diaries, letters, stories, and novels by Moberg, Rolvaag, Ager, and other pioneers. All readings in translation.","3","3","No","1","3","OPT - Student Option","-","Every Fall & Spring"
"SOC","3246","Diseases, Disasters, & Other Killers","Twin Cities","This course studies the social pattern of mortality, beginning with demographic transition theory. Students will study specific causes of death or theories of etiology, including theories about suicide, fundamental cause theory, and the role of early life conditions in mortality. Students learn tools for studying mortality, including cause of death classifications and life tables.

Soc majors/minors must register A-F.","3","3","No","1","3","AFV - A-F or Audit","-","Every Fall"
"SPAN","3503","Pre-modern Spanish Culture and Thought","Twin Cities","Notions of nation, empire, and race precipitated by presence of Muslims, Jews, and Christians in Iberia in 12th and 13th centuries. Toledo as center of translation, technology, innovation, design, and philosophical inquiry for all of Europe. How Iberian literary works differed from those produced in the rest of Western Europe. Readings from Saint Isidore, Ibn Hazm, Averroes (Ibn Rushd), and Maimonides. 

prereq: A grade of C- or better in SPAN 3104W or SPAN 3104V or TLDO 3104W or ARGN 3104W or SPAN 3105W or SPAN 3105V or TLDO 3105W or SPAN 3107W or SPAN 3107V or TLDO 3107W
","3","3","No","1","3","OPT - Student Option","002677","Periodic Fall & Spring"
"SPAN","3506","Traditional ways of knowing & the environment","Twin Cities","In this class, we will explore how competing systems of knowledge about the world and man’s place in it existed in the medieval Iberian world. We will explore how scholars from Mesoamerica and Muslim Spain viewed the natural world and how they manipulated it for agriculture, health, and pleasure. We will explore a variety of cosmovisions and philosophies, including the premodern Muslim and Christian philosophies concerning humans, animals, and their approach to the environment, as well as those of the peoples of the Americas, using primary sources such as chronicles, codex, the material record, and modern testimonies. We will see how much of this knowledge and the attitudes embedded in it were inherited or impacted by Spanish (Christian) scholars. 

We will also explore how Spanish scholars in the colonial period perceived and described the indigenous attitudes toward nature and man in the Americas, as well as imported and established Iberian attitudes. We will also explore how some modern historiographical approaches to the premodern Iberian world (pre-Colombian Mesoamerica, Spain when it was Muslim, 700s-1200s, and then Christian, 1200s-1500s), focusing on how modern scholars have interpreted and classified the knowledge of what are today non-English speaking minority groups. 

We will engage with attitudes about history, culture, and the environment, and how these shape the ways in which the peoples of Iberia and the Americas approached their physical realities and spiritual beliefs—as well as the legacy of this in the modern world. In addition to chronicles such as Bernardino de Sahagún’s Historia de las cosas de Nueva España and Gonzalo Fernández de Oviedo’s Historia general y natural de las indias, we will read agricultural texts from Muslim Spain and colonial America, such as those of Ibn Bassal, Abu l-Khayr, philosophical and religious texts such as the Popul Vuh, Disputa del asno, that talk about man in relation to nature, as well as some fiction and some chronicles. These readings will be supplemented by videos and secondary readings featuring interviews and secondary studies by experts in Mexico, Guatemala, Peru, Spain, and elsewhere. ","3","3","No","1","3","OPT - Student Option","011071","Periodic Fall & Spring"
"TH","3152W","Art Under Authoritarianism: Theatre and Music in the Global South","Twin Cities","What does it mean to be an artist in the Global South? This is a question that has been asked in different ways in twentieth century decolonization movements and the transnational media cultures of the twenty-first century. In Latin America, Africa, and Asia, the performing arts historically played key roles in staging postcolonial identities. Dramatists like Wole Soyinka and singers like Miriam Makeba were voices of the modern nation. They used European cultural forms to stage African cultures in ways that could be recognized by the world. These artists also addressed local audiences, staging satires of national leaders and critiques of war or economic globalization. This course examines the historical evolution of avant-garde cultural forms in Africa and Asia, analyzing links between artistic and political movements in genres including literary drama, devised performance, popular music, and modern dance. Our historical investigations of national art in this course aim to expand Eurocentric notions of avant-garde performance as an upper-class social phenomenon. In each course section, we compare 20th and 21st century cultural practices in the same context, showing how present-day performance improvises upon historical stagings of the nation.","3","3","No","1","3","OPT - Student Option","-","Periodic Fall & Spring"
"TH","3172","Western Theatre & Performance Historiography: Part II","Twin Cities","“Dare to Think” is the motto for a critical examination of representational practices from the Age of Enlightenment until the Postmodern Condition today. We will discuss how theatre makers and thinkers responded to this call by offering playtexts and performance practices which challenged mainstream theatre in the era of the revolutions in time and space—Naturalism, Symbolism, Futurism, Dada, Surrealism; Agit-Prop, Theatre of the Oppressed, Theatre for Social Change; Black, Feminist, Queer Theatres; and Pixelated Revolutions. We will investigate histories, politics, and aesthetics of theatre and performance in a variety of cultural and ideological contexts. While reviewing these representational practices, which materialize as play-texts, performances, theatre architecture, theatre rebellions and regulations, theoretical writings, etc., we will discuss how they were produced, given intelligibility, and disseminated.  One may ask: what are the consequences of using or promoting these and not other representational practices? How are performance events brought to our attention by the past and present imaginations? How are they made worthy of notice are rationalized as significant for theatre history.","3","3","No","1","3","OPT - Student Option","012084","Every Spring"
"YOST","3001","Introduction to History & Philosophy of Youthwork","Twin Cities","This course exposes students to a depth of perspectives on young people and youth work. Exploring various historic and philosophical origins of “normal” childhood, we unveil the way our modern understandings of child, youth, and adolescent draw upon a rich history of sexist, colonialist, and racist science. To do so we explore Indigenous, early European, Middle-Class, and W.E.I.R.D. (Western, Educated, Industrialized, Rich, Democratic) notions of childhood. We explore how these ideas are operationalized into practices on youth/youth work. We explore how contemporary organizations of American youth work and youth development, then took up and applied these ideas thus naturalizing modern norms and expectations of child and youth. This course covers the philosophical and historical foundations of youth work in a critical and interactive way through a review of youth, youth work, and youth organizations set in the context of the past 500 years. 

The course is designed to encourage students to examine their familial histories, timelines, and geographies and through collaborative and interactive learning, begin to explore how these histories, combined with others, helped to shape the ways that we think about youth and how this thinking collectively shapes youth policy, practice, and the institutions within which we meet and work with young people. All of this with the goal of becoming more effective and thoughtful when working with young people in youth-work settings. Whether you choose to work in youth-work settings or in other human service organization or agency, developing a sense of cultural humility and skills to understand historical data, philosophical frames, and current practices will be critical to your success in professional arenas. ","4","4","No","1","4","OPT - Student Option","-","Every Fall & Spring"