"Course subject code","Course number","Course name","Campus","Course description","Minimum credits","Maximum credits","Is this course repeatable?","What is the maximum number of completions allowed?","What is the maximum number of credits that can be earned from this course?","Grading basis","Requirements","Typically offered term(s)"
"AAS","1101","Imagining Asian America","Twin Cities","What are the histories, cultures, and experiences of Asian Americans, the fastest-growing group in the United States? How do they fit into the U.S.'s history of immigration, race, and citizenship? Is the ""model minority"" myth really true? This course is an introduction to Asian American Studies, an interdisciplinary field that uses ethnography, literature, histories, films, memoirs, and other texts to study how the history of Asian immigration to the United States has visibly shaped existing Asian American communities and identities, and how ""Asian America"" is central to a more general understanding of American popular culture and public life.

The course is roughly organized chronologically. We will first begin with an introduction to the field of Asian American Studies by asking the questions: What is Asian America? What is Asian American Studies? We will then examine important concepts, categories, and processes before exploring the rich history of Asian migration to the United States and contemporary issues facing Asian Americans today. 

One of the core principles of this course is to encourage active and interdisciplinary learning. This means that we will be learning in a variety of ways to explore and understand the material (reading, writing, watching, listening, seeing, discussing, presenting). We will be drawing from a wide range of disciplines (history, law, sociology, education, cultural studies, psychology, etc.). And we will be using a variety of materials (memoir, scholarly articles, historical documents, government records, newspapers, films, photographs, popular culture, etc.) Your active participation in these activities is essential.","3","3","No","1","3","OPT - Student Option","-","Every Fall"
"AAS","1201","Racial Formation and Transformation in the United States","Twin Cities","What does it take to discuss race seriously? An exploration of this question demands a counter-narrative, for our contemporary moment is such that a growing public opinion (1) casts America as a “raceless nation,” (2) interprets antiracism as “reverse racism,” and (3) embraces “diversity” to maintain the racial status quo. As a class, we will explore what it means to treat race as a social construct and also a central organizing principle shaping patterns of power and inequality. Talking about race is not easy to be sure; it engenders a host of unsettling emotions ranging from guilt and shame to anger. Yet not talking about race as a social fact in American life and culture merely reinforces the existing racial hierarchy. It forecloses opportunities to reach across boundaries of social difference to strive toward a shared sense of community and belonging. Together, we will participate in racial struggles, albeit at times painful and challenging, to address and grapple with ethical-political imperatives to pursue social justice and make the notion of diversity anew. Together we will reckon with the role of institutions in conditioning the material realities of racialized groups, while also recognizing the capacity of racialized groups to resist regimes of racial power.","3","3","No","1","3","A-F - A-F Grade Basis","-","Periodic Fall & Spring"
"AAS","3001","Contemporary Perspectives on Asian America","Twin Cities","Interdisciplinary overview of Asian American identities. Post-1965 migration/community. History, cultural productions, and concerns of Americans of Chinese, Japanese, Korean, South Asian, Filipino, and Southeast Asian ancestry.","3","3","No","1","3","OPT - Student Option","-","Every Fall"
"AAS","3211W","Race & Racism in the U.S.","Twin Cities","We live in a society steeped in racial understandings that are often invisible—some that are hard to see, and others that we work hard not to see.  This course will focus on race relations in today's society with a historical overview of the experiences of various racial and ethnic groups in order to help explain their present-day social status. This course is designed to help students begin to develop their own informed perspectives on American racial “problems” by introducing them to the ways that sociologists deal with race, ethnicity, race relations and racism.  We will expand our understanding of racial and ethnic dynamics by exploring the experiences of specific groups in the U.S. and how race/ethnicity intersects with sources of stratification such as class, nationality, and gender.  The course will conclude by re-considering ideas about assimilation, pluralism, and multiculturalism.  Throughout, our goal will be to consider race both as a source of identity and social differentiation as well as a system of privilege, power and inequality affecting everyone in the society albeit in different ways. ","3","3","No","1","3","AFV - A-F or Audit","-","Every Fall & Spring"
"AAS","3251W","Sociological Perspectives on Race, Class, and Gender","Twin Cities","In the midst of social unrest, it is important for us to understand social inequality. In this course we will analyze the impact of three major forms of inequality in the United States: race, class, and gender. Through taking an intersectional approach at these topics, we will examine the ways these social forces work institutionally, conceptually, and in terms of our everyday realities. We will focus on these inequalities as intertwined and deeply embedded in the history of the country. Along with race, class, and gender we will focus on other axes of inequality including sexuality, citizenship, and dis/ability. We will analyze the meanings and values attached to these social categories, and the ways in which these social constructions help rationalize, justify, and reproduce social inequality.","3","3","No","1","3","AFV - A-F or Audit","-","Every Fall, Spring & Summer"
"AAS","3301","Asian America Through Arts and Culture","Twin Cities","Americans of Asian descent comprise one of the fastest-growing racial groups in the U.S. today. While large numbers of Asian Americans have been in the U.S. since the middle of the nineteenth century, it is only in the past few decades that they have been widely recognized in art, culture, and media. This course focuses on how writing, art, performance, film, and/or other works of culture registers the experiences of Asian Americans past and present. How do individual artists or writers depict themselves and others as part of families, communities, or nations? How do questions of race, racism, family, identity, immigration, labor, citizenship, inequality, gender, sexuality, media stereotypes, and activism affect the perspectives and the creative choices in these works?","3","3","No","1","3","OPT - Student Option","-","Spring Even Year"
"AAS","3303W","Writing Differences: Literature by U.S. Women of Color","Twin Cities","Interpret/analyze poetry, fiction, drama of U.S. women minority writers. Relationship of writer's history, ethnicity, race, class, gender to her writings.","3","3","No","1","3","OPT - Student Option","-","Fall Odd Year"
"AAS","3341","Asian American Images","Twin Cities","From 19th-century anti-Chinese political cartoons to Harold and Kumar, visual representations of Asians in the United States have long influenced how Asian Americans are seen and treated. What are some of the ways that photography, graphic arts, and digital culture have pictured Asian Americans as aliens, citizens, immigrants, workers, family and community members, entertainers, and artists? Course topics will relate visual images to particular historical moments, including the early exclusion period and the ""yellow peril"" stereotype; WWII Japanese American incarceration and the drawings of Miné Okubo, and photo-journalism documenting U.S. military involvement in Southeast Asia and its aftermath. How do photographic and other images work to counter historical amnesia, heal traumatic loss, and document social injustice? Other weeks of the class will explore the ways that individuals, families, and communities use photographs, video, and other visual media to preserve a sense of connection and belonging. We will also look at how contemporary Asian American photographers such as Tseng Kwong Chi, Nikki Lee, and Wing Young Huie experiment with visual images to raise questions of racial and national identity, social inequality, gender, sexuality, and political agency. The course also includes a digital storytelling project that encourages students to create video images and sound reflecting Asian American immigration stories from local communities.","3","3","No","1","3","OPT - Student Option","-","Periodic Fall & Spring"
"AAS","3351","Asian Americans and Popular Culture","Twin Cities","Over the past few decades, Asian Americans have become increasingly visible both as the subjects and producers of popular culture in the United States. This course will explore how this new recognition of Asian Americans in popular literature, cinema, television, and entertainment is related both to longer histories of Asian immigration and racial exclusion and to post-1960s efforts to forward racial awareness, community activism, and social justice. Our first unit will look at how particular stereotypes such as the yellow peril or the wartime enemy encouraged anti-Asian feeling and violence and legal restrictions on immigration and naturalization. We will then examine how throughout history, Asian immigrants and their descendants used song, dance, theater, writing, and other forms of popular culture to express personal desires and foster collective ties. Our final unit concentrates on contemporary popular culture and its relationship to the changing identities of Asian Americans. How do Asian Americans influence the current essays, films, and videos that are consumed by millions today? How are increasingly pan-ethnic, interracial, multiracial, transnational, and global experiences reflected in popular culture?","3","3","No","1","3","OPT - Student Option","-","Periodic Fall & Spring"
"AAS","3409W","Asian American Women's Cultural Production","Twin Cities","This course explores cultural texts produced by and about Asian American women and queers. It wrestles with the complexities of a historical moment in which Asian American women are both increasingly visible in pop culture and increasingly visible targets of violence. We will push beyond judgments of “positive” or “negative” representations of Asian Americans and instead explore the political dimensions of these cultural representations—that is, how they animate, reference, or repress longer histories of migration, war, labor, and empire. We will approach the categories of both “Asian American” and “women” less as static identities and more as shifting political coalitions that bring together diverse groups of people whose experience of gender, sexuality, race, and class deviates from the norm of white, heterosexual, and cisgender American citizenship. In tracking (and at times celebrating) these deviations, we will ask: how might film, TV, literature, art, and theory help illuminate Asian American feminist politics?","3","3","No","1","3","OPT - Student Option","-","Every Fall"
"AAS","3503","Asian American Identities, Families, & Communities","Twin Cities","This course provides a sociological overview of Asian American identities, families and communities. To place these experiences within a broader historical, structural, and cultural context the course will begin with a brief introduction to the history of Asians and Asian Americans in the United States and sociological theories about incorporation and racial stratification. We will then examine the diversity of Asian American communities and families, highlighting ethnic, gender, and class variations. Other topics of focus include racialization and discrimination, education, ethnic enclaves, family and intergenerational relationships, identity, media, culture, and politics and social action. Throughout the course we will consider the ways in which society affects individuals, and how in turn, individuals affect society. Students will have an option to do community-engaged learning or another course project.","3","3","No","1","3","AFV - A-F or Audit","-","Periodic Spring"
"AAS","3862","American Immigration History","Twin Cities","The United States has frequently been called a “nation of immigrants,” yet despite this celebratory view of the U.S.’s immigrant origins, present-day immigration often provokes fear, anxiety, and resistance. Indeed, immigrants have rarely been truly welcomed in any historical era. This course will examine the history of immigration to, and migration within, the United States from the colonial era to the present, including forced migrations, such as the African slave trade.

We will consider the full range of the migration experience, including what compelled or inspired people to leave their homelands, the means of their migration, and how they settled in their new homes. In addition, we will look at the cultural transformations precipitated by immigration including the creation of ethnic identities, assimilation, and transculturation. Various forms of nativist sentiment and practice will be addressed, as well as migrant and ethnic resistance to nativism, racism, and exploitation.","3","3","No","1","3","OPT - Student Option","-","Periodic Fall & Spring"
"AAS","3875W","Comparative Race and Ethnicity in U.S. History","Twin Cities","This writing-intensive course examines the racial history of modern America. The focus is placed on how American Indians, African Americans, and immigrants from Europe, Asia, and Latin America struggle over identity, place, and meanings of these categories in society where racial hierarchy not only determined every aspect of how they lived, but also functioned as a lever to reconstitute a new nation and empire in the aftermath of the Civil War. We are interested in studying how these diverse groups experienced racialization not in the same way but in various and distinct ways in relation to each other.","3","3","No","1","3","AFV - A-F or Audit","-","Periodic Fall & Spring"
"AAS","3877","Asian American History, 1850 to Present","Twin Cities","Asian American history and contemporary issues, from 1850 to present. Immigration, labor, anti-Asian movements, women/families, impact of World War Two, new immigrant/refugee communities, civil rights, Asian American identity/culture.","3","3","No","1","3","OPT - Student Option","-","Every Fall & Spring"
"AAS","4232","American Drama by Writers of Color","Twin Cities","This course will concentrate on selected works by African American, Native American, Asian American, and Latinx playwrights. We will look at how scholars, popular media, and individual spectators interpret and understand the works of these artists, their aesthetic form, and their philosophical and cultural contexts, and will develop a broader critical vocabulary and aesthetic criteria for evaluating contemporary arts. Our central question will be how racial and ethnic differences are integral to shaping different visions of “American theater.” We will also examine larger issues such as the history of minority and ethnic theaters, the politics of casting, and the “mainstreaming” of playwrights of color.","3","3","No","1","3","AFV - A-F or Audit","-","Periodic Fall & Spring"
"AAS","4311","Asian American Literature and Drama","Twin Cities","Literary/dramatic works by Asian American writers. Historical past of Asian America through perspective of writers such as Sui Sin Far and Carlos Bulosan. Contemporary artists such as Frank Chin, Maxine Hong Kingston, David Henry Hwang, and Han Ong. Political/historical background of Asian American artists, their aesthetic choices.","3","3","No","1","3","AFV - A-F or Audit","-","Fall Odd Year"
"AECM","4115","Culturally Responsive Engagement in Agriculture, Food & Natural Resources","Twin Cities","The course is broken up into five thematic and progressive modules. Module 1 will provide the opportunity for students to investigate contemporary and historical manifestations oppression and inequities within Agricultural, Food and Natural Resource Sciences (AFNR) with a special focus on community and educational spaces. Module 2 will support students to explore oppression, power, privilege, and white supremacy. Students will explore how these show in society at large, as well as how they personally embody and enact these very things. Module 3 will prompt students to consider the nature of knowledge that is legitimized and knowledge that is suppressed. We will then learn about diverse knowledge systems and decolonizing work. Module 4 will support students to explore culture, identity, intersectionality, and positionality – their own and those of other cultural groups. We will consider how some cultures are lifted while others are marginalized in different spaces. Module 5 brings us to learning about methods of bring culturally responsive and anti-racist in AFNR work in educational and community spaces. We will employ the use of equity audits to assess various organizations and to design plans moving forward.","3","3","No","2","6","A-F - A-F Grade Basis","-","Every Spring"
"AFRO","1011","Introduction to African American Studies","Twin Cities","This course is an introduction to the study of people of African descent in the United States with linkages to Africa and connections to the African diaspora. We will explore why people of African descent have occupied an oppressed position in this culture and globally and how they have resisted this oppression creating social change. Our major form of analysis is historical sociology, as well as the arts and humanities. We will examine changes over time and employ sociological, economic, cultural, and political tools for understanding the historical and contemporary positioning of African Americans. We will be centrally concerned with how domination, race, gender, and class shape Black life in the U.S. and how resistance and change have occurred. In our analyses we take seriously the deep intersectionality of systems of oppression as well as historic resistance to oppression. Critical race theory and Black feminist theory are important frames for our work. Moreover, the significance of the cultural creativity of African peoples is foundational to our understanding. We must be concerned with how Black people see themselves today. How social change is imagined in the 21st century informs our work.","3","3","No","1","3","OPT - Student Option","-","Every Spring"
"AFRO","1201","Racial Formation and Transformation in the United States","Twin Cities","What does it take to discuss race seriously? An exploration of this question demands a counter-narrative, for our contemporary moment is such that a growing public opinion (1) casts America as a “raceless nation” (2) interprets antiracism as “reverse racism,” and (3) embraces “diversity” to maintain the racial status quo. Talking about race is not easy to be sure; it engenders a host of unsettling emotions ranging from guilt and shame to anger. Yet not talking about race as a social fact in American life and culture merely reinforces the existing racial hierarchy. It forecloses opportunities to reach across boundaries of social difference to strive toward a shared sense of community and belonging. Together, we will participate in racial struggles, albeit at times painful and challenging, to address and grapple with ethical-political imperatives to pursue social justice and make the notion of diversity anew. ","3","3","No","1","3","A-F - A-F Grade Basis","-","Periodic Fall & Spring"
"AFRO","3006","Impact of African Migrations in the Atlantic World","Twin Cities","Between the sixteenth and the nineteenth centuries, the Trans-Atlantic slave trade forced millions of Africans into bondage in the Americas. While the exact number remains unknown, it is estimated that over 10 million Africans arrived in the New World over a period of 400 years. Most of them were bound for Central and South America with less than half a million arriving to the British colonies in North America. At the dawn of the 21st century, however, U.S. census figures determined that more Africans had arrived in the United States voluntarily since 1990, than the total amount brought in as captives. This course examines the impact of African migrations in the Atlantic World beginning with the explorations of Portuguese mariners down the coast of West Africa in the 15th century, which set the foundation for the trans-Atlantic slave trade.","3","3","No","1","3","A-F - A-F Grade Basis","-","Every Spring"
"AFRO","3301","The Music of Black Americans","Twin Cities","This course examines the variety of ways African and African Americans express social history through music. It will consider the union of African elements and European elements that combined to present a new syncretized African-American product. To do this it is imperative that we explore the diversity of musical “voices” found within the African American culture. This diversity can be seen in the struggles to retain African cultural effects and the desire to be eclectic, creative, and contemporary. Such an approach to the study of the place of Black music in American music corresponds with the criteria of Diversity and Social Justice in the United States Liberal Education. The “multi-layered operation of power, prestige, and privilege” can be understood through an examination of the music of African Americans, which represents both a Free African voice and an enslaved African voice; the western-trained Black performer/composer and the self-taught performer/composer. It also represents the habits of well-to-do African Americans and the poor African Americans. Students will examine the complexities of the history of African Americans and how this is played out in the development of musical styles and genres. From this, students will then begin to understand how this unique diversity within a community affects those outside of those communities. Such an approach to the study of the place of Black music in American music corresponds with the criteria of Diversity and Social Justice in the United States Liberal Education.

We will follow elements found in West African culture and music such as ""call and response"" and the ""2nd Line"" as they travel to the ""New World"" and expressed through Spirituals, Symphonies, Gospel Music, Jazz, Rock and Roll, Step Bands and more. Through lectures, readings, discussion, audiovisual examples, and homework assignments student can expect to gain a deeper understanding of the ways music both reflects and influences the social history of all Americans.","3","3","No","1","3","A-F - A-F Grade Basis","-","Every Fall, Spring & Summer"
"AFRO","3592W","Introduction to Black Women Writers in the United States","Twin Cities","From Harriet Jacobs’s depictions of her life in bondage in Incidents in the Life of a Slave Girl to Audre Lorde’s moving essays on feminism and social (in)justice to Beyonce’s visual album Lemonade, black women’s writing has much to tell us about the meaning of survival and the myriad ways that race, class, gender, and other modalities of difference intersect in the national imaginary. In this course, we will use black women’s various forms of writing about themselves—from memoirs, autobiographies, and essays to blogs, song lyrics, and documentary films—as the source material for contemplating the sociocultural conditions of black female life in the past and present.","3","3","No","1","3","A-F - A-F Grade Basis","-","Every Spring"
"AFRO","3597W","Introduction to African American Literature and Culture I","Twin Cities","African American oral tradition, slave narrative, autobiography, poetry, essay, fiction, oratory, and drama, from colonial era through Harlem Renaissance.","4","4","No","1","4","OPT - Student Option","-","Every Fall"
"AFRO","3598W","Introduction to African American Literature and Culture II","Twin Cities","African American oral tradition, autobiography, poetry, essay, fiction, oratory, drama. From after Harlem Renaissance to end of 20th century.","4","4","No","1","4","OPT - Student Option","-","Every Spring"
"AFRO","3655","African-American Cinema","Twin Cities","African American cinematic achievements from silent films of Oscar Micheaux through contemporary Hollywood and independent films. Class screenings, critical readings.","3","3","No","1","3","OPT - Student Option","-","Spring Even Year"
"AFRO","3745","Black Cultural Studies","Twin Cities","What is black life? And what does it mean to talk about black life in the context of the push toward the liberation of black lives? In recent years we have become accustomed to hearing about and debating the efficacy of the term and movement ""Black Lives Matter,"" but what, other than precarity, constitutes these lives that matter? How have black people collectively thrived even under conditions that would assume otherwise? In this course we will consider the myriad ways black people have gone about creating, dreaming, struggling, building, educating, loving, and living, even in the midst of all that works to bring death near. We will explore a range of cultural forms, including stand-up comedy, hip hop and R&B music, reality television, social media, and film, in order to contemplate the urgency and necessity of black social life, or, what it means to be with and for black people.","3","3","No","1","3","OPT - Student Option","-","Every Spring"
"AMES","3766","Hmong Textiles and Identities","Twin Cities","This is a lecture, discussion, and project-based learning course on the multi-faceted Hmong identities throughout regions of different countries, time-periods, and acculturation process of each region. The course analyzes authentic materials, texts, and media about the utilization of Artistic Textiles as well as Functional Textiles (clothing) in everyday Hmong life as well as identity frameworks. Hmong textiles and embroideries are key elements to Hmong identities, and directly reflect the diaspora, culture, location, dialect, and practice of each group and sub-group. International Hmong identities are identified and studied in order to critically analyze the foundations of the Hmong American identity. Students learn how to interpret each region's textiles and embroideries and how they represent embroidered language and identities. Although there will be a focus on Asia, this class also focuses on an international Hmong identity which includes the United States and other countries of the Hmong diasporic journey. The class analyzes the role textiles play in today's international Hmong population, Hmong ethnic identity, transformation, advancement, social justice, and commodification. This course is taught in English, there are no prerequisites, and students are not required to have taken any Hmong language classes.
Previously offered as AMES 3720.","3","3","No","1","3","OPN - Student Option No Audit","-","Periodic Fall & Spring"
"AMES","3867","Orientalism and the Arab World","Twin Cities","This course explores the various manners in which “the Arab World” is constructed and re/presented in American and European discourses. Reading through scholarly writings, literature, visual arts, and popular media, this course illuminates the manner in which the idea of a monolithic “Arab World” and quintessential “Arab” subject are constructed and re/produced for western consumption. Crucially, this course also examines the manner in which this re/production of the “Arab World/Subject” is integral to the construction of western identity itself – serving as a foil to western self-conceptualization. 

The concept of orientalism was introduced into western scholarship by Edward Said through his seminal 1978 work, Orientalism, often credited as a foundational text in the field of postcolonial studies. In the first part of the course, we will closely read Orientalism and some of the influential critical engagements with Said’s book. We will also discuss how orientalist discourse has been subsumed under the debates on the “Clash of Civilizations” and “The War on Terror” in the 21st century. The second part of the course will look at orientalist representations in a variety of mediums, from literature and visual art to video games. In the final part of the course, we will try to “inventory the traces” of Orientalism on the Oriental subject, or examine the manner Arab artists and writers have engaged with orientalism’s legacies. 
","3","3","No","1","3","A-F - A-F Grade Basis","-","Periodic Fall & Spring"
"AMIN","1001","Introduction to American Indian & Indigenous Peoples","Twin Cities","Introduction to how voices/visions of indigenous peoples have contributed to history of cultural expression in North America. Historic contexts/varieties of this expression by region, tribal cultures. Emphasizes contributions in literature, philosophy, politics, fine arts.","3","3","No","1","3","OPT - Student Option","-","Every Fall & Spring"
"AMIN","1003","American Indians in Minnesota","Twin Cities","History, culture, and lived experience of American Indian people in Minnesota. Self-representation and histories of Anishinaabe (Ojibwe) and Dakota peoples through film, music, oral traditions, and written texts. Work by non-Indian scholars focuses on cultural, philosophical, and linguistic perspectives of Anishinaabe and Dakota peoples.","3","3","No","1","3","AFV - A-F or Audit","-","Every Fall & Spring"
"AMIN","1201","Racial Formation and Transformation in the United States","Twin Cities","What does it take to discuss race seriously? An exploration of this question demands a counter-narrative, for our contemporary moment is such that a growing public opinion (1) casts America as a “raceless nation,” (2) interprets antiracism as “reverse racism,” and (3) embraces “diversity” to maintain the racial status quo. Talking about race is not easy to be sure; it engenders a host of unsettling emotions ranging from guilt and shame to anger. Yet not talking about race as a social fact in American life and culture merely reinforces the existing racial hierarchy. It forecloses opportunities to reach across boundaries of social difference to strive toward a shared sense of community and belonging. Together, we will participate in racial struggles, albeit at times painful and challenging, to address and grapple with ethical-political imperatives to pursue social justice and make the notion of diversity anew. ","3","3","No","1","3","A-F - A-F Grade Basis","-","Periodic Fall & Spring"
"AMIN","3201W","American Indian Literature","Twin Cities","Comparative studies of oral traditions, modern literature from various tribal cultures.","3","3","No","1","3","A-F - A-F Grade Basis","-","Every Fall & Spring"
"AMIN","3301","American Indian Philosophies","Twin Cities","World views of indigenous people of Americas. Topics include native medicines/healing practices, ceremonies/ritual, governance, ecology, humor, tribal histories, status of contemporary native people.","3","3","No","1","3","OPT - Student Option","-","Every Fall, Spring & Summer"
"AMIN","3303","American Indians and Photography","Twin Cities","Historical/comparative overview of photos in which American Indian people are central subjects. Primary features of images in American Indian photos. Relationships among those involved in making/viewing photos. Ways in which photos are interpreted. Relation of photos to social contexts in which they are produced and to agencies of those who stand behind their making.","3","3","No","1","3","OPT - Student Option","-","Every Fall, Spring & Summer"
"AMIN","3402","American Indians and the Cinema","Twin Cities","Representations of American Indians in film, historically/contemporarily. What such representations assert about Native experience and cultural viability. What they reflect about particular relationships of power.","3","3","No","1","3","AFV - A-F or Audit","-","Every Spring & Summer"
"AMIN","3409","Indigenous Women of Turtle Island","Twin Cities","This combined undergraduate and graduate course provides an interdisciplinary mechanism for exploring Indigenous feminist and queer Indigenous studies. Although the course title indicates a specific focus on women and their political, cultural and intellectual production, we will also explore Indigenous feminist and queer writings that raise critical questions about normative gender and sexuality—including the concept of “womanhood.” We will explore the following topics: the relationship between mainstream feminism and Indigenous feminism; gender and sexual violence; settler colonialism and decolonization; law and restorative justice; sexuality; two-spirit, queer, and gender non-conforming subjectivities and politics; sexual and reproductive health; activism; the environment, embodiment, and materialisms; culture and tradition; erotics; biopolitics; Indigenous epistemologies; and sovereignty and governance.","3","3","No","1","3","OPT - Student Option","-","Fall Even Year"
"AMIN","3602","Archaeology and Native Americans","Twin Cities","Historical, political, legal, and ethical dimensions of the relationship of American archaeology to American Indian people. Case studies of how representational narratives about Native people are created through archaeology, responses by Native communities, and the frameworks for collaborative and equitable archaeological practice. Professional ethics in archaeology/heritage studies in American contexts.","3","3","No","1","3","OPT - Student Option","-","Fall Even Year"
"AMIN","3711","Dakota Culture and History","Twin Cities","Dakota culture, language, history, literature. Contemporary issues, the arts.","3","3","No","1","3","OPT - Student Option","-","Every Fall & Spring"
"AMIN","3871","American Indian History: Pre-Contact to 1830","Twin Cities","American Indian history from the era of ancient Native America to the removal era.  Social, cultural, political, and economic diversity of Native American peoples and Native American experiences with European colonialism.","3","3","No","1","3","OPT - Student Option","-","Every Fall & Spring"
"AMIN","3872","American Indian History: 1830 to the Present","Twin Cities","Focus on the impact of federal Indian policy on American Indian cultures and societies, and on American Indian culture change.  ","3","3","No","1","3","OPT - Student Option","-","Every Fall & Spring"
"AMIN","5402","American Indians and the Cinema","Twin Cities","Representations of American Indians in film, historically/contemporarily. What such representations assert about Native experience and cultural viability. What they reflect about particular relationships of power.","3","3","No","1","3","AFV - A-F or Audit","-","Every Spring & Summer"
"AMIN","5409","Indigenous Women of Turtle Island","Twin Cities","This combined undergraduate and graduate course provides an interdisciplinary mechanism for exploring Indigenous feminist and queer Indigenous studies. Although the course title indicates a specific focus on women and their political, cultural and intellectual production, we will also explore Indigenous feminist and queer writings that raise critical questions about normative gender and sexuality—including the concept of “womanhood.” We will explore the following topics: the relationship between mainstream feminism and Indigenous feminism; gender and sexual violence; settler colonialism and decolonization; law and restorative justice; sexuality; two-spirit, queer, and gender non-conforming subjectivities and politics; sexual and reproductive health; activism; the environment, embodiment, and materialisms; culture and tradition; erotics; biopolitics; Indigenous epistemologies; and sovereignty and governance.","3","3","No","1","3","OPT - Student Option","-","Fall Even Year"
"AMIN","5602","Archaeology and Native Americans","Twin Cities","Historical, political, legal, and ethical dimensions of the relationship of American archaeology to American Indian people. Case studies of how representational narratives about Native people are created through archaeology, responses by Native communities, and the frameworks for collaborative and equitable archaeological practice. Professional ethics in archaeology/heritage studies in American contexts.","3","3","No","1","3","OPT - Student Option","001186","Fall Even Year"
"AMST","1101","Imagining Asian America","Twin Cities","What are the histories, cultures, and experiences of Asian Americans, the fastest-growing group in the United States? How do they fit into the U.S.'s history of immigration, race, and citizenship? Is the ""model minority"" myth really true? This course is an introduction to Asian American Studies, an interdisciplinary field that uses ethnography, literature, histories, films, memoirs, and other texts to study how the history of Asian immigration to the United States has visibly shaped existing Asian American communities and identities, and how ""Asian America"" is central to a more general understanding of American popular culture and public life.

The course is roughly organized chronologically. We will first begin with an introduction to the field of Asian American Studies by asking the questions: What is Asian America? What is Asian American Studies? We will then examine important concepts, categories, and processes before exploring the rich history of Asian migration to the United States and contemporary issues facing Asian Americans today.

One of the core principles of this course is to encourage active and interdisciplinary learning. This means that we will be learning in a variety of ways to explore and understand the material (reading, writing, watching, listening, seeing, discussing, presenting). We will be drawing from a wide range of disciplines (history, law, sociology, education, cultural studies, psychology, etc.). And we will be using a variety of materials (memoir, scholarly articles, historical documents, government records, newspapers, films, photographs, popular culture, etc.) Your active participation in these activities is essential.","3","3","No","1","3","A-F - A-F Grade Basis","-","Periodic Fall"
"AMST","1401","Comparative Genders and Sexualities","Twin Cities","Gender/sexual practices/identities within international framework. How such practices/identities reflect/refract national ideals and express national/international division.","3","3","No","1","3","OPT - Student Option","-","Every Spring"
"AMST","2031","Chasing the American Dream: Economic Opportunity & Inequality in the U.S.","Twin Cities","This course begins by focusing on the historical origins and meanings of the American dream. How did this dream of unlimited opportunity come about?  What has it meant in different historical moments and to divergent social groups? And, why does it continue to be such a powerful and compelling idea in the United States and around the world?","3","3","No","1","3","OPT - Student Option","-","Every Fall, Spring & Summer"
"AMST","3001","Contemporary Perspectives on Asian America","Twin Cities","Interdisciplinary overview of Asian American identities. Post-1965 migration/community. History, cultural productions, and concerns of Americans of Chinese, Japanese, Korean, South Asian, Filipino, and Southeast Asian ancestry.","3","3","No","1","3","OPT - Student Option","-","Every Spring"
"AMST","3112","Prince, Porn, and Public Space: The Cultural Politics of the Twin Cities in the 1980s","Twin Cities","This course uses music (especially Prince and the Replacements), debates around pornography/sex, and shifts around access to public space in order to explore the local culture and national importance of the Twin Cities during the 1980s.","3","3","No","1","3","OPT - Student Option","-","Every Fall"
"AMST","3113W","Global Minnesota: Diversity in the 21st Century","Twin Cities","Diverse cultural (racial, ethnic, class) groups in America. Institutions/processes that shape their relations and create domination, resistance, hybridity, nationalism, racism, alliance. Specific content may vary.","3","3","No","1","3","OPT - Student Option","-","Every Fall, Spring & Summer"
"AMST","3114","America in International Perspective","Twin Cities","The nature of international cultural exchange. The impact of U.S. cultures and society on other countries of the world as well as the impact of other cultures and societies on the United States.   ","3","3","No","1","3","OPT - Student Option","-","Every Fall & Spring"
"AMST","3214","Queer Kinship: Undoing the American Family","Twin Cities","What is the American family? Is it a part of the “American Dream”? Is it a claim to national belonging? The American family only exists within US mythology built on imperialism and settler colonialism. This course will explore how the heteronormative nuclear family structure symbolizes modern capitalist society that emphasizes the core American values of individualism, democracy, and the ability to reproduce. Thus, the individual family members are not only transformed into productive citizens but are also tasked with the responsibility to reproduce the nation(alism). For example, the recent advancement for gay marriage is scripted as a new phenomenon that poses as both a threat to the American values and a sign of progress. This paradox exposes the limits of gay identity politics and nationalist ideology within neoliberalism, which later used to justify and rationalize racist and xenophobic ideologies. This course asks: how is the American family always already queer?","3","3","No","1","3","OPT - Student Option","-","Periodic Fall & Summer"
"AMST","3409W","Asian American Women's Cultural Production","Twin Cities","This course explores cultural texts produced by and about Asian American women and queers. It wrestles with the complexities of a historical moment in which Asian American women are both increasingly visible in pop culture and increasingly visible targets of violence. We will push beyond judgments of “positive” or “negative” representations of Asian Americans and instead explore the political dimensions of these cultural representations—that is, how they animate, reference, or repress longer histories of migration, war, labor, and empire. We will approach the categories of both “Asian American” and “women” less as static identities and more as shifting political coalitions that bring together diverse groups of people whose experience of gender, sexuality, race, and class deviates from the norm of white, heterosexual, and cisgender American citizenship. In tracking (and at times celebrating) these deviations, we will ask: how might film, TV, literature, art, and theory help illuminate Asian American feminist politics?","3","3","No","1","3","OPT - Student Option","-","Periodic Spring"
"AMST","3661","African Americans in Germany","Twin Cities","How have African Americans understood their experiences with race outside of the United States? African Americans have been migrating and circulating the globe since the American Revolution, and it is only recently that scholars have considered the ways in which an abroad experience has been transformative for African Americans. In this seminar-style class, we will explore why and how African Americans have used their experiences in Germany to express a new understanding of their identity in the United States.","3","3","No","1","3","OPT - Student Option","-","Fall Odd Year"
"AMST","3814","Women, Rage, and Politics","Twin Cities","This course explores the relationship between women, rage, and politics. Following bell hooks, we ask, where is the rage?  Doing so invites us to interrogate how rage is gendered, how politics are gendered, and how rage and gender intersect to mobilize for justice. Drawing on political organizing by women of color during the recent Black Lives Matter uprising, we consider what it means to make and claim space as women of color in politics. We also look at how rage—BIPOC women's rage, white rage, rage against women—gets mobilized to cement and/or combat racism, xenophobia, and misogyny. Finally, the course reframes women's rage as intrepid and redemptive, capable of sparking change during this political movement.","3","3","No","1","3","OPT - Student Option","-","Periodic Fall & Spring"
"AMST","4101","Gender, Sexuality, and Politics in America","Twin Cities","Ways public and private life intersect through the issues of gender, sexuality, family, politics, and public life; ways in which racial, ethnic, and class divisions have been manifest in the political ideologies affecting private life. ","3","3","No","1","3","OPT - Student Option","-","Every Fall"
"ANTH","1101","Imagining Asian America","Twin Cities","What are the histories, cultures, and experiences of Asian Americans, the fastest-growing group in the United States? How do they fit into the U.S.'s history of immigration, race, and citizenship? Is the ""model minority"" myth really true? This course is an introduction to Asian American Studies, an interdisciplinary field that uses ethnography, literature, histories, films, memoirs, and other texts to study how the history of Asian immigration to the United States has visibly shaped existing Asian American communities and identities, and how “Asian America” is central to a more general understanding of American popular culture and public life.

The course is roughly organized chronologically. We will first begin with an introduction to the field of Asian American Studies by asking the questions: What is Asian America? What is Asian American Studies? We will then examine important concepts, categories, and processes before exploring the rich history of Asian migration to the United States and contemporary issues facing Asian Americans today.

One of the core principles of this course is to encourage active and interdisciplinary learning. This means that we will be learning in a variety of ways to explore and understand the material (reading, writing, watching, listening, seeing, discussing, presenting). We will be drawing from a wide range of disciplines (history, law, sociology, education, cultural studies, psychology, etc.). And we will be using a variety of materials (memoir, scholarly articles, historical documents, government records, newspapers, films, photographs, popular culture, etc.) Your active participation in these activities is essential.","3","3","No","1","3","A-F - A-F Grade Basis","-","Periodic Fall"
"ANTH","3005W","Language, Culture, and Power","Twin Cities","Studying language as a social practice, students transcribe and analyze conversation they record themselves and consider issues of identity and social power in daily talk.","4","4","No","1","4","OPT - Student Option","-","Every Fall"
"ANTH","3601","Archaeology and Native Americans","Twin Cities","Historical, political, legal, and ethical dimensions of the relationship of American archaeology to American Indian people. Case studies of how representational narratives about Native people are created through archaeology, responses by Native communities, and the frameworks for collaborative and equitable archaeological practice. Professional ethics in archaeology/heritage studies in American contexts.","3","3","No","1","3","OPT - Student Option","-","Fall Even Year"
"ANTH","5601","Archaeology and Native Americans","Twin Cities","Historical, political, legal, and ethical dimensions of the relationship of American archaeology to American Indian people. Case studies of how representational narratives about Native people are created through archaeology, responses by Native communities, and the frameworks for collaborative and equitable archaeological practice. Professional ethics in archaeology/heritage studies in American contexts.","3","3","No","1","3","OPT - Student Option","001186","Fall Even Year"
"APEC","3081","Perspectives on Economic and Social Issues Affecting Indigenous Communities","Twin Cities","Indigenous peoples—tentatively defined as original or early settled populations living in nations now politically and socially dominated by later-arriving populations—live in many countries, especially those founded in settler colonialism. They often live in socially, racially, and culturally distinct, not fully assimilated communities, sometimes with special legal, political, spatial, cultural, and other status or rights. In those cases, these communities are likely also to face special economic constraints and opportunities, and these in turn often intersect with concepts of race and identity as well as issues of social justice and power.

This course will analyze the historical and contemporary factors that have contributed to the special economic circumstances and institutions of Indigenous communities. It will touch on Indigenous community issues worldwide but will focus on the United States and, to some extent, Minnesota. Students will gain an understanding of Indigenous communities' economic resources, such as land and land-based resources; human, financial, social, and environmental capital; and political and legal rights. They will examine the special legal and institutional constraints limiting the efficient use of these resources and discuss policy issues related to the development of Indigenous economies. 

A mixture of economic concepts and theory, data, and case studies will be used throughout the course. The course also draws on history, law, biology, psychology, and other fields. In keeping with liberal education objectives, students will apply multiple disciplines to analyze the economic opportunities and challenges facing Indigenous communities and to discuss evidence on related issues of equity and justice. Students will learn how to use economic reasoning to better understand the history of interactions between Indigenous people and settler societies. They will learn about and use some of the available data on Indigenous people and communities to better understand the communities' economic situations as well as the limitations of the data and data analysis. They will be asked to discuss how concepts of racial identity and power differences between settler and Indigenous communities emerged and contributed to modern Indigenous economic outcomes and to use economic reasoning in discussing the related justice issues.

prereq: APEC 1101 or ECON 1101 or equiv (or instr consent)","3","3","No","1","3","AFV - A-F or Audit","013099","Every Fall"
"ARTH","3218W","Visual rebels: Latinx art since the sixties","Twin Cities","Art and power! Creativity and democracy! Visual expression and resistance! This course explores the visual arts and culture of Latin American and Caribbean artists living and working in the United States from the late 18th century to the present. As a survey course of art history and culture, students read interdisciplinary essays to investigate styles, media, and approaches to art across the nation. When appropriate, students examine the connections artists make to their homelands in Mexico, Central America, South America, or the Caribbean. Students also study the restrictive foundations of art history and museums and build a vocabulary to critique these origins, including concepts such as racialization, essentialism, identity politics, multiculturalism, and exoticism. Central to the seminar is the context of social justice movements from which Chicano, Chicana, Chicanx, Puerto Rican, and undocu-queer arts emerge. As such, students will explore the visual arts and culture as they intersect with citizenship, race, power, gender, sexuality, civil rights, and social justice. As we will see, art is often utilized by U.S.-based Latina/o/x artists and communities to create spaces where agency and empowerment can be realized and negotiated.","3","3","No","1","3","A-F - A-F Grade Basis","-","Periodic Fall"
"ARTH","3655","African-American Cinema","Twin Cities","African American cinematic achievements from silent films of Oscar Micheaux through contemporary Hollywood and independent films. Class screenings, critical readings.","3","3","No","1","3","OPT - Student Option","-","Spring Even Year"
"ARTH","5218W","Visual rebels: Latinx art since the sixties","Twin Cities","Art and power! Creativity and democracy! Visual expression and resistance! This course explores the visual arts and culture of Latin American and Caribbean artists living and working in the United States from the late 18th century to the present. As a survey course of art history and culture, students read interdisciplinary essays to investigate styles, media, and approaches to art across the nation. When appropriate, students examine the connections artists make to their homelands in Mexico, Central America, South America, or the Caribbean. Students also study the restrictive foundations of art history and museums and build a vocabulary to critique these origins, including concepts such as racialization, essentialism, identity politics, multiculturalism, and exoticism. Central to the seminar is the context of social justice movements from which Chicano, Chicana, Chicanx, Puerto Rican, and undocu-queer arts emerge. As such, students will explore the visual arts and culture as they intersect with citizenship, race, power, gender, sexuality, civil rights, and social justice. As we will see, art is often utilized by U.S.-based Latina/o/x artists and communities to create spaces where agency and empowerment can be realized and negotiated.","3","3","No","1","3","A-F - A-F Grade Basis","000238","Periodic Fall"
"ARTH","5655","African-American Cinema","Twin Cities","African American cinematic achievements, from silent films of Oscar Micheaux through contemporary Hollywood and independent films. Class screenings, critical readings.","3","3","No","1","3","OPT - Student Option","001186","Periodic Fall"
"ARTS","1001","Introduction to Contemporary Art and Theory","Twin Cities","This course introduces you to contemporary perspectives on art through the lens of race, power, and justice. How has art allowed marginalized people to protest oppression, express joy and defiance, and serve as a cultural space for healing? In what ways does the symbolic, open-ended language of art allow artists to imagine otherwise, conjure different futures, and connect to ancestral pasts that co-mingle with present lived experiences? Course readings center BIPOC voices and focus on issues of representation, cultural appropriation, and decolonization. We look at the emergence of ‘fine art,’ a cultural category steeped in race, power, and the politics of exclusion; the history of the Black art movement and its commitment to political purpose in art; the challenges that arise from the insistence that the political align with the aesthetic. The course explores Indigenous organizing and resurgence as well as the politics of opacity and refusal. We will study socially engaged art forms, Afro- and indigenous futurisms, creative practices that explode distinctions between “traditional” and “modern,” art and craft, and engage with art as a field of cultural expression deeply involved in imagining and demanding social justice.","3","3","No","1","3","OPT - Student Option","-","Every Fall & Spring"
"ARTS","1001H","Honors Introduction to Contemporary Art and Theory","Twin Cities","This course introduces you to contemporary perspectives on art through the lens of race, power, and justice. How has art allowed marginalized people to protest oppression, express joy and defiance, and serve as a cultural space for healing? In what ways does the symbolic, open-ended language of art allow artists to imagine otherwise, conjure different futures, and connect to ancestral pasts that co-mingle with present lived experiences? Course readings center BIPOC voices and focus on issues of representation, cultural appropriation, and decolonization. We look at the emergence of ‘fine art,’ a cultural category steeped in race, power, and the politics of exclusion; the history of the Black art movement and its commitment to political purpose in art; the challenges that arise from the insistence that the political align with the aesthetic. The course explores Indigenous organizing and resurgence as well as the politics of opacity and refusal. We will study socially engaged art forms, Afro- and indigenous futurisms, creative practices that explode distinctions between “traditional” and “modern,” art and craft, and engage with art as a field of cultural expression deeply involved in imagining and demanding social justice.

prereq: Honors student","3","3","No","1","3","AFV - A-F or Audit","-","Every Fall & Spring"
"BA","3001","Race, Power, and Justice in Business","Twin Cities","Business leaders make decisions in a world shaped by history—a history that includes slavery, indigenous dispossession, colonialism, and systemic inequality. These forces have left lasting imprints on our markets, organizations, business practices, and professional relationships. This course equips you to understand and address those realities by exploring the socially embedded nature of business and the ways race, power, and justice influence its past, present, and future.

Instead of treating business practices as neutral or ahistorical, this course foregrounds the legacies of systemic inequity and examines how they continue to shape hiring, pay, marketing, leadership, and corporate strategy. You will learn to question common assumptions about meritocracy, free markets, and equal opportunity, and consider alternative models of economic and organizational practice. Along the way, we will also explore how companies can meaningfully advance diversity, equity, and inclusion efforts that respond to these histories.

The course moves from a macro-level analysis of historical and structural systems, to a mid-level focus on organizational practices, to an individual-level exploration of bias, leadership, and allyship. By the end, you will have the tools to critically evaluate business practices, engage in courageous and constructive dialogue, and design actionable strategies to promote equity and justice in your future career.

BA 3001 fulfills the Race, Power, and Justice in the United States theme of the University of Minnesota’s Liberal Education requirement, preparing you to lead with awareness, integrity, and impact in diverse and complex environments.

prereq: Carlson School of Management student","3","3","No","1","3","A-F - A-F Grade Basis","000011","Every Fall & Spring"
"CFAN","1101","Dean's Engaged Leaders Seminar","Twin Cities","Students explore their role in building inclusive community spaces. Development of leadership skills in academic, social, and public service contexts. Hands-on learning/real-world applications in culturally diverse communities. Field trips, guest speakers, and discussions. Instructor consent required.","3","3","No","1","3","A-F - A-F Grade Basis","-","Every Fall"
"CHLS","1102","Americanos: U.S. Latino History, Politics, and Culture","Twin Cities","This lecture course examines the historical and cultural knowledge and the complex relationship that Latinos have to the U.S. and their countries of origin in the Americas. We study the influence of social, cultural, and political dynamics on Latino history and sense of belonging in the U.S.A. By elevating American history and democracy, the course allows students to make connections to contemporary society. ","3","3","No","1","3","OPT - Student Option","-","Every Fall"
"CHLS","1102H","Honors - Americanos: U.S. Latino History, Politics, and Culture","Twin Cities","This lecture course examines the historical and cultural knowledge and the complex relationship that Latinos have to the U.S. and their countries of origin in the Americas. We study the influence of social, cultural, and political dynamics on Latino history and sense of belonging in the U.S.A. By elevating American history and democracy, the course allows students to make connections to contemporary society. ","3","3","No","1","3","A-F - A-F Grade Basis","000571","Every Fall"
"CHLS","1112","Caminos y Puentes: Chicano Studies Fundamentals","Twin Cities","This seminar investigates the prevailing frameworks that have shaped Chicano studies, the critical investigation of Mexican Americans, and the complex systems that render the US structurally inseparable from Mexico. We explore the connection between Chicano studies and Latino studies. Students will learn the major theories, methods, and approaches to research in communities, such as intersectionality, experiential knowledge, structural analysis, counter-storytelling, transnationalism, globalization, Chicana feminisms, decolonial methods, activism, racialization, anti-Black racism, and Afro-Latino studies, and queer studies. Students learn about and apply concepts for an effective Capstone project in their senior year.","3","3","No","1","3","OPT - Student Option","-","Every Spring"
"CHLS","1201","Racial Formation and Transformation in the United States","Twin Cities","What does it take to discuss race seriously? An exploration of this question demands a counter-narrative, for our contemporary moment is such that a growing public opinion (1) casts America as a “raceless nation,” (2) interprets antiracism as “reverse racism,” and (3) embraces “diversity” to maintain the racial status quo. Talking about race is not easy to be sure; it engenders a host of unsettling emotions ranging from guilt and shame to anger. Yet not talking about race as a social fact in American life and culture merely reinforces the existing racial hierarchy. It forecloses opportunities to reach across boundaries of social difference to strive toward a shared sense of community and belonging. Together, we will participate in racial struggles, albeit at times painful and challenging, to address and grapple with ethical-political imperatives to pursue social justice and make the notion of diversity anew. ","3","3","No","1","3","A-F - A-F Grade Basis","-","Every Spring"
"CHLS","3212","Chicana Feminism: La Chicana in Contemporary Society","Twin Cities","Scholarly/creative work of Chicanas or politically defined women of Mexican American community. Interdisciplinary. Historical context, cultural process, and autoethnography.
","3","3","No","1","3","OPT - Student Option","-","Every Fall & Spring"
"CHLS","3213","From Selena to Bad Bunny: Power and Resistance in Music","Twin Cities","This course explores Chicana/o/x and Latina/o/x music and offers a comprehensive overview of various genres, artists, and traditions. Music, as a mode that both creates and reflects culture, provides key insight into political and social systems. Whether we are studying early border ballads by Chelo Silva who challenged gender norms or learning about Bad Bunny’s commitment to revitalizing Puerto Rico’s electrical grid after Hurricane Maria, we will focus on how the musical production impacts broader society. Readings from scholars in Chicana/o/x and Latina/o/x Studies will ground our analysis of music through an intersectional lens. We will unpack the race, class, and gender dynamics that are evident in a particular musical production. Moreover, we will analyze the artist’s positionality (identities in a particular context) to discuss issues of power and resistance. 

The course units are organized in a flexible chronology and by genre. The material ranges from traditional musical styles such as the corrido and bolero to contemporary genres like punk and hip hop. To fully immerse ourselves in Chicana/o/x and Latina/o/x music there are both reading assignments and listening assignments for each class session. When possible, there are also visuals (music videos) that will provide an additional layer for us to analyze. Throughout the semester, you will write about individual songs, albums, music videos, and artists by applying course concepts and theories to the work. The final project will culminate in a podcast where you record alone or in a group an episode on a particular musician, album, genre, or musical moment. ","3","3","No","1","3","AFV - A-F or Audit","-","Every Fall & Spring"
"CHLS","3218W","Visual Rebels: Latinx art since the sixties","Twin Cities","Art and power! Creativity and democracy! Visual expression and resistance! This course explores the visual arts and culture of Latin American and Caribbean artists living and working in the United States from the late 18th century to the present. As a survey course of art history and culture, students read interdisciplinary essays to investigate styles, media, and approaches to art across the nation. When appropriate, students examine the connections artists make to their homelands in Mexico, Central America, South America, or the Caribbean. Students also study the restrictive foundations of art history and museums and build a vocabulary to critique these origins, including concepts such as racialization, essentialism, identity politics, multiculturalism, and exoticism. Central to the seminar is the context of social justice movements from which Chicano, Chicana, Chicanx, Puerto Rican, and undocu-queer arts emerge. As such, students will explore the visual arts and culture as they intersect with citizenship, race, power, gender, sexuality, civil rights, and social justice. As we will see, art is often utilized by U.S.-based Latina/o/x artists and communities to create spaces where agency and empowerment can be realized and negotiated.","3","3","No","1","3","A-F - A-F Grade Basis","-","Periodic Fall"
"CHLS","3221","Chicana/o Cultural Studies: Barrio Culture and the Aesthetics of Everyday Life","Twin Cities","Cultural studies approach to investigating aesthetic dimensions of experience that inform and are informed by dynamic relationship between culture, class, ethnicity, and power.","3","3","No","1","3","OPT - Student Option","-","Every Spring"
"CHLS","3223","Latin Lovers, Vatos Locos and Spicy Latinas: Chicano Film Representation","Twin Cities","This course explores Chicana/o/e representation in film by treating films as cultural artifacts that communicate changing ideas about Latinidad. Students study the depictions of the Chicana, Chicano, and Chicane communities as well as these connections to U.S. Latina/o experiences, histories, and cultures in commercial and independent film. The course teaches students to analyze films as texts that construct and challenge popular tropes associated with Latinidad and wider notions about race, class, ethnicity, gender, and national origin. The course explores how putting Latinos behind the camera as creators impacts Chicana/o/e and Latina/o/e representation. ","3","3","No","1","3","OPT - Student Option","-","Every Spring"
"CHLS","3375","Folklore of Greater Mexico","Twin Cities","Scholarly survey and exploration of the sociocultural  function of various types of folklore in Greater Mexico. Ways in which folklore constructs and maintains community, as well as resists and engenders cultural shifts.","3","3","No","1","3","OPT - Student Option","-","Every Fall & Spring"
"CHLS","3444","Chicana and Chicano History I","Twin Cities","Experiences of people of Mexican descent in the United States. Important eras in histories of Mexico, the United States, and Mexican Americans. Central role of Chicana/os in U.S. history, culture, and politics. Topics include race, ethnicity, gender, sexuality, immigration, migration.","3","3","No","1","3","OPT - Student Option","-","Every Fall"
"CHLS","3446","Chicana and Chicano History II: WWII, El Movimiento, and the New Millennium","Twin Cities","Experiences of people of Mexican descent in the U.S. Notions of citizenship from WWII. Chicano civil rights movement. Impact of immigration patterns/legislation. Cultural wars, changing demographics. Social, economic, and political changes that influenced day-to-day life of Mexican Americans. Meaning of racialized ""Mexican"" identity. How different groups of Mexicans have understood their relationships to other Americans and other Latino groups.","3","3","No","1","3","OPT - Student Option","-","Every Spring"
"CHLS","3452","Chicanx/LatinX Indigeneity","Twin Cities","Historical, cultural, and political processes impacting  Chicanas/os and their understanding of being
indigenous to the North American continent. History, culture, and identity formation as dynamic processes intimately related to present and future constructions of Mexican American identities and sociopolitical perspectives.","3","3","No","1","3","OPT - Student Option","-","Every Spring"
"CHLS","3507W","Identity, Displacement, Resistance in Chicano Literature","Twin Cities","What is Chicano literature, and how is it similar or different from other American literatures? We will journey through the world of Chicano novels, short stories, creative non-fiction, drama, essays, poetry, graphic writings, and other hybrid forms of literature to understand the cultural, intellectual, and sociopolitical traditions of the Mexican American in the United States.","3","3","No","1","3","OPT - Student Option","-","Every Fall & Spring"
"CHLS","3672","Latinos in Da House: Midwest Latino Experience","Twin Cities","Did you know that Latinos have been living in the midwestern United States since the 1890s? But Latinos are also recent migrants and refugees, seeking peace and opportunity for their children. Learn about the social, political, cultural, and economic struggles and victories; race and ethnic formation; and the arts and creative practices among a variety of Latinos in the United States.","3","3","No","1","3","OPT - Student Option","-","Every Spring"
"CHLS","3753","Health and Wellness in Indigenous, Chicanx, and Latinx Communities","Twin Cities","What is health and wellness? What is healing? Who are indigenous, Chicanx, and Latinx peoples? Is health just an individual process? How do our thoughts, attitudes, and emotions play a role in our health? In what ways do social influences and cultural beliefs affect our health? What other factors impact being well? How might healthiness reflect political, historical, ideological, and systemic dynamics? This course answers these questions and more to introduce students to an interdisciplinary approach to health and wellness in indigenous, Chicanx, and Latinx communities in the U.S.
The primary purpose of this course is to examine the health and wellness of indigenous, Chicanx, and Latinx peoples in the U.S. through the lens of traditional healing. We will explore some of the historical, sociological, and epistemic foundations of selected health modalities to unpack the various ways in which these communities experience disease, well-being, and healing. This class will pay particular attention to psychological and traditional healing modalities (curanderismo and related traditional healing practices, such as indigenous medicine). Exploring the similarities and differences of how a psychologist might treat someone with anxiety versus how a curandera might treat someone with anxiety reveals the underpinnings of each medical system. Rather than viewing these approaches as competing treatments, how might these systems work together to deliver a possible integrative treatment that may be better than each one independently?
An analysis of health and healing in these communities will also coax students to understand their own ways of thinking about health, which is one of my goals for this class. Because of the relatively limited time we will have, combined with the sheer breadth of health topics and approaches, only a fraction of the material can be covered. However, after this class, students will have a firm grasp of some foundations of health and wellness among indigenous, Chicanx, and Latinx peoples in the U.S. ","3","3","No","1","3","OPT - Student Option","-","Every Spring"
"CHLS","3771","Latina/o/x Social Movements","Twin Cities","This course investigates Latina/o/x social movements as a critical response to historical and contemporary systemic inequities. We begin with the 1960s and 70s Chicano Movement and Puerto Rican Movement, specifically the Young Lords. Both movements set the foundation for racial/ethnic pride, a cultural renaissance, and transnational solidarity. The social movements from the 1960s were primarily about the redistribution of power to benefit marginalized communities, including communities of color. At the same time, these movements were heavily rooted in nationalist projects, which isolated some members of the community, particularly Xicanas, Puerto Rican women, undocumented people, and LGBTQ Latina/o/xs.  ","3","3","No","1","3","OPT - Student Option","-","Periodic Spring"
"CHLS","3838","Policing, Surveillance, and Social Movements in 20th Century U.S.","Twin Cities","This course explores how policing and surveillance changed, evolved, and adapted throughout the twentieth century in the United States. We will trace the trajectory of police power & legitimacy as well as examine how the institution of policing responded to ongoing racial justice movements. ","3","3","No","1","3","A-F - A-F Grade Basis","-","Periodic Fall & Spring"
"CHLS","3852","Radicals, Moderates, and Vendidos: Chicano/a Politics","Twin Cities","This course will explore the theory and practice of Chicano/a political activities in the U.S. through social science methods of inquiry. The formal political system will be analyzed in relationship to the experience of Mexican and broader U.S. Latino/a origin community members, as will other forms of political engagement. These activities include voting, the actions of elected officials, legislation, campaigning, public policies, activism, and social movements. Analysis of Chicano/a political activity and its relationship to U.S. Latino/a civic action will be grounded in an experience of unequal power relations, racial and ethnic institutional exclusion, economic exploitation, and the attempt to achieve social justice.","3","3","No","1","3","OPT - Student Option","-","Every Fall & Spring"
"CHLS","3862","American Immigration History","Twin Cities","The United States has frequently been called a “nation of immigrants,” yet despite this celebratory view of the U.S.’s immigrant origins, present-day immigration often provokes fear, anxiety, and resistance. Indeed, immigrants have rarely been truly welcomed in any historical era. This course will examine the history of immigration to, and migration within, the United States from the colonial era to the present, including forced migrations, such as the African slave trade.

We will consider the full range of the migration experience, including what compelled or inspired people to leave their homelands, the means of their migration, and how they settled in their new homes. In addition, we will look at the cultural transformations precipitated by immigration including the creation of ethnic identities, assimilation, and transculturation. Various forms of nativist sentiment and practice will be addressed, as well as migrant and ethnic resistance to nativism, racism, and exploitation.","3","3","No","1","3","OPT - Student Option","-","Periodic Fall & Spring"
"CHLS","3888","Abajo Con La Migra: Immigration and the Latino/a Experience","Twin Cities","As part of a longer tradition in Latino/a/x radical thought, this upper-division, interdisciplinary course explores the experiences of migrants from Latin America to the United States in the 20th and 21st centuries, and its roots in colonialism from previous centuries. It will consider the transnational context in which migrants cross borders by investigating not only their reception in the United States, but the complex processes occurring within their homelands as well. The class will also explore migrant engagements with U.S. society, pre-existing Latino/a/x and other ethnic communities, and experiences within the political, economic, and social aspects of life at the local and global level. At central issue will be the role of U.S. foreign policy in Latin America that contributes to the context in which people migrate, development of border patrolling as a key part of U.S. immigration policy, the cultural and social innovations created out of the process of diaspora, the relationship among different Latina/o/x groups and the emergence of “Latinidad” in the U.S., and the historical and ongoing struggle for immigrant rights.","3","3","No","1","3","OPT - Student Option","-","Every Fall"
"CHLS","4232","Bodies, Borders, and Belonging: Latina/x Gender & Sexuality Studies","Twin Cities","In this course, we'll learn about how Chicanas/o/xs and Latinas/o/xs have thought about, challenged, and reshaped ideas of gender and sexuality. Together, we’ll ask: How do race, class, and nation shape the way we experience gender? How have people resisted, redefined, or complicated sexual identity across different social and political contexts? From shifting “borders” of what counts as “normal” to the ways communities imagine new possibilities for identity, we’ll explore the politics of the self. Be ready to question assumptions, engage with bold thinkers, and connect these ideas to your own world.","3","3","No","1","3","OPT - Student Option","-","Fall Odd, Spring Even Year"
"CHLS","4401","Chicana/Latina Cultural Studies","Twin Cities","Readings in Chicana/Latina cultural studies. TV, film, art, music, dance, theatre, literature. Identity/sexuality. Production of culture/theory. ","3","3","No","1","3","OPT - Student Option","-","Fall Even Year"
"CI","1121","Educational Movements Past and Present: Multicultural Perspectives","Twin Cities","Students will explore diverse historical perspectives regarding educational movements in the U.S. since the Civil War. Through challenging questions and problems in educational history, students will develop critical frameworks necessary for interpreting Americas educational past and how it is tied to culture, politics, privilege, and power.","4","4","No","1","4","OPT - Student Option","-","Every Fall & Spring"
"CI","1903W","Prince, Lyrics, and This Thing Called Life","Twin Cities","This course focuses on the lyrics of the prolific American musician, songwriter, singer, and multi-instrumentalist, Prince Rogers Nelson. Lyrics are poetry and like poetry, lyrics have a way of reaching the core of us. They are everywhere, and they help us find community amongst our peers and across generations. They help us on our journey of becoming. Becoming our future selves, a higher self, our true selves. This requires using what we learn from the past and what we know in the now to a renewed version of ourselves. Lyrics can help on this journey. This seminar explores the lyrics and life of the musician Prince Rogers Nelson (and others) to better understand our journey in becoming, and how local and global sociopolitical contexts shape our identities. 

This course is taught by Dr. Crystal Wise, an assistant professor in the College of Education and Human Development. Her work scholarship focuses on early literacy development and the historical and contemporary literacy practices of African Americans. Wise believes in the curious and resilient student. She actively engages the mind and heart in learning activities to support goal-(re)setting, personal growth, and contributions to the communities we learn in, learn from, and learn with.","3","3","Yes","2","6","A-F - A-F Grade Basis","001475","Every Fall & Summer"
"CI","3433W","Climate Justice, Children's Stories, and Action for a Just Transition","Twin Cities","Human-induced climate emergency is the key existential issue of our time. Its main driver has been a socioeconomic system whose ideologies, practices, and institutions are built on the logic of extractivism, exploitation, and objectification of humans and nature as resources. To address the climate emergency, efforts at mitigation and adaptation will need to rest on a different foundation. Besides ensuring regeneration, inclusion, and collective thriving for humanity as part of nature, this foundation will need to challenge and reckon with the historic and ongoing socioecological inequalities—forms of violence against the planet and its peoples—that have enabled the climate crisis and facilitate dumping its cost on the poor, BIPOC, (formerly) colonized populations, the nonhuman animals, and future generations. The name of that new foundation is climate justice.
 
A Liberal Education course, this class will provide students with the contexts and skills necessary to understand climate justice as 1) an essential framework for addressing the socioeconomic, ideological, and other drivers of the climate emergency, and 2) a strategic solution, whose application to considerations of climate change impacts, burdens, and futures is necessary to ensure a just transition to an ecological civilization. Drawing on the work of Indigenous, youth-led, BIPOC, and citizen-action climate activism, we will explore climate justice as a conceptual framing that shapes cultural narratives of justice, injustice, equity, and solidarity. We will learn how climate justice developed from earlier notions of justice, as well as how these notions have shaped the stories we tell about how the world is or should be. Throughout, we will study examples of climate justice activism and resistance in literature, film, media, and real life.
 
Children’s and young adult literature provides a rich variety of narratives to explore the entanglements of climate justice with issues of identity, race, social class, power, culture, and age. Our primary readings in this course will be award-winning fiction and nonfiction of the past decade with clear climate justice themes. By engaging with these narratives students will appreciate how the climate justice framing expands discussion about the climate emergency from considerations of science, technology, emissions, or economic development to larger concerns about how individuals, communities, and ecosystems interact and heal. We will approach climate justice as a space where the biological and social challenges of addressing the climate emergency intersect with the cognitive, emotional, cultural, and psychological ones.","3","3","No","1","3","A-F - A-F Grade Basis","-","Every Fall"
"CI","4121","Culture Power and Education","Twin Cities","Manifestations of culture/power in education. How culture is mediating factor in educational achievement of students of color. Relationship between home/community, school cultures.  Theories/research that show importance of integrating students' interests, knowledge, experience for increasing student engagement/achievement.","3","3","No","1","3","A-F - A-F Grade Basis","-","Every Fall & Spring"
"CNRC","3518","Jewish Humor: Seriously Funny from Text to Stage to Screen","Twin Cities","In the U.S. the comic world has been so dominated by Jewish writers and performers that the ""People of the Book"" have come to be known as the ""People of the Joke."" A 2013 Pew Research poll showed that for American Jews, a sense of humor is essential to their Jewish identity—more important than ritual or the observance of traditional religious commandments. While surveying a broad range of humor in print, on stage, and in films along with classical Jewish texts including the Torah and Talmud, students will learn about the historical and cultural contexts that make such humor not only possible, but existentially necessary—a serious business indeed. And we'll accomplish all this while laughing hysterically. 
No prior knowledge of Jewish history and culture is required or assumed.","3","3","No","1","3","OPT - Student Option","-","Every Spring"
"COMM","3341","Asian American Images","Twin Cities","From 19th-century anti-Chinese political cartoons to Harold and Kumar, visual representations of Asians in the United States have long influenced how Asian Americans are seen and treated. What are some of the ways that photography, graphic arts, and digital culture have pictured Asian Americans as aliens, citizens, immigrants, workers, family and community members, entertainers, and artists? Course topics will relate visual images to particular historical moments, including the early exclusion period and the ""yellow peril"" stereotype; WWII Japanese American incarceration and the drawings of Miné Okubo, and photo-journalism documenting U.S. military involvement in Southeast Asia and its aftermath. How do photographic and other images work to counter historical amnesia, heal traumatic loss, and document social injustice? Other weeks of the class will explore the ways that individuals, families, and communities use photographs, video, and other visual media to preserve a sense of connection and belonging. We will also look at how contemporary Asian American photographers such as Tseng Kwong Chi, Nikki Lee, and Wing Young Huie experiment with visual images to raise questions of racial and national identity, social inequality, gender, sexuality, and political agency. The course also includes a digital storytelling project that encourages students to create video images and sound reflecting Asian American immigration stories from local communities.","3","3","No","1","3","OPT - Student Option","-","Periodic Fall & Spring"
"COMM","3351","Asian Americans and Popular Culture","Twin Cities","Over the past few decades, Asian Americans have become increasingly visible both as the subjects and producers of popular culture in the United States. This course will explore how this new recognition of Asian Americans in popular literature, cinema, television, and entertainment is related both to longer histories of Asian immigration and racial exclusion and to post-1960s efforts to forward racial awareness, community activism, and social justice. Our first unit will look at how particular stereotypes such as the yellow peril or the wartime enemy encouraged anti-Asian feeling and violence and legal restrictions on immigration and naturalization. We will then examine how throughout history, Asian immigrants and their descendants used song, dance, theater, writing, and other forms of popular culture to express personal desires and foster collective ties. Our final unit concentrates on contemporary popular culture and its relationship to the changing identities of Asian Americans. How do Asian Americans influence the current essays, films, and videos that are consumed by millions today? How are increasingly pan-ethnic, interracial, multiracial, transnational, and global experiences reflected in popular culture?","3","3","No","1","3","OPT - Student Option","-","Periodic Fall & Spring"
"COMM","4263","Feminist Media Studies","Twin Cities","Issues, controversies, and practices of gender and their relationship to U.S. media. Ways in which gender is represented in and comes into play with media texts/institutions. Histories of feminism, theories/methods/political economy, case studies.

prereq: 3211 or instr consent","3","3","No","1","3","A-F - A-F Grade Basis","-","Every Spring"
"COMM","4621W","Rhetoric of Feminism","Twin Cities","History/criticism of rhetoric of feminism from 19th century to present.","3","3","No","1","3","OPT - Student Option","-","Every Fall"
"CPSY","3701","Racial Bias in Early Childhood","Twin Cities","This course is designed to introduce you to the key concepts as well as theories of perceptual, cognitive, and social systems that facilitate prejudiced thinking in early childhood. The primary goal of this course is for you to gain new knowledge in this area of child development, increase reading, writing, and critical thinking skills, and incorporate course material into your daily life. The first part of the course will provide grounding terminology, theories, and historical perspectives on race, racial ideology, racism, and the development of biases. We will then utilize a scientific identity in part 2, learning research methods and evidence for the developmental trajectory of racial biases. In part 3, we will discuss applying our newly gained scientific knowledge and explore opportunities for reducing racial biases in early childhood. This class will include a combination of lectures, guest presentations, and student-driven small as well as large group discussions.","3","3","No","1","3","OPN - Student Option No Audit","-","Every Spring"
"CSCL","1001W","Introduction to Cultural Studies","Twin Cities","What does it mean to be a part of this thing we call ""society""? Cultural studies is an interdisciplinary and critical field that examines culture as “a whole way of life” (Raymond Williams) and a site of meaning, identity, and power. Drawing on sociology, anthropology, art history, literary studies, gender studies, philosophy, and more, it explores how what people think, create, and do shapes their identities, values, and practices. Cultural studies asks key questions: How do things come to mean what they do? How do power, wealth, and value take shape? How do humans organize themselves and relate to the world? By interrogating these questions, we'll grapple with what it means to be part of society, offering tools to analyze and understand the structures and dynamics that define our shared existence.","3","3","No","1","3","OPT - Student Option","-","Every Fall & Spring"
"CSCL","3335","Aliens: Science Fiction to Social Theory","Twin Cities","In English, the word “alien” designates both immigrants from other countries and beings from other worlds. Aliens of all sorts are everywhere; they tend to provoke fascination, fantasy, and for many, fear and anxiety. But the deeper philosophical significance of aliens says as much about us as it does about them. In this course, we will explore these questions through a range of novels, films, and artworks from the 1890s to the present day, with an emphasis on science fiction and American popular culture.","3","3","No","1","3","OPT - Student Option","-","Every Fall & Spring"
"CSCL","3350W","Sexuality and Culture","Twin Cities","Historical/critical study of forms of modern sexuality (heterosexuality, homosexuality, romance, erotic domination, lynching). How discourses constitute/regulate sexuality. Scientific/scholarly literature, religious documents, fiction, personal narratives, films, advertisements.","3","3","No","1","3","OPT - Student Option","-","Periodic Fall & Spring"
"CSCL","3352W","Queer Aesthetics & Queer Critique","Twin Cities","Is there such a thing as global queer aesthetic? If so, how do various modes of representation and expression (novels, poetry, and sophisticated uses of language across film, television and video, digital media, pop music and punk) elaborate and enact queerness in particular material ways while also helping to create a larger, intermedial queer culture?
","3","3","No","1","3","OPT - Student Option","-","Periodic Fall & Spring"
"CSCL","3405","Marx for Today","Twin Cities","A century and a half after the publication of Karl Marx’s Capital, Vol. 1 (1867), this course will reflect on the political urgency of our current moment in order to understand the relevance and complexity of Marx and the Marxist tradition. We will pursue an intensive study of primary readings written by Karl Marx himself, exploring the social, philosophical, and political history of Marxist thought and familiarizing ourselves with key concepts such as labor-power, primitive accumulation, the commodity, use value, exchange-value, surplus-value, crisis, money, and capital. As we study Marx as a theoretician, we will also examine his work as a political revolutionary, writer, and correspondent with many of the most important revolutionary figures of his day. Here we will foreground his analysis of the labor of enslaved Black persons in the plantation economies of the Southern United States—which he ties to the labor markets of capitalism in Europe—as well as his more explicit critiques of slavery and colonialism.

Following this close reading of Marx and the Marxist tradition, we will consider the ways that critical thinkers and political activists, both in the United States and globally, continue to resist, create, and dream under the banner of Marxism throughout the twentieth century and into our own new century. We will center questions of racial justice through the writings of W. E. B. Du Bois and contemporary Marxist scholars of race, indigeneity, and diaspora, focusing on Du Bois’s attention to the links between race and social class in America. Alongside critical reappraisals of Marx’s thought, we shall think about the influence of Marx’s writings on political activists in the Black Panther Party and the American Indian Movement, and on American labor, as well as on South American revolutionaries like Carlos Marighella. We will then move to a study of Marxist feminism, linking race and gender in U.S. and global Marxisms through readings by Black Panther activist and intellectual Angela Davis, the social historian Nancy Fraser, and Italian Marxist feminist Silvia Federici. We will revisit the question of gender oppression and feminist resistance through a Marxist frame, with reference to the revival of socialist prospects in the work of Jodi Dean and Mackenzie Wark. Finally, we will examine the contemporary fight over reproductive rights and the history of the “Wages for Housework” movement.
From these readings and conversations we will think about how Marx’s ideas and their larger legacy can help us to understand our current moment and our political, social, and ecological futures. In as much as this is a course on theoretical perspectives, it will also be one that seeks to use Marx, and the Marxist tradition, to develop critical perspectives and solutions to pressing issues of racial injustice, social inequality, and environmental devastation.","3","3","No","1","3","OPT - Student Option","-","Every Spring"
"CSCL","3425W","Critical Theory and Social Change","Twin Cities","Critical theory combines deep philosophical questioning with an imperative for progressive social change. Unlike traditional philosophy, the field focuses on diagnosing and challenging oppressive histories, ideologies, and systems of social power. It originated in the 1920s and 1930s with a group of Marxist intellectuals who critiqued the rise of fascism, mass violence, and the inequalities produced by industrial capitalism. Today, the field encompasses the study of structural racism and gender inequality, the analysis of debt, employment, and incarceration as forms of social control, and the critical analysis of AI, big tech, and emerging forms of state violence.","3","3","No","1","3","OPT - Student Option","-","Every Fall & Spring"
"DES","1409","Design Justice","Twin Cities","Exploring justice-centered design processes to create iterative approaches to outcomes of socio-cultural oppression.","3","3","No","1","3","A-F - A-F Grade Basis","-","Every Fall & Spring"
"DES","4165","Design and Globalization","Twin Cities","The course explores how culture, identity, and difference are defined and produced and the role that design plays in the production of difference, inequality, and marginalization.

prereq: Jr or sr","3","3","No","1","3","AFV - A-F or Audit","-","Every Fall"
"DES","4401V","Honors: Racism Untaught","Twin Cities","Revealing and unlearning racialized design through the use of the Racism Untaught framework.","3","3","No","1","3","OPT - Student Option","000571","Every Fall"
"DES","4401W","Racism Untaught","Twin Cities","Revealing and unlearning racialized design through the use of the Racism Untaught framework.","3","3","No","1","3","OPT - Student Option","000226","Every Fall"
"DES","4402","Intersections in Design Justice","Twin Cities","The Intersections of Design Justice Course centers on the impact of design justice on the many forms of oppression within the design field, design approaches which create anti-oppressive culture shifts, decolonized pedagogical approaches, and curriculum that supports the liberation of historically underinvested communities. Through historical and modern-day research methods and creative projects, students will engage in building their design justice lens to assist them in an understanding of their agency and positionality in the modern design context and in emerging community issues. The course will introduce a variety of national and international lecturers. ","3","3","No","1","3","A-F - A-F Grade Basis","000923","Every Spring"
"DH","4125W","Process of Care in Allied Dental Health: Clinical Application V","Twin Cities","Social justice of health/oral health care in U.S. How race/class/gender impact resources. Dental hygiene/dental therapy treatment in diverse patient population.","6","6","No","1","6","A-F - A-F Grade Basis","000671","Every Spring"
"DNCE","3411","Dance and Popular Culture: Choreographing Race, Class, and Gender","Twin Cities","How race, class, and gender become aestheticized and are put into motion as popular culture. Choreographic analysis of moving bodies. How ""popular"" affects understanding of culture. Exoticism, binary structures of stereotypes, identity, hegemony.","3","3","No","2","3","OPT - Student Option","000226","Periodic Fall & Spring"
"DT","4125W","Process of Care in Allied Dental Health: Clinical Application V","Twin Cities","Social justice of health/oral health care in U.S. How race/class/gender impact resources.  Dental hygiene/dental therapy treatment in diverse patient population.","6","6","No","1","6","A-F - A-F Grade Basis","-","Every Spring"
"ENGL","1301W","The Margins Are the Center: US Literature and Social Injustice","Twin Cities","What is the relationship between narrative and institutions of power? How do social forces shape cultural production—and vice versa? This course emphasizes how social contexts such as systemic oppression, war, dispossession, and political movements emerge in and through American literature. We will focus on selected works by U.S. minoritarian writers and artists to explore how literature is constructed and consumed (and by whom?), paying close attention to both form and content as we engage with shifting concepts of nation, representation, empire, and categories of difference (e.g. race, ethnicity, gender, sexuality, class, ability). Through class lectures, discussion, and papers, you will develop textual analysis, writing, and communication skills in our examination of the ways authors and texts respond to the dominant systems they and their reader operate within. ","4","4","No","1","4","OPT - Student Option","-","Every Fall, Spring & Summer"
"ENGL","3005W","Survey of American Literatures and Cultures I","Twin Cities","This writing-intensive course will survey the Anglophone literature of what would become the United States from the arrival of English settlers to the Civil War. We will define ""literature"" broadly to not only include fiction and poetry but also the sermon, the letter, the essay, the autobiography, and other non-fictional forms. Course topics will include the Puritan theology that cast such a long shadow over the American cultural imagination; the fraught literary construction in the Revolutionary era of a national identity under the influence of such Enlightenment ideals as reason, civility, cosmopolitanism, and sympathy; the Gothic doubts about democracy that attended the literature of the early republic; the rise in the mid-nineteenth century of a radical intellectual and social movement in Transcendentalism; the antebellum ideological struggles over such political issues as slavery, industrialism, women's rights, and Native American rights; and the self-conscious cultivation of a national literary aesthetic in the Romantic prose and poetry of the period later critics would come (controversially) to call ""the American Renaissance.""","4","4","No","1","4","OPT - Student Option","-","Every Fall, Spring & Summer"
"ENGL","3006V","Honors: Survey of American Literatures and Cultures II","Twin Cities","This course will survey some of the major literary figures, aesthetic movements, and thematic concerns of US literature from the Civil War to the present. Our investigation will identify common traits in the literature that causes it to fit within three very broad literary historical categories: realism, modernism, and postmodernism. We will explore what makes literature created by the people of the United States distinctly ""American"" during a period that extends from the Civil War and the outlawing of slavery to women's suffrage, workers' movements, the Great Depression, the First and Second World Wars, and the civil rights movement. In addition to reading and analyzing the literature itself in terms of style, form, genre, and language, we will study it in historical context: the complex interplay between the political, the social, the cultural, and the literary in the United States. This approach rests upon the notion that literature is not created in a vacuum; it is influenced by and influences the world in which it is created.","4","4","No","1","4","A-F - A-F Grade Basis","000600","Periodic Fall & Spring"
"ENGL","3006W","Survey of American Literatures and Cultures II","Twin Cities","This course will survey some of the major literary figures, aesthetic movements, and thematic concerns of US literature from the Civil War to the present. Our investigation will identify common traits in the literature that causes it to fit within three very broad literary historical categories: realism, modernism, and postmodernism. We will explore what makes literature created by the people of the United States distinctly ""American"" during a period that extends from the Civil War and the outlawing of slavery to women's suffrage, workers' movements, the Great Depression, the First and Second World Wars, and the civil rights movement. In addition to reading and analyzing the literature itself in terms of style, form, genre, and language, we will study it in historical context: the complex interplay between the political, the social, the cultural, and the literary in the United States. This approach rests upon the notion that literature is not created in a vacuum; it is influenced by and influences the world in which it is created.","4","4","No","1","4","OPT - Student Option","-","Every Fall, Spring & Summer"
"ENGL","3011","Jewish American Literature: Religion, Culture, and the Immigrant Experience","Twin Cities","Immigrant? Jewish? American?  What do these labels mean, why are they applied, and do they ever cease to be applicable? Can we distinguish religion from culture, and what are the implications when we try? Why is it frequently asked whether Saul Bellow was ""really"" a Jewish writer, but it is impossible to read Philip Roth as anything other than that? How does Grace Paley's ""Jewishness"" come through even when she is writing about non-Jewish characters? We will address these issues and others as we explore the literature growing out of the Jewish immigrant experience in America, as well as the literature by Jewish writers more firmly, though still sometimes anxiously, rooted in American soil. In this course we will engage in a highly contextualized and historicized study of Jewish American literature from the 19th century to today.  We will discover in these texts how inherited Jewish culture and literary imaginings, developed over centuries of interaction between Jewish communities and the ""outside world,"" get reexamined, questioned, rejected, reimagined, reintegrated, and transformed within the crucible of American experience. The discussions that ensue will also provide a framework for engaging with the creative energies and cultural productivity of more recent immigrant communities in the United States and beyond. Immigration and the experience of immigrant communities continues to be at the forefront of American consciousness, as immigrants work to create new meanings and new narratives for their lives, and as those who immigrated before them provide contested meanings for the impact of immigration on their own narratives. This course, though grounded in Jewish narratives, will therefore provide students with an expanded vocabulary and perspective for engaging in this central and very current debate within the American experience. ","3","3","No","1","3","OPT - Student Option","-","Every Spring"
"ENGL","3093","Law and Literature","Twin Cities","ENGL 3093 Law & Literature examines how law and literature render diversity and social justice.  The law is generally defined as a country’s (or community’s) system of rules that regulate people’s actions and administer justice to them.  Literature is generally defined as an assortment of oral and written texts regarded as having intellectual, aesthetic, and moral value.  This course puts legal and literary texts into conversation to answer questions about how they render the equality of and the justice for diverse peoples.  ","3","3","No","1","3","OPT - Student Option","-","Every Spring"
"ENGL","3301","Asian America through Arts and Culture","Twin Cities","Americans of Asian descent comprise one of the fastest-growing racial groups in the U.S. today. While large numbers of Asian Americans have been in the U.S. since the middle of the nineteenth century, it is only in the past few decades that they have been widely recognized in art, culture, and media. This course focuses on how writing, art, performance, film, and/or other works of culture registers the experiences of Asian Americans past and present. How do individual artists or writers depict themselves and others as part of families, communities, or nations? How do questions of race, racism, family, identity, immigration, labor, citizenship, inequality, gender, sexuality, media stereotypes, and activism affect the perspectives and the creative choices in these works?","3","3","No","1","3","OPT - Student Option","-","Spring Even Year"
"ENGL","3303W","Writing Differences: Literature by U.S. Women of Color","Twin Cities","Interpret/analyze poetry, fiction, and drama of U.S. women minority writers. Relationship of writer's history, ethnicity, race, class, and gender to her writings.","3","3","No","1","3","OPT - Student Option","-","Fall Odd Year"
"ENGL","3331","LGBTQ Literature: Then and Now","Twin Cities","LGBTQIA life in the US has changed significantly over the past few decades. By examining a selection of poetry, prose, and film, our class will try to answer the questions: ""How did we get to where we are today?"" and ""Where do we go next?"" We will look at classic works in their historical contexts to see what was revolutionary about their publication; we will trace how they paved the way for all that followed. We will look at very new works to understand the concerns of twenty-first century LGBTQIA writers and readers. From the ""lavender scare"" to the Stonewall Riots to the AIDS pandemic to marriage equality to genderqueer and trans movements, we will explore how LGBTQIA authors and filmmakers have both responded to and shaped the ethos of our times. ","3","3","No","1","3","OPT - Student Option","-","Every Fall"
"ENGL","3332","Black Times: Afrofuturism, Afropessimism and the Future (Ends) of the World","Twin Cities","In 1993, Mark Dery coined the term Afrofuturism to describe “[s]peculative fiction that treats African-American themes and addresses African-American concerns in the context of twentieth- century technoculture — and, more generally, African-American signification that appropriates images of technology and a prosthetically enhanced future."" At the same time, Dery places this fictional treatment of Black futures in the context of a history systematically denied. Afropessimism, on the other hand, emerges at the turn of the 21st century in an interview between Saidiya Hartman and Frank B. Wilderson III as a meta theory that evinces a skepticism about the utility of the term Human to understand the positionality of blackness in an antiblack world. Blackness, for Afropessemists, becomes a technology by which the Human constitutes its Humanity as difference. This body of work generally understands the end of antiblackness as only possible with the destruction of “the world,” understood to be definitionally antiblack.

Starting with W.E.B. Du Bois’s “The Comet,” this course traces the relationships between African American literature, politics and sociality through the representation of blackness in relationship to technology. This course interrogates Dery’s description of Afro Futurism as both descriptive and ideological. Put another way, this class is attentive to the way that the future is signified in the contemporary world as well as the fact that, following Afropessimism’s analysis, that world, and thus this mode of signifying blackness, may itself be antiblack. As a result, this course juxtaposes traditionally, technologically, Afrofuturist works, with those such as Parable of the Sower, The Broken Earth Trilogy, and An Unkindness of Ghosts that depict Black futures at or after the apocalypse.

Students should expect to think and rethink the relationship between technology as a signifier of the future and those structures that continue antiblackness and colonialism. Additionally, students should also expect to gain a broad conceptualization of African American speculative fiction. Finally, students can expect to read texts of Black fiction that imagine futures in ways beyond the disasters of not only antiblackness, but of misogyny, heterosexism, ableism, and transphobia.","3","3","No","1","3","OPT - Student Option","-","Spring Even Year"
"ENGL","3505","Protest Literature and Community Action","Twin Cities","This course combines academic analysis and experiential learning to understand, in both theory and practice, different perspectives on the power of ""protest"" in civic life.  We will read a selection from the vast genre of progressive protest literature (pamphlets, poems, polemics, lists of demands, teaching philosophies, organizing principles, cultural histories, newsletter articles, movement chronicles, and excerpts from novels and biographies) from four key social-justice movements: the American Indian Movement, the Black Power movement, the post-Great Recession struggle for economic power, and the battle for immigrant rights. We'll also learn about this experientially as we roll up our sleeves and get involved in local community-based education initiatives and local social-justice organizations through our service-learning.  Students receive initial training from CLA Career Services, The Center for Community-Engaged Learning, the Minnesota Literacy Council, as well as orientations at community sites.","4","4","No","1","4","A-F - A-F Grade Basis","-","Every Fall"
"ENGL","3507W","Identity, Displacement, Resistance in Chicano Literature","Twin Cities","What is Chicano literature, and how is it similar or different from other American literatures? We will journey through the world of Chicano novels, short stories, creative non-fiction, drama, essay, poetry, graphic writings, and other hybrid forms of literature to understand the cultural, intellectual, sociopolitical traditions of the Mexican American in the United States.","3","3","No","1","3","OPT - Student Option","-","Every Fall & Spring"
"ENGL","3592W","Introduction to Black Women Writers in the United States","Twin Cities","From Harriet Jacobs’s depictions of her life in bondage in Incidents in the Life of a Slave Girl to Audre Lorde’s moving essays on feminism and social (in)justice to Beyonce’s visual album Lemonade, black women’s writing has much to tell us about the meaning of survival and the myriad ways that race, class, gender, and other modalities of difference intersect in the national imaginary. In this course, we will use black women’s various forms of writing about themselves—from memoirs, autobiographies, and essays to blogs, song lyrics, and documentary films—as the source material for contemplating the sociocultural conditions of black female life in the past and present.","3","3","No","1","3","A-F - A-F Grade Basis","-","Every Spring"
"ENGL","3597W","Introduction to African American Literature and Culture I","Twin Cities","African American oral tradition, slave narrative, autobiography, poetry, essay, fiction, oratory, and drama, from colonial era through Harlem Renaissance.","4","4","No","1","4","OPT - Student Option","-","Every Fall"
"ENGL","3598W","Introduction to African American Literature and Culture II","Twin Cities","African American oral tradition, autobiography, poetry, essay, fiction, oratory, drama. From after Harlem Renaissance to end of 20th century.","4","4","No","1","4","OPT - Student Option","-","Every Spring"
"ENGL","3741","Literacy and American Cultural Diversity","Twin Cities","Literacy and American Cultural Diversity combines academic study with experiential learning in order to collectively build more engaged, more complex understandings of literacy, educational institutions, counter-institutional literacy programs, the grassroots and nonprofit sectors, and the struggles of a multicultural civil society in a putative democracy.  We will ground our inquiry in government studies, as well as sociological, historical, and educational writings. Standard literature, such as a memoir, a selection of poems, some short fiction, and a novel will further open up our twin themes of literacy and multiculturalism – as will less “official” literature, such as manifestos and the transcribed stories of immigrants, refugees, and other marginalized communities.

We begin with the basic understanding of literacy as reading and writing, noting that, according to the National Survey of Adult Literacy, 46% of Americans scored in the lowest two levels of a five-tiered literacy test. What does this mean? Are such tests accurate or otherwise helpful?   What about your basic literacy? As you read this syllabus, you’re making use of basic abilities that you’ve likely been practicing most of your life through formal schooling, daily routines, recreational pursuits, and work-related duties. But there’s more. On another level, you bring knowledge to your reading (some conscious, some unconscious), and the ideological field supplies you with assumptions about the role of literacy in your development, the role of a university course in your plans for your personal and professional life, and your position in a society that constantly raises the standards of literacy, basing success on your ability to keep up. Thus the very word “literacy” calls into play many beliefs we have about our class system, our cultural life, economic and political structures, and educational institutions. Accordingly, our analysis will move beyond basic “reading and writing” to wider concepts of literacy in our society, investigating issues that have much to do with our role as public citizens involved in shaping our individual and collective future.  In tandem with our “classroom” work, our service-learning work in the community (see Your Practicum as Literacy Workers, below) will enable us to develop more “tangible” understandings of the ways that literacy, educational theories, practices, and the construction of knowledge and skills through educational policies provide a “map” of the shifting socioeconomic, cultural, and political terrains of the U.S., the institutional inequities that result from these arrangements, as well as the justice work needed to transform those inequities.","4","4","No","1","4","OPN - Student Option No Audit","-","Every Fall & Spring"
"ENGL","4232","American Drama by Writers of Color","Twin Cities","Selected works by African American, Latinx, Native American, and Asian American playwrights. How racial/ethnic differences are integral to shaping different visions of American drama. History of minority/ethnic theaters, politics of casting, mainstreaming of the minority playwright. ","3","3","No","1","3","AFV - A-F or Audit","-","Periodic Fall & Spring"
"ENGL","4311","Asian American Literature and Drama","Twin Cities","Literary/dramatic works by Asian American writers. Historical past of Asian America through perspective of writers such as Sui Sin Far and Carlos Bulosan. Contemporary artists such as Frank Chin, Maxine Hong Kingston, David Henry Hwang, and Han Ong. Political/historical background of Asian American artists, their aesthetic choices.","3","3","No","1","3","AFV - A-F or Audit","-","Fall Odd Year"
"EPSY","2601","Understanding Differences, Disabilities, and the Career of Special Education","Twin Cities","Impact of disabilities on individual/family. Support systems for persons with disabilities, approaches for advocacy. Employ reflective practices when considering concept of disability. This course has an imbedded school-based practicum.","4","4","No","1","4","A-F - A-F Grade Basis","-","Every Fall & Spring"
"EPSY","3132","Psychology of Multiculturalism in Education","Twin Cities","Course critically examines social and cultural diversity in the United States, confronting social issues of poverty, handicappism, homophobia, racism, sexism, victim-blaming, violence, and so on, and presenting models for change. Students examine how and why prejudices develop.","3","3","No","1","3","AFV - A-F or Audit","-","Every Spring"
"EPSY","3613","Foundations of Special Education I","Twin Cities","To review the foundations of special education, culminating in an understanding of the application of the IDEAL Problem Solving Model. The course will address concepts related to exceptionality; historical and legal foundations; problem solving and tools of inquiry; collaborative relationships with families, educational, and community professionals; support of students with disabilities in general education; characteristics of students with high and low incidence disabilities, and ethics. Teacher candidates will learn methods of formative assessment using curriculum-based measures (CBM) and practice analyzing data to make instructional decisions and inform early intervention for struggling students.","3","3","No","1","3","AFV - A-F or Audit","-","Every Fall & Spring"
"EPSY","5613","Foundations of Special Education I","Twin Cities","To review the foundations of special education, culminating in an understanding of the application of the IDEAL Problem Solving Model. The course will address concepts related to exceptionality; historical and legal foundations; problem solving and tools of inquiry; collaborative relationships with families, educational, and community professionals; support of students with disabilities in general education; characteristics of students with high and low incidence disabilities, and ethics. Teacher candidates will learn methods of formative assessment using curriculum-based measures (CBM) and practice analyzing data to make instructional decisions and inform early intervention for struggling students.","3","3","No","1","3","AFV - A-F or Audit","-","Every Fall & Spring"
"ESPM","3004","Environmental Justice in Natural Resource Management","Twin Cities","Environmental problems including air and water pollution and climate change have disproportionate impacts on different social classes and racial/ethnic groups. In this course, students will examine the social, political, and economic processes that result in these disparities. We will learn the theoretical foundation and history of the environmental justice movement and explore a series of national and global case studies. Students will:
(1) examine the theories and principles of environmental justice.
(2) critically analyze the underlying causes of environmental injustices and movements to address EJ issues.
(3) collaborate in teams on a case study analysis report and video. 
This course is designed to actively engage students in critical thinking, discussion, debate, and reflection. ","3","3","No","1","3","A-F - A-F Grade Basis","-","Every Fall & Spring"
"FSCN","4614W","Community Nutrition","Twin Cities","Nutrition risks associated with different age, sex, ethnic, and socioeconomic groups. Community needs assessment. Program planning and evaluation. Programs developed to address the needs and interests of people at different stages of the life cycle, ethnic or cultural backgrounds, and literacy levels.","3","3","No","1","3","A-F - A-F Grade Basis","009885","Every Spring"
"FSOS","1201","Human Development in Families: Lifespan","Twin Cities","This course introduces varied domains of human development across the lifespan (e.g., from conception to death), such as cognitive, emotional, social, physical, personality, and language. Development will be explored through historical, social, and cultural lenses and through the use of life course and human development theories. The impact of family dynamics on individual development will also be discussed. Throughout the course, customizable virtual simulations are used to immerse students in developmental concepts from the prenatal period to late adulthood. Students' choices within the simulations combine with environmental and genetic factors to shape the development of their virtual character. ","4","4","No","1","4","OPT - Student Option","-","Every Fall, Spring & Summer"
"FSOS","1211","An Interdisciplinary Look at the Family in Multicultural America","Twin Cities","This course is designed as an introduction to multicultural families using an ecological lens. The institution of the family is recognized globally as a basic unit of a society that produces, develops, socializes, and launches the next generation of its citizenry. This course will focus on families in contemporary America, a society that has grown increasingly diverse, and faces many complex challenges in today’s global environment. Using a human ecological lens allows us to examine families in their nested and interdependent environments--how individuals shape and are shaped by families, their human built environments, their socio-cultural environments, and their natural-physical environments. This is a service learning class.","4","4","No","1","4","AFV - A-F or Audit","-","Every Fall & Spring"
"FSOS","2106","Family Resources and Economic Justice: Building Wealth in Multicultural America","Twin Cities","This course offers an examination of family resource management and wealth-building, centering ways that dimensions of race, power, and systemic inequities affect economic resource access, acquisition, use, and accumulation in the United States (U.S.). Through critically examining historical and contemporary family realities related to economic resources, wealth, and inequality, learners will gain an understanding of complexities and systemic barriers that impact families from diverse social identities and backgrounds. By challenging traditional notions of resource management rooted in a Western, individualist, and capitalist framework, learners will apply human ecology, historical, and social justice lenses to develop critical consciousness that will enable them to interrogate ways that systemic inequities contribute to historical and contemporary socioeconomic disparities among U.S. families. By the end of the course, learners will be equipped to engage in informed discussions on the subject matter and formulate solutions that may address contemporary resource challenges that families face as they strive to meet their needs and achieve quality of life.","3","3","No","1","3","OPT - Student Option","-","Every Spring"
"FSOS","3102","Family Systems and Diversity","Twin Cities","This course examines family systems across the lifespan based on a variety of family theories, sociohistorical contexts (racism, oppression), socioeconomic conditions (social class), and diverse philosophies (culture). Specifically, it introduces students to diversity issues related to gender, class, ethnicity/race, sexual orientation, and culture, as well as emergent family forms (i.e., cohabitation, divorce, single parenthood, and remarriage) and healthy family functioning (couple communication, parent-child interaction, and coparenting) in the context of the latest research.  

prereq: soph or jr or sr or grad","3","3","No","1","3","OPT - Student Option","000972","Every Fall, Spring & Summer"
"FSOS","4108","Understanding and Working with Immigrants and Refugee Families","Twin Cities","This course introduces students to the pre-resettlement stage of immigration. Students will learn about various push factors (culture, war, violence, trauma, economic recession, and lack of opportunities) that motivate and/or force people to make the difficult emigration journey. Students will examine issues and challenges (i.e., health, mental health, gender roles, violence against women, parent-child relationships, and service underutilization) immigrants (legal and undocumented) and refugees face in the country of destination (i.e., United States), as well as learn to identify resources (i.e., employment, housing, cash assistance, interpretation services) to support immigrant and refugee adjustment. As part of the course discussions and assignments, students will also learn about intercultural interaction skills (facilitation, in-take assessment, trust building) and design and evaluate programs in non-profit organizational contexts, including putting a work plan together and developing a logit model to evaluate programs.","3","3","No","1","3","OPT - Student Option","-","Every Fall & Spring"
"GCC","3026","Stepping Into the Gap: How can you support diversity in STEM?","Twin Cities","The goal of this class is to empower students to alter the cognitive, social, and emotional factors that have led to the underrepresentation of many groups in STEM fields (Science, Technology, Engineering, and Mathematics). In addition to studying research on the psychology of learning and diversity, we will survey literature about scientific communication and learn about the impact of disparities in educational opportunities. We will also engage in discussions about the persistent problems related to equity and access in STEM education.

In October, November, and December, the class meets at a local middle school (easily accessible by public transportation). University students lead introductory science demos, stage a science fair so the middle school students have a chance to play judge, and then partner with the middle school students as they invent, execute, and present their own science fair projects.

During September, and on school holidays in October and November, the class will discuss theories and research that explains the crisis being experienced across America and in particular, in the Twin Cities. They will design evidence-based curriculum materials to address key issues and have hands-on experiences as peer mentor-teachers. Overall, this class will provide experiences that are likely to be transformative in relation to students' views of education, opportunity, and the power of their involvement.  

This class builds on a partnership between the University of Minnesota and a local middle school. The overarching goal is to support students from groups typically underrepresented in science as they participate in an advanced science learning opportunity: the science fair. Our engagement with the school science fair process should result in an experience that motivates future participation in STEM opportunities. 

This is a grand challenge curriculum course.","3","3","No","1","3","A-F - A-F Grade Basis","000959","Periodic Fall"
"GEOG","3371W","Cities, Citizens, and Communities","Twin Cities","Introduction to cities and suburbs as unique crossroads of cultural, social, and political processes. Competing/conflicting visions of city life, cultural diversity, and justice. Focuses on the American city. ","3","3","No","1","4","OPT - Student Option","-","Every Fall, Spring & Summer"
"GEOG","3377","Music in the City","Twin Cities","Why is music so central to the life of the city? Throughout the ages, throughout the world, music seems to have a special power to fill urban space with meaning. This is mostly why the music industry is always desperately trying to chase the new ways music is produced and consumed. Much about the rapid changes in the industry can be linked to changes taking place in the geography of cities and globalization. Through music, people feel connected to landscapes,  neighborhoods, buildings, and identities. Music gives value to places, so helps cement us/them divisions, a process easily seen (heard) in national anthems. This course tries to understand how the interplay exactly occurs between sounds, places, and differences through case studies from many genres. The course makes use of a large range of media and learning styles. Themes include the transnational circuits of reggae, the class backgrounds of punk, Motown and civil rights, psychedelic counterculture, underground electronic music, and the ambivalent identities of Minneapolis's very own Prince.","3","3","No","1","3","AFV - A-F or Audit","-","Every Spring"
"GEOG","3771","Latina/o/x Social Movements","Twin Cities","This course investigates Latina/o/x social movements as a critical response to historical and contemporary systemic inequities. We begin with the 1960s and 70s Chicano Movement and Puerto Rican Movement, specifically the Young Lords. Both movements set the foundation for racial/ethnic pride, a cultural renaissance, and transnational solidarity. The social movements from the 1960s were primarily about the redistribution of power to benefit marginalized communities, including communities of color. At the same time, these movements were heavily rooted in nationalist projects, which isolated some members of the community, particularly Xicanas, Puerto Rican women, undocumented people, and LGBTQ Latina/o/xs.  ","3","3","No","1","3","OPT - Student Option","-","Periodic Spring"
"GER","3661","African Americans in Germany","Twin Cities","How have African Americans understood their experiences with race outside of the United States? African Americans have been migrating and circulating the globe since the American Revolution, and it is only recently that scholars have considered the ways in which an abroad experience has been transformative for African Americans. In this seminar-style class, we will explore why and how African Americans have used their experiences in Germany to express a new understanding of their identity in the United States.","3","3","No","1","3","OPT - Student Option","-","Fall Odd Year"
"GLBT","1001","Introduction to GLBT Studies","Twin Cities","History of contemporary GLBT-identified communities. Terms of theoretical debates regarding sexual orientation, identity, and experience. Analyzes problems produced and insights gained by incorporating GLBT issues into specific academic, social, cultural, and political discourses.","3","3","No","1","3","OPT - Student Option","-","Every Fall"
"GLBT","3309","LGBTQ Literature: Then and Now","Twin Cities","LGBTQIA life in the US has changed significantly over the past few decades. By examining a selection of poetry, prose, and film, our class will try to answer the questions: ""How did we get to where we are today?"" and ""Where do we go next?"" We will look at classic works in their historical contexts to see what was revolutionary about their publication; we will trace how they paved the way for all that followed. We will look at very new works to understand the concerns of twenty-first century LGBTQIA writers and readers. From the ""lavender scare"" to the Stonewall Riots to the AIDS pandemic to marriage equality to genderqueer and trans movements, we will explore how LGBTQIA authors and filmmakers have both responded to and shaped the ethos of our times.","3","3","No","1","3","OPT - Student Option","-","Every Fall"
"GLBT","3456W","Sexuality and Culture","Twin Cities","Historical/critical study of forms of modern sexuality (heterosexuality, homosexuality, romance, erotic domination, lynching). How discourses constitute/regulate sexuality. Scientific/scholarly literature, religious documents, fiction, personal narratives, films, advertisements.","3","3","No","1","3","OPT - Student Option","-","Periodic Fall & Spring"
"GLBT","3502","Transgender Studies Now","Twin Cities","Transgender studies transforms ideas about gender, sexuality, identity, and biology. We look at how knowledge is made about transgender life across disciplines and media: film, fiction, and the internet, as well as medicine, history, anthropology, and gender studies. This course also asks how transgender social practices and community politics are embedded in dynamics of race, class, sexuality, nationality, and ability.","3","3","No","1","3","OPT - Student Option","-","Periodic Fall & Spring"
"GLBT","4101","Gender, Sexuality, and Politics in America","Twin Cities","Ways public and private life intersect through the issues of gender, sexuality, family, politics, and public life; ways in which racial, ethnic, and class divisions have been manifest in the political ideologies affecting private life.","3","3","No","1","3","OPT - Student Option","-","Every Fall"
"GLOS","4311","Power, Justice & the Environment","Twin Cities","This course introduces students to the theoretical and historical foundations of environmental racism and environmental inequality more broadly. We will examine and interrogate both the social scientific evidence concerning these phenomena and the efforts by community residents, activists, workers, and governments to combat it. We will consider the social forces that create environmental inequalities so that we may understand their causes, consequences, and the possibilities for achieving environmental justice

prereq: SOC 1001 recommended","3","3","No","1","3","AFV - A-F or Audit","-","Periodic Spring"
"GLOS","4461","Sociology of Ethnic and Racial Conflict","Twin Cities","""I can't breathe."" The last words of George Floyd. Words that traumatized a nation, and the world. While the death of George Floyd galvanized peoples worldwide to speak out against discrimination and inequality, well before his death studies suggested that ethnic and racial discrimination and conflict re-occur on an ongoing basis. From the events of the Holocaust - to the genocide against the Rohingya in Myanmar - to the torture of Uighurs in China - to the Atlantic slave trade - we explore how identities are formed - and thereafter - how those same identities are deployed - to exclude and marginalize - with targeted precision. Across the world, we examine how racial bias and racial animus contribute to slavery, torture, mass displacement, economic destitution, and genocide.
","3","3","No","1","3","AFV - A-F or Audit","-","Periodic Fall"
"GWSS","1002","Politics of Sex","Twin Cities","Introductory survey of historical, cultural, psychological, and sociopolitical dimensions of analyzing gender/sexuality. Norms/deviances pertaining to gender/sexuality as differently enacted/understood by social groups in different time-/place-specific locations.","3","3","No","1","3","OPT - Student Option","-","Every Spring"
"GWSS","1007","Introduction to GLBT Studies","Twin Cities","History of contemporary GLBT-identified communities. Terms of theoretical debates regarding sexual orientation, identity, experience. Analyzes problems produced/insights gained by incorporating GLBT issues into specific academic, social, cultural, political discourses.","3","3","No","1","3","OPT - Student Option","-","Every Fall"
"GWSS","3002V","Honors: Gender, Race and Class in the U.S.","Twin Cities","Comparative study of women, gender, race, class, sexuality in two or more ethnic cultures in U.S.

prereq: Honors","3","3","No","1","3","A-F - A-F Grade Basis","000571","Periodic Fall & Spring"
"GWSS","3002W","Gender, Race, and Class in the U.S.","Twin Cities","Comparative study of women, gender, race, class, sexuality in two or more ethnic cultures throughout U.S.","3","3","No","1","3","A-F - A-F Grade Basis","-","Every Fall & Spring"
"GWSS","3212","Chicana Feminism: La Chicana in Contemporary Society","Twin Cities","Scholarly/creative work of Chicanas or politically defined women of Mexican American community. Interdisciplinary. Historical context, cultural process, and autoethnography.
","3","3","No","1","3","OPT - Student Option","-","Every Fall & Spring"
"GWSS","3215","Bodies That Matter: Feminist Approaches to Disability Studies","Twin Cities","The COVID-19 pandemic has made questions of disability and ableism central and visible for all of us as never before. Dis/ability is not a physical or mental defect but a form of social meaning mapped to certain bodies in larger systems of power and privilege. Feminist approaches explore dis/ability as a vector of oppression intersecting and constituted through race, class, gender, sexuality, and citizenship. The course examines ideologies of ableism and the material realities of such oppression, and works toward imagining and constructing a more just and equitable society. As health care is differentially distributed or limited for people who are sickened by COVID-19, we see that systems of social and economic power determine the life chances of those who claim, or are claimed by disability. Meanwhile, people with disabilities have developed many daily life strategies that can be models for everyone coping with the pandemic.","3","3","No","1","3","OPT - Student Option","-","Periodic Spring"
"GWSS","3302","Women and the Arts","Twin Cities","Study of women in the arts, as represented and as participants (creators, audiences). Discussion of at least two different art forms and works from at least two different U.S. ethnic or cultural communities.","3","3","No","1","3","OPT - Student Option","-","Every Fall"
"GWSS","3303W","Writing Differences: Literature by U.S. Women of Color","Twin Cities","Interpret/analyze poetry, fiction, and drama of U.S. women minority writers. Relationship of writer's history, ethnicity, race, class, and gender to her writings.","3","3","No","1","3","OPT - Student Option","-","Fall Odd Year"
"GWSS","3306","Pop Culture Women","Twin Cities","Contemporary U.S. feminism as political/intellectual movement. Ways in which movement has been represented in popular culture.","3","3","No","1","3","OPT - Student Option","-","Every Fall & Spring"
"GWSS","3307","Feminist Film Studies","Twin Cities","Construction of different notions of gender in film, social uses of these portrayals. Lectures on film criticism, film viewings, class discussions.","3","3","No","1","3","OPT - Student Option","-","Every Fall"
"GWSS","3409W","Asian American Women's Cultural Production","Twin Cities","This course explores cultural texts produced by and about Asian American women and queers. It wrestles with the complexities of a historical moment in which Asian American women are both increasingly visible in pop culture and increasingly visible targets of violence. We will push beyond judgments of “positive” or “negative” representations of Asian Americans and instead explore the political dimensions of these cultural representations—that is, how they animate, reference, or repress longer histories of migration, war, labor, and empire. We will approach the categories of both “Asian American” and “women” less as static identities and more as shifting political coalitions that bring together diverse groups of people whose experience of gender, sexuality, race, and class deviates from the norm of white, heterosexual, and cisgender American citizenship. In tracking (and at times celebrating) these deviations, we will ask: how might film, TV, literature, art, and theory help illuminate Asian American feminist politics?","3","3","No","1","3","OPT - Student Option","-","Every Fall"
"GWSS","3415","Feminist Perspectives on Domestic Violence and Sexual Assault","Twin Cities","History of and contemporary thinking about public policies and legal remedies directed toward domestic violence and sexual assault. How notions of public/private spheres and social constructions of gender roles, agency, and bodies contribute to attitudes/responses.","3","3","No","1","3","A-F - A-F Grade Basis","-","Every Fall"
"GWSS","3502","Transgender Studies Now","Twin Cities","Transgender studies transforms ideas about gender, sexuality, identity, and biology. We look at knowledge is made about transgender life across disciplines and media: film, fiction, and the internet, as well as medicine, history, anthropology, and gender studies. Also asks how transgender social practices and community politics are embedded in dynamics of race, class, sexuality, nationality and ability.","3","3","No","1","3","OPT - Student Option","-","Periodic Fall & Spring"
"GWSS","3549","U.S. Women's Legal History","Twin Cities","Women's legal status, from colonial era through 20th century. Women's citizenship, civil rights. Marriage, divorce, and child custody. Reproductive/physical autonomy/integrity. Economic/educational equality.

prereq: Soph or jr or sr","3","3","No","1","3","AFV - A-F or Audit","000595","Fall Odd Year"
"GWSS","4303W","Writing Differences: Literature by U.S. Women of Color","Twin Cities","Interpret/analyze poetry, fiction, drama of U.S. women minority writers. Relationship of writer's history, ethnicity, race, class, gender to writings.","3","3","No","1","3","OPT - Student Option","-","Fall Odd Year"
"GWSS","4401","Chicana/Latina Cultural Studies","Twin Cities","Readings in Chicana/Latina cultural studies. TV, film, art, music, dance, theatre, literature. Identity/sexuality. Production of culture/theory. ","3","3","No","1","3","OPT - Student Option","-","Fall Even Year"
"HIST","1301W","Authority and Rebellion: American History to 1865","Twin Cities","Conflict/change, from colonial era through Civil War. colonization/resistance, slavery, nation-building, westward expansion, gender roles, religion, reform, race/ethnicity, immigration, industrialization, class relations. Students use primary sources, historical scholarship.

prereq: Fr or soph or non-hist major","4","4","No","1","4","OPT - Student Option","002059","Every Fall"
"HIST","1302W","Global America: U.S. History Since 1865","Twin Cities","U.S. history since Civil War, in global context. Emancipation. Forms of labor. Immigration. Citizenship. Conceptions of race/gender. Hot/cold wars. Reform/rights movements. Globalization. State power. Students use primary sources, historical scholarship.

prereq: Fr or soph or non-hist major","4","4","No","1","4","OPT - Student Option","002059","Every Spring"
"HIST","1811","The Sixties: History & Memory","Twin Cities","The Sixties was an incredibly dynamic decade in the United States and around the world. It was a decade of powerful social movements from the Civil Rights and Black, Brown, Yellow and Red Power movements to the countercultural, student/campus, anti-war, feminist, and environmental movements. It was also marked by the rise of a series of New Right movements from the rise of the Barry Goldwater to the election of Richard Nixon and the transformation of both the Democratic and Republican parties. Major immigration reform, transformations in the nation's educational and health care systems, along side new patterns of consumption and new forms of media were also products of the Sixties. From the Cold War to the Vietnam War, from anti-imperialism and anti-colonialism to third world revolutions, Americans transformed the world and the US was transformed by the world in the sixties.

Fifty years removed from the sixties, the idea of the sixties remains alive in the American imagination. It remains alive and in tension with the new movements, like Black Lives Matters, and in political thought, as, for example, in Donald Trump's repeated invocation of the ""silent majority."" 

Students will explore a wealth of primary sources and be introduced to the dynamic historiography of the 1960s. As a class, we will also consider how the sixties continues to serve as a powerful trope that organizes political and social thought in the 21st century.","3","3","No","1","3","OPT - Student Option","-","Every Fall"
"HIST","3349","U.S. Women's Legal History","Twin Cities","Women's legal status, from colonial era through 20th century. Women's citizenship, civil rights. Marriage, divorce, and child custody. Reproductive/physical autonomy/integrity. Economic/educational equality.

prereq: Soph or jr or sr","3","3","No","1","3","AFV - A-F or Audit","000959","Fall Odd Year"
"HIST","3444","Chicana and Chicano History I","Twin Cities","Experiences of people of Mexican descent in the United States. Important eras in histories of Mexico, the United States, and Mexican Americans. Central role of Chicana/os in U.S. history, culture, and politics. Topics include race, ethnicity, gender, sexuality, immigration, migration.","3","3","No","1","3","OPT - Student Option","-","Every Fall"
"HIST","3445","Abajo Con La Migra: Immigration and the Latino/a Experience","Twin Cities","As part of a longer tradition in Latino/a/x radical thought, this upper-division, interdisciplinary course explores the experiences of migrants from Latin America to the United States in the 20th and 21st centuries, and its roots in colonialism from previous centuries. It will consider the transnational context in which migrants cross borders by investigating not only their reception in the United States, but the complex processes occurring within their homelands as well. The class will also explore migrant engagements with U.S. society, pre-existing Latino/a/x and other ethnic communities, and experiences within the political, economic, and social aspects of life at the local and global level. At central issue will be the role of U.S. foreign policy in Latin America that contributes to the context in which people migrate, development of border patrolling as a key part of U.S. immigration policy, the cultural and social innovations created out of the process of diaspora, the relationship among different Latina/o/x groups and the emergence of “Latinidad” in the U.S., and the historical and on-going struggle for immigrant rights.","3","3","No","1","3","OPT - Student Option","-","Every Fall"
"HIST","3446","Chicana and Chicano History II: WWII, El Movimiento, and the New Millennium","Twin Cities","Experiences of people of Mexican descent in the U.S. Notions of citizenship from WWII. Chicano civil rights movement. Impact of immigration patterns/legislation. Cultural wars, changing demographics. Social, economic, and political changes that influenced day-to-day life of Mexican Americans. Meaning of racialized ""Mexican"" identity. How different groups of Mexicans have understood their relationships to other Americans and other Latino groups.","3","3","No","1","3","OPT - Student Option","-","Every Spring"
"HIST","3518","Jewish Humor: Seriously Funny from Text to Stage to Screen","Twin Cities"," In the U.S. the comic world has been so dominated by Jewish writers and performers that the ""People of the Book"" have come to be known as the ""People of the Joke."" A 2013 Pew Research poll showed that for American Jews, a sense of humor is essential to their Jewish identity, more important than ritual or the observance of traditional religious commandments. While surveying a broad range of humor in print, on stage, and in films along with classical Jewish texts including the Torah and Talmud, students will learn about the historical and cultural contexts that make such humor not only possible, but existentially necessary, a serious business indeed. And we'll accomplish all this while laughing hysterically. 
No prior knowledge of Jewish history and culture is required or assumed.","3","3","No","1","3","OPT - Student Option","-","Every Spring"
"HIST","3813W","Slavery and the Making of America","Twin Cities","This course examines American racial slavery and its centrality to U.S. history. The course teaches students to consider the experiences of enslaved people, observe how the institution of slavery operated, and understand its far-reaching influence across social, political, cultural, economic, legal, environmental, and intellectual domains.","3","3","No","1","3","OPT - Student Option","-","Periodic Fall & Spring"
"HIST","3852","U.S. Labor and Working-Class History","Twin Cities","This course examines the history of labor and working-class people in the United States from the colonial era to the present. We will discuss the various forms of forced labor that were essential to European colonization in the Americas, and the impact they had on social and political development of the United States. We also examine differences and similarities among agricultural and manufacturing employment, and how they changed over the course of the 18th, 19th, and 20th centuries. Finally, we examine struggles over the control, conditions, and rewards of employment, as they were shaped by struggles over slavery and the rise of industry in the late 19th century, debates over immigration and the welfare state in the early 20th century, and the shift from an industrial to a service-based economy in the past half-century. Central to our study will be the experiences of working people, and how they differ by gender, race, nationality, and sector. Students will be asked to analyze how and why those differences changed over time, and how they shaped the nation in which we now live.","3","3","No","1","3","OPT - Student Option","-","Periodic Fall"
"HIST","3854","Race and Sport","Twin Cities","This class examines how race, gender, and sport intersect as sites of resistance and reform in twentieth century American life. With the intensification of Jim Crow coinciding with the professionalization and commercialization of sports, athletes of color became central to American debates about science, citizenship, class, ethnicity, sexuality, social mobility, belonging, culture, and entitlement. This seminar will be particularly interested in how athletes of color forced a place for themselves in sports like baseball, boxing, football, golf, and basketball by exercising different models of political protest, citing an urgent need for social justice reforms that spread beyond the realm of sport.","3","3","No","1","3","A-F - A-F Grade Basis","-","Periodic Fall"
"HIST","3857","Race: The History of An Idea in North America","Twin Cities","This seminar explores the roots and rationales presented when constructing and upholding the idea of race. This class examines processes of racial formation in science, law, history, immigration policy, education, leisure, adoption, marriage, and medicine. We will look at how race has been used to pathologize, eroticize, criminalize, vilify, and medicalize purported ‘problem people,’ like immigrants, the poor, and the sick. Using memoirs, legal cases, history of medicine, laws, photographs, oral histories, and secondary source readings, this class traces the history of America’s fascination with race and how race came to define so many aspects of American life during the twentieth century.","3","3","No","1","3","A-F - A-F Grade Basis","-","Periodic Fall"
"HIST","3858","Policing, Surveillance, and Social Movements in 20th Century U.S.","Twin Cities","This course explores how policing and surveillance changed, evolved, and adapted throughout the twentieth century in the United States. We will trace the trajectory of police power & legitimacy as well as examine how the institution of policing responded to ongoing racial justice movements. ","3","3","No","1","3","A-F - A-F Grade Basis","-","Periodic Fall & Spring"
"HIST","3859","African Americans in Germany","Twin Cities","How have African Americans understood their experiences with race outside of the United States? African Americans have been migrating and circulating the globe since the American Revolution, and it is only recently that scholars have considered the ways in which an abroad experience has been transformative for African Americans. In this seminar-style class, we will explore why and how African Americans have used their experiences in Germany to express a new understanding of their identity in the United States.","3","3","No","1","3","OPT - Student Option","-","Fall Odd Year"
"HIST","3862","American Immigration History","Twin Cities","The United States has frequently been called a “nation of immigrants,” yet despite this celebratory view of the U.S.’s immigrant origins, present-day immigration often provokes fear, anxiety, and resistance. Indeed, immigrants have rarely been truly welcomed in any historical era. This course will examine the history of immigration to, and migration within, the United States from the colonial era to the present, including forced migrations, such as the African slave trade.

We will consider the full range of the migration experience, including what compelled or inspired people to leave their homelands, the means of their migration, and how they settled in their new homes. In addition, we will look at the cultural transformations precipitated by immigration including the creation of ethnic identities, assimilation, and transculturation. Various forms of nativist sentiment and practice will be addressed, as well as migrant and ethnic resistance to nativism, racism, and exploitation.","3","3","No","1","3","OPT - Student Option","-","Periodic Fall & Spring"
"HIST","3869","Urban American History: Race and Ethnicity in U.S. Cities","Twin Cities","This course investigates urban history in the United States with a focus on the 20th century and on the role of race and ethnicity in shaping urban America. Using an array of scholarly texts, media, and primary source documents, we will trace the social, economic, and cultural history of U.S. cities and the growth of their suburbs. Topics will include: the formation of early-twentieth century immigrant/ethnic communities and the advent of neighborhood segregation; the Great Migrations of African Americans to the urban North and West; white flight, suburbanization, and urban economic decline after WWII; urban “crisis” and radical anti-racism in the 1960s and 70s; and gentrification, mass incarceration, and the rise of “Global Cities” toward the end of the century.","3","3","No","1","3","OPT - Student Option","-","Fall Odd Year"
"HIST","3871","American Indian History: Pre-Contact to 1830","Twin Cities","Introduction to American Indian history from ancient native America to the removal era. Focuses on the social, cultural, political, and economic diversity of Native American peoples and Native American experiences with European colonialism.","3","3","No","1","3","OPT - Student Option","-","Every Fall & Spring"
"HIST","3872","American Indian History: 1830 to the Present","Twin Cities","Focus on the impact of federal Indian policy on American Indian cultures and societies, and on American Indian culture change.","3","3","No","1","3","OPT - Student Option","-","Every Fall & Spring"
"HIST","3875W","Comparative Race and Ethnicity in US History","Twin Cities","This writing-intensive course examines the racial history of modern America to learn from and engage with what historians enmeshed in ethnic studies do. These historians examine the systematic and coordinated exercises of power called race in the American past and make legible how racially aggrieved groups responded to this shaping power. Thus, throughout, we ask, ""What did racial subjects do with what was done to them by the American system forged out of settler colonialism, slavery, racism, and other forms of injustice, exclusion, and violence?"" This question issues an intellectual challenge to do all that needs to be done to capture community life, the politics of difference, and the dynamism of social identities in all their richness, fullness, and complexity. In other words, we study and write about the racial history of modern America, including its ugly past and arc of justice, to consider what it would take to transcend this racial past.","3","3","No","1","4","AFV - A-F or Audit","-","Periodic Fall & Spring"
"HIST","3877","Asian American History, 1850-Present","Twin Cities","Asian American history and contemporary issues, from 1850 to the present. Immigration, labor, anti-Asian movements, women/families, impact of World War Two, new immigrant/refugee communities, civil rights, Asian American identity/culture.","3","3","No","1","3","OPT - Student Option","-","Every Fall & Spring"
"HMED","3055","Women, Health, and History","Twin Cities","Women's historical roles as healers, patients, research subjects, health activists. Biological determinism, reproduction, mental health, nursing, women physicians, public health reformers, alternative practitioners. Gender disparities in diagnosis, treatment, research, careers. Assignments allow students to explore individual interests.","3","3","No","1","3","A-F - A-F Grade Basis","-","Periodic Fall & Spring"
"HSCI","3332","Science in the Shaping of America","Twin Cities","Science played a central role in taking scattered imperial colonies in North America to world power in just four centuries. This course investigates people, policies, and knowledge-making in a culture whose diversity was a critical part of its expanding capacities. It begins by examining the differences in ways of knowing as well as shared knowledge between Native Americans and Europeans and concludes by discussing how a powerful nation's science and technology shaped international relations. Class, race, ethnicity, and gender provided for a range of perspectives that contributed to science alongside social and economic developments. Online assignments, films and images, along with primary and secondary source readings provide the basis for class discussion.","3","3","No","1","3","OPT - Student Option","-","Periodic Spring"
"HSCI","4455","Women, Gender, and Science","Twin Cities","Three intersecting themes analyzed from 1700s to the present: women in science, sexual and gendered concepts in modern sciences, and impact of science on conceptions of sexuality and gender in society.","3","3","No","1","3","OPT - Student Option","-","Every Fall & Spring"
"HSEM","2802H","Cinematic Representations of American Law","Twin Cities","Representations of American law in 20th century American films offer unique perspectives that help us understand the larger context in which the legal system operates--and offer a visual supplement to traditional ways--case law and statutory interpretation of reading the law. 
This course will discuss how cinematic interpretations of American law have been perceived and accepted inside and outside Hollywood, inside and outside the legal community, and inside and outside the United States. The course will begin by teaching and discussing some fundamentals of American law, using legal films to illustrate the doctrinal concepts and processes involved in civil procedure, criminal law and procedure, jury trials, evidence, contracts, torts, constitutional law, the First Amendment, legal ethics, professional responsibility, etc. 
Using clips from of cinematic masterpieces, we will visualize and discuss sophisticated legal concepts. This interdisciplinary approach-teaching law through film-- will engage students visually, to help them better understand and discuss legal concepts. It will also help students appreciate the broader humanities and arts context in which legal discourse evolves, especially in a today's global era. 
Course readings will include statutes, legal cases, historical documents, novels, and commentaries. Viewings will include classic legal films.","3","3","No","1","3","A-F - A-F Grade Basis","000571","Periodic Spring"
"HSEM","3231H","It's Giving...: Queer and Feminist Approaches to Hip Hop","Twin Cities","This course examines our current moment in hip hop wherein there are a number of high-profile women and LGBTQ+ rappers, and it also provides insight into the long history of queer and feminist practitioners in—as well as queer and feminist analyses of—hip hop. We will learn about and analyze hip hop music, music videos, films, novels, dance, art, and other related Black cultural performances in order to examine and highlight what’s politically at stake when we approach hip hop through queer and feminist lenses. The goal is to: 1) Explore the people who, and practices and moments that, made/make our current era of hip hop possible and 2) Speak to how the racialized political foundation and ongoing import of hip hop will always be tied to queer and feminist politics and visions.","3","3","No","1","3","A-F - A-F Grade Basis","000571","Periodic Fall & Spring"
"HSEM","3718H","Women's Reproduction: History, Policy, and the Health Care System","Twin Cities","Understanding women's reproductive health requires consideration of the intersections of gender, race, class, culture, geography, economic status, and nation within a historical and sociopolitical context. This course will build upon our current understanding of major conditions affecting the reproductive health of women, e.g. pregnancy, parenting, reproductive control, and menopause by raising challenges from a feminist perspective and encouraging expanded models that address the complexity of women's reproductive health in today's society.","3","3","No","1","3","A-F - A-F Grade Basis","000571","Periodic Spring"
"JOUR","3741","Diversity and Media","Twin Cities","How are our perceptions of crime been influenced by the news? How do social movements use media to share their messages? What can we as audiences do? Social media, news, and entertainment media help shape our ideas about identity and differences. Learn how representation and inclusion have been negotiated through media with a particular focus on local case studies. Topics include race, ethnicity, social class, physical ability, and gender. Students will learn how to use media literacy to build a just and equitable society.","3","3","No","1","3","OPT - Student Option","-","Every Fall"
"JOUR","3745","Media and Popular Culture","Twin Cities","Popular culture is everywhere. Social media, film, music, video games, television, websites, and news bring popular culture into our daily lives. In this class, we will examine popular culture in modern and historical contexts through various mass communication, sociological, and cultural theories. Is popular culture of the people? or dictated by corporate interests? What social and commercial pressures result in stereotypes, misrepresentation and exclusion in popular culture? Does popular culture mirror or shape social reality? This course will provide you with the tools to become active and thoughtful consumers of media and popular culture.","3","3","No","1","3","OPT - Student Option","-","Every Fall, Spring & Summer"
"JOUR","4721","Mass Media and U.S. Society","Twin Cities","Are the news media doing a good job? How can you tell? Does it matter? Is The Daily Show the best news program on television? Why or why not? Most people seem to have an opinion about all of these questions. Most discussions seem to center on one of four themes: 1) who owns the media and what they care about; 2) whether the news media are becoming more or less credible and/or biased; 3) whether entertainment is replacing or enhancing information in news programming; and 4) how much, if at all, is the Internet changing everything about the way the media work, including who we think of as a journalist. Mass Media and U.S. Society explores the validity and importance of these themes in terms of what roles can the media play in society, what roles does it play, and how have those roles have changed over time. The course draws on ideas from various social sciences to develop tools for discussing a number of specific issues related to these themes. ","3","3","No","1","3","OPT - Student Option","-","Every Spring"
"JOUR","4721H","Mass Media and U.S. Society","Twin Cities","Are the news media doing a good job? How can you tell? Does it matter? Is The Daily Show the best news program on television? Why or why not? Most people seem to have an opinion about all of these questions. Most discussions seem to center on one of four themes: 1) who owns the media and what they care about; 2) whether the news media are becoming more or less credible and/or biased; 3) whether entertainment is replacing or enhancing information in news programming; and 4) how much, if at all, is the Internet changing everything about the way the media work, including who we think of as a journalist. Mass Media and U.S. Society explores the validity and importance of these themes in terms of what roles can the media play in society, what roles does it play, and how have those roles have changed over time. The course draws on ideas from various social sciences to develop tools for discussing a number of specific issues related to these themes. 

prereq: honors","3","3","No","1","3","A-F - A-F Grade Basis","000571","Every Spring"
"JWST","3518","Jewish Humor: Seriously Funny from Text to Stage to Screen","Twin Cities","In the U.S. the comic world has been so dominated by Jewish writers and performers that the ""People of the Book"" have come to be known as the ""People of the Joke."" A 2013 Pew Research poll showed that for American Jews, a sense of humor is essential to their Jewish identity, more important than ritual or the observance of traditional religious commandments. While surveying a broad range of humor in print, on stage, and in films along with classical Jewish texts including the Torah and Talmud, students will learn about the historical and cultural contexts that make such humor not only possible, but existentially necessary, a serious business indeed. And we'll accomplish all this while laughing hysterically. 
No prior knowledge of Jewish history and culture is required or assumed.","3","3","No","1","3","OPT - Student Option","-","Every Spring"
"LA","1201","Learning from the Landscape","Twin Cities","This course is about the ordinary landscape: the objects, spaces, sites, and stories that are the stage for our everyday lives. 
But the landscape is not just a neutral stage. The landscape influences our lives and we construct and shape the landscape. 
This course examines the landscape through lenses of race, equity, justice, and climate change, taking an environmental justice framing in our investigations. 

","3","3","No","1","3","AFV - A-F or Audit","-","Every Fall & Spring"
"LA","1601","Design and Equity","Twin Cities","Investigate world from new perspectives. Spaces of everyday life that reflect/shape values. Meets with LA 3601.","3","3","No","1","3","AFV - A-F or Audit","-","Every Spring"
"LA","3601","Design and Equity","Twin Cities","Investigate world from new perspectives. Spaces of everyday life that reflect/shape values. Meets with LA 1601.","3","3","No","1","3","AFV - A-F or Audit","-","Every Spring"
"LING","1701","Language and Society","Twin Cities","Role of language in human social interaction; linguistic indicators of social status and attitudes; language and sex roles; linguistic ecology; language planning for multilingual communities; implications for education and public policy.","4","4","No","1","4","OPT - Student Option","-","Every Fall & Spring"
"MUS","1013","Rock I: The Historical Origins and Development of Rock Music to 1970","Twin Cities","Musical, cultural, historical, social, and political evolution of rock music, from its traceable antecedents in mid-19th century America through the early 1970s. Emphazes manner in which African, European, and other ethnic traditions combined in a uniquely American manner.","3","3","No","1","3","AFV - A-F or Audit","-","Every Fall & Summer"
"MUS","1014","Rock II: Rock Music from 1970 to the Present","Twin Cities","Musical, cultural, and historical evolution of rock music and related pop forms. Progressive rock, punk, disco, new wave, MTV, heavy metal, hip-hop, grunge, turntable-based styles, women in rock.","3","3","No","1","3","OPT - Student Option","-","Every Spring"
"MUS","3213","From Selena to Bad Bunny: Power and Resistance in Music","Twin Cities","This course explores Chicana/o/x and Latina/o/x music and offers a comprehensive overview of various genres, artists, and traditions. Music, as a mode that both creates and reflects culture, provides key insight into political and social systems. Whether we are studying early border ballads by Chelo Silva who challenged gender norms or learning about Bad Bunny’s commitment to revitalizing Puerto Rico’s electrical grid after Hurricane Maria, we will focus on how the musical production impacts broader society. Readings from scholars in Chicana/o/x and Latina/o/x Studies will ground our analysis of music through an intersectional lens. We will unpack the race, class, and gender dynamics that are evident in a particular musical production. Moreover, we will analyze the artist’s positionality (identities in a particular context) to discuss issues of power and resistance. 

The course units are organized in a flexible chronology and by genre. The material ranges from traditional musical styles such as the corrido and bolero to contemporary genres like punk and hip hop. To fully immerse ourselves in Chicana/o/x and Latina/o/x music, there are both reading assignments and listening assignments for each class session. When possible, there are also visuals (music videos) that will provide an additional layer for us to analyze. Throughout the semester, you will write about individual songs, albums, music videos, and artists by applying course concepts and theories to the work. The final project will culminate in a podcast where you record alone or in a group an episode on a particular musician, album, genre, or musical moment. ","3","3","No","1","3","AFV - A-F or Audit","-","Every Fall & Spring"
"MUS","3301","The Music of Black Americans","Twin Cities","This course examines the variety of ways African and African Americans express social history through music. It will consider the union of African elements and European elements that combined to present a new syncretized African-American product. To do this it is imperative that we explore the diversity of musical ""voices"" found within the African American culture. This diversity can be seen in the struggles to retain African cultural effects and the desire to be eclectic, creative, and contemporary. Such an approach to the study of the place of Black music in American music corresponds with the criteria of Diversity and Social Justice in the United States Liberal Education. The ""multi-layered operation of power, prestige, and privilege"" can be understood through an examination of the music of African Americans, which represents both a Free African voice and an enslaved African voice; the western-trained Black performer/composer and the self-taught performer/composer. It also represents the habits of well-to-do African Americans and the poor African Americans. Students will examine the complexities of the history of African Americans and how this is played out in the development of musical styles and genres. From this, students will then begin to understand how this unique diversity within a community affects those outside of those communities. Such an approach to the study of the place of Black music in American music corresponds with the criteria of Diversity and Social Justice in the United States Liberal Education.

 We will follow elements found in West African culture and music such as ""call and response"" and the ""2nd Line"" as they travel to the ""New World"" and expressed through Spirituals, Symphonies, Gospel Music, Jazz, Rock and Roll, Step Bands and more. Through lectures, readings, discussion, audiovisual examples, and homework assignments student can expect to gain a deeper understanding of the ways music both reflects and influences the social history of all Americans.","3","3","No","1","3","A-F - A-F Grade Basis","-","Every Fall, Spring & Summer"
"PHIL","1006W","Philosophy and Cultural Diversity","Twin Cities","Central problems/methods of philosophy through culturally diverse texts. Focus is critical/comparative, reflecting range of U.S. philosophical traditions.","4","4","No","1","4","OPT - Student Option","-","Every Fall & Spring"
"PHIL","1026W","Philosophy and Cultural Diversity","Twin Cities","Central problems/methods of philosophy through culturally diverse texts. Focus is critical/comparative, reflecting a range of U.S. philosophical traditions.","3","3","No","1","3","OPT - Student Option","-","Every Summer"
"POL","3282","Black Political Thought: Conceptions of Freedom","Twin Cities","On January 21, 1964, Ella Baker, one of the most important Black leaders of the Civil Rights Movement stood in front of a large crowd in Hattiesburg, Mississippi and said: ""Even if segregation is gone, we will still need to be free; we will still have to see that everyone has a job. Even if we can all vote, but if people are still hungry, we will not be free. Remember, we are not fighting for the freedom of the Negro alone, but for the freedom of the human spirit, a larger freedom that encompasses all mankind.""

With these words, Baker held before the crowd a political vision that went beyond the immediate goals of social struggle and defined one of the central impulses of Black political thought: to articulate a large and expansive conception of freedom. In this course, our main objective is to enter an intellectual terrain of rich and vibrant debates between African American political thinkers over the meaning of Black freedom.

We will explore questions about 1) the geographical reach of their visions of freedom 2) their strategies for agitating for and achieving freedom 3) their different understandings of the nature of domination and how this informs their conception of freedom and 4) their emphasis on political affect in the struggle for freedom.

Our orientation will be historical and theoretical. To this end, we reconstruct theoretical debates from four important periods of African American history. 1) pre-Civil War debates about the abolition of slavery (1830-1860) 2) Turn of the century debates about racial progress (1880-1910) 3) Civil rights era debates about integration and separatism (1950-1970) and 4) contemporary debates about law enforcement, police killings, mass incarceration, and political disenfranchisement (1990-present).","3","3","No","1","3","OPT - Student Option","-","Periodic Fall & Spring"
"POL","3319","Education and the American Dream","Twin Cities","What role does education play in American democracy? What role should it play? Does American education, particularly public education, live up to its citizens' hopes and expectations? And, perhaps most importantly, what do we mean by a ""good education""? This is a question with deep historical roots in this country, one that is the subject of current policy debates and one that cannot be separated from questions of discrimination and inequality. The over-arching theme of the course is to wrestle with what it means to be an educated citizen in the context of historical struggles to achieve that vision in the face of multiple and inter-related inequalities and competing visions about how to make the American dream a reality in the field of public education. No one political perspective will be offered or favored. No magic powder will be revealed on the last day of the course. The fact is that the underlying issues are really complicated, often seemingly intractable, and very, very political. This course is intended as introduction to education politics and policy in the United States. It will focus on K-12 education, especially in the public system. It is designed for any student who might have an interest in exploring education, public policy, or American government. Topics will include equality of educational opportunity, educating democratic citizens, school finance, the role of political institutions in making educational policy, and efforts to reform and remake American education, including charter schools, private school vouchers, and standardized testing. By the end of the course, students should have a basic understanding of the provision of public education in the United States, including the ways in which education is governed and the institutions involved in that governance. Students should be able to critically reflect on the degree to which American education fulfills the sometimes-competing goals Americans have for their schools. This course fulfills the Social Sciences Core of the University liberal education requirements. In this course students will act as policy analysts, with all of the complexity that such a task entails in the field of American public education. This course also fulfills the Diversity and Social Justice in the United States theme of the University liberal education requirements.","3","3","No","1","3","AFV - A-F or Audit","-","Every Fall"
"POL","3362","Politics of Race, Class, and US Social Policy","Twin Cities","This course examines the causes and effects of the vast social and economic inequalities that exist between blacks and whites in US society. Specifically, the course examines the complex role that federal, state, and local government plays in creating as well as addressing high rates of poverty, unemployment, violent crime, residential segregation, and under performing schools found in African American communities. Students will examine critically whether class-based policies such as Social Security, Medicaid, and unemployment insurance are more effective than race-based affirmative action policies in reducing the racial disparities between blacks and whites. Further, in discussions, the course will emphasize general concepts that recur in the readings and in other classes. Students will master the key concepts in race and ethnic studies necessary to conduct original research and policy analysis.","3","3","No","1","3","OPT - Student Option","-","Every Fall"
"POL","3464","The Politics of Economic Inequality","Twin Cities","Distributional issues are at the core of the study of politics. This is because while democracy is premised on formal political equality, if wealth and property can shape political power then equal rights do not mean equal influence. This class meets the UMN ""Race, Power, and Justice in the US"" Liberal Education theme by engaging the question of the tension between democracy and economic inequality. What policies increase or decrease inequality? What are the political consequences of rising inequality - in general and particularly for ethnic and racial minorities? The course focuses on the USA but puts American politics in global perspective. To do so, the course explores how dominant socio-economic groups in the US have historically shaped political institutions and attitudes to generate, perpetuate, and defend inequality. We will also explore the extent to which and why white and non-white citizens have bought into the concept of the ""American Dream,"" undermining efforts to redress social injustice.","3","3","No","1","3","OPT - Student Option","-","Every Fall & Spring"
"POL","3701","Indigenous Tribal Governments and Politics","Twin Cities","History, development, structure, politics of American Indian Governments.  North American indigenous societies from pre-colonial times to present.  Evolution of aboriginal governments confronted/affected by colonizing forces of European/Euro-American states. Bearing of dual citizenship on nature/powers of tribal governments in relation to states and federal government.","3","3","No","1","3","AFV - A-F or Audit","-","Fall Even Year"
"POL","3733","From Suffragettes to Senators: Gender, Politics & Policy in the U.S.","Twin Cities","Overview to field of gender/politics. Examine role women play in U.S. policy process. How public policies are ""gendered."" How policies compare to feminist thinking about related issue area. Theories of role(s) gender plays in various aspects of politics.","3","3","No","1","3","AFV - A-F or Audit","-","Every Spring"
"POL","3752","Radicals, Moderates, and Vendidos: Chicano/a Politics","Twin Cities","This course will explore the theory and practice of Chicano/a political activities in the U.S. through social science methods of inquiry. The formal political system will be analyzed in relationship to the experience of Mexican and broader U.S. Latino/a origin community members, as will other forms of political engagement. These activities include voting, the actions of elected officials, legislation, campaigning, public policies, activism, and social movements. Analysis of Chicano/a political activity and its relationship to U.S. Latino/a civic action will be grounded in an experience of unequal power relations, racial and ethnic institutional exclusion, economic exploitation, and the attempt to achieve social justice.","3","3","No","1","3","OPT - Student Option","-","Every Fall & Spring"
"POL","4275","Domination, Exclusion, and Justice: Contemporary Political Thought","Twin Cities","Contemporary Political Theory systematically analyzes the meaning and significance of concepts central to current politics: domination, exclusion, and justice. Starting from basic concerns about the nature of politics, humans, power and justice, this course will explore how these basic starting assumptions organize the norms, practices, and institutions of political and social order. To explore these topics, the field turns to key texts, as well as to political and social events and other media (film, historical documents, etc.). Through this course, students will also be introduced to different interpretive approaches, ranging from democratic theory, feminist, queer and critical race theories, as well as ethics and moral philosophy. Organized around the politics of the twentieth and twenty-first centuries, the course will pursue a range of questions about democratic legitimation, the exclusion of historically marginalized communities, systematic inequalities of different kinds, as well as ideals of democracy and justice. It will range from theoretical inquiry to practical questions of implementing different political projects. Through this course, students will develop skills in critical thinking, careful reading and clear writing, as well as recognizing and constructing arguments. These skills are basic for the critical, lifelong role that all of us play as members of political community.

prereq: 1201 recommended","3","3","No","1","3","OPT - Student Option","-","Periodic Fall & Spring"
"POL","4335","African American Politics","Twin Cities","This course examines the historical and contemporary efforts by African Americans to gain full inclusion as citizens in the US political system. Specifically, the course explores advocacy efforts by civil rights organizations and political parties to obtain and enforce civil and political rights for blacks. An examination of these efforts begins in the Reconstruction Era and concludes with the historic election of the nation's first African American president. The course will cover topics such as the politics of the civil rights movement, black presidential bids and racialized voting in federal and state elections. Finally, the course examines how political parties and organized interests used the Voting Rights Act to increase the number of minorities in Congress. The course focuses on whether the growing number of minorities in Congress increases citizens' trust in government and their involvement in voting and participation in political organizations.","3","3","No","1","3","OPT - Student Option","-","Periodic Fall & Spring"
"POL","4771","Race and Politics in America: Making Sense of Racial Attitudes in the United States","Twin Cities","Race continues to be one of the defining fault lines in American politics. Most obviously, the existence of racial inequality has enormous consequences for any given individual's social and economic standing. However, it also has had an enormous impact on the pattern of attitudes and beliefs which have served as the backdrop for many of society's most pressing political debates and conflicts. 

The purpose of this course is to provide students with an introduction to how political scientists have studied racial attitudes and the larger problem of inter-ethnic conflict in American society. We will begin with a look at the historical circumstances which have given rise to the major research questions in the area. From there, we'll look at the major research perspectives in the area, and see how well they actually explain public opinion on matters of race. In doing so, we'll also get a look at some of the major controversies in this area of study, particularly the issues of whether the ""old-fashioned racism"" of the pre-civil-rights era has been replaced by new forms of racism; and the degree to which debates over policy matters with no apparent link to race - such as crime and social welfare - may actually have a lot to do with racial attitudes. Finally, we will conclude by taking an informed look at racial attitudes in recent American history, focusing on how racial attitudes and their political consequences of have changed - and not changed - over the course of the Obama presidency and the tumultuous 2016 election.","3","3","No","1","3","OPT - Student Option","-","Periodic Fall"
"POL","4773W","Advocacy Organizations, Social Movements, and the Politics of Identity","Twin Cities","This course introduces students to the major theoretical concepts and empirical findings in the study of U.S interest group politics. Students will read books and articles from a wide range of topics that include how interest groups are formed and maintained; various strategies and tactics that groups use to influence Congress, the courts, and executive branch; and whether those strategies result in fair and effective representation for all citizens in society. Throughout the semester students will be exposed to research using a variety of methodologies and intellectual approaches. Further, the class discussions will emphasize general concepts that reoccur in the readings and in other classes. The goal is to assist students in mastering the key concepts in group politics. This is also a writing intensive course. Effective writing is encouraged through several writing assignments that require you to think clearly and express your thoughts concisely.","3","3","No","1","3","OPT - Student Option","-","Every Fall & Spring"
"RELS","1911","Islam in America: A History of the Present","Twin Cities","From the “Age of Discovery,” the transatlantic slave trade, and early American debates on religious freedom, to Black power movements, the War on Terror, and the “Muslim ban,” Islam has long played an instrumental role in shaping the American landscape. In this freshman seminar, students will examine the long history and contemporary formation of Islam as a religious, racial, and political discourse in America. Together, we will approach this history in the plural, as histories of Islam in America, paying particular attention to the different local and global historical processes that led to the enslaved and voluntary migrations and conversions of a range of racially, ethnically, and class variegated Muslim communities.

We will collectively consider the implications of the history of Islam in shaping legal and political discourses of race, religion, and ethnicity in the United States. Importantly, we will ask why Islam and Muslim communities have often featured as a source of anxiety in this history, construed as a challenge and a “problem” for American society historically and today. Against what narrative of history, and what conception of Americanness, do Islam and Muslim identity emerge as a problem in need of redress? 

This course is taught by Aisha Ghani from the Department of Anthropology. Aisha Ghani's interests are in the anthropology of religion, political theology, and philosophies of violence. Her work traces the relationship between Islam and secularism historically, theologically, and ethnographically. Her first book project, Violent Returns, is an ethnography of Islam through the lens of ""terrorism"" and her second book project, Violence as Difference: Genealogical Theologies of Violence in Islam, combines historical, exegetical, and comparative religion and philosophies approaches in order to theorize Islamic difference through violence.","3","3","No","1","3","OPT - Student Option","001475","Every Fall"
"RELS","3321","American Indian Philosophies","Twin Cities","World views of indigenous people of Americas. Topics include native medicines/healing practices, ceremonies/ritual, governance, ecology, humor, tribal histories, status of contemporary native people.","3","3","No","1","3","OPT - Student Option","-","Every Fall, Spring & Summer"
"RELS","3624","Atheists as ""Other"": Religious and Nonreligious Outsiders in the US","Twin Cities","What does it mean to be an atheist in the United States today? Atheists comprise a small percentage of the American population, but one with an increasingly visible presence in popular culture, political discourse, & everyday life. How do atheists organize into groups oriented toward identity-formation, social connection, and political action?prereq: 1001 recommended","3","3","No","1","3","OPT - Student Option","-","Periodic Spring"
"RELS","3628","Jewish American Literature: Religion, Culture, and the Immigrant Experience","Twin Cities","Immigrant? Jewish? American?  What do these labels mean, why are they applied, and do they ever cease to be applicable? Can we distinguish religion from culture, and what are the implications when we try? Why is it frequently asked whether Saul Bellow was “really” a Jewish writer, but it is impossible to read Philip Roth as anything other than that? How does Grace Paley’s “Jewishness” come through even when she is writing about non-Jewish characters? We will address these issues and others as we explore the literature growing out of the Jewish immigrant experience in America, as well as the literature by Jewish writers more firmly, though still sometimes anxiously, rooted in American soil.In this course we will engage in a highly contextualized and historicized study of Jewish American literature from the 19th century to today.  We will discover in these texts how inherited Jewish culture and literary imaginings, developed over centuries of interaction between Jewish communities and the “outside world,” get reexamined, questioned, rejected, reimagined, reintegrated, and transformed within the crucible of American experience. The discussions that ensue will also provide a framework for engaging with the creative energies and cultural productivity of more recent immigrant communities in the United States and beyond. Immigration and the experience of immigrant communities continues to be at the forefront of American consciousness, as immigrants work to create new meanings and new narratives for their lives, and as those who immigrated before them provide contested meanings for the impact of immigration on their own narratives. This course, though grounded in Jewish narratives, will therefore provide students with an expanded vocabulary and perspective for engaging in this central and very current debate within the American experience. ","3","3","No","1","3","OPT - Student Option","-","Every Spring"
"SMGT","3501","Sport and Physical Activity in a Diverse Society","Twin Cities","Sport and patterns of physical activity are clearly symbolic of the larger socio-cultural order. This course is designed to examine the pervasive and significant relationships between the social constructions of and within sport and physical activity to contemporary social institutions such as politics, religion, economics, education, and mass media. Students are introduced to a broad perspective of social issues related to sport and physical activity and will critically explore how specific social categories (e.g., race, ethnicity, age, physical abilities, social class, gender, sexual orientation, gender identity, and religion) intersect to influence individuals’ participation and experiences within sport and physical activity contexts. In short, students will explore the ""deeper game"" through which sport and physical activities become an integral part of the social, cultural, and global worlds in which we live.","3","3","No","1","3","A-F - A-F Grade Basis","-","Every Fall & Spring"
"SMGT","3501H","Sport in a Diverse Society: Honors","Twin Cities","Pervasive and significant relationships between social constructions of sport and physical activity to contemporary social institutions such as politics, religion, economics, education, and mass media. Social issues related to sport. How specific social categories (e.g., age, gender, race, social class) intersect to influence participation/experiences of individuals within sport/physical activity contexts.

prereq: Honors student","3","3","No","1","3","A-F - A-F Grade Basis","000571","Every Fall & Spring"
"SOC","1001","Introduction to Sociology","Twin Cities","This course is designed to introduce you to the study of society and what sociologists call the ""sociological imagination:"" a way of viewing the events, relationships and social phenomena that shape our individual lives and much of our collective experience. Through the course we will examine some of the central concepts and problems that have preoccupied both classical and contemporary sociologists and gain a sense of how the sociological imagination can illuminate the social forces that have a concrete impact on our everyday lives. Throughout the course you will be asked to consider the ways in which society affects your life, and how you, in turn, affect society. 

prereq: Soc Majors/Minors must register A-F","4","4","No","1","4","OPT - Student Option","-","Every Fall, Spring & Summer"
"SOC","3211W","Race and Racism in the US","Twin Cities","We live in a society steeped in racial understandings that are often invisible—some that are hard to see, and others that we work hard not to see. This course will focus on race relations in today's society with a historical overview of the experiences of various racial and ethnic groups in order to help explain their present-day social status. This course is designed to help students begin to develop their own informed perspectives on American racial “problems” by introducing them to the ways that sociologists deal with race, ethnicity, race relations and racism. We will expand our understanding of racial and ethnic dynamics by exploring the experiences of specific groups in the U.S. and how race/ethnicity intersects with sources of stratification such as class, nationality, and gender. The course will conclude by re-considering ideas about assimilation, pluralism, and multiculturalism. Throughout, our goal will be to consider race both as a source of identity and social differentiation as well as a system of privilege, power, and inequality affecting everyone in the society albeit in different ways. ","3","3","No","1","3","AFV - A-F or Audit","-","Every Fall & Spring"
"SOC","3251W","Sociological Perspectives on Race, Class, and Gender","Twin Cities","In the midst of social unrest, it is important for us to understand social inequality. In this course we will analyze the impact of three major forms of inequality in the United States: race, class, and gender. Through taking an intersectional approach at these topics, we will examine the ways these social forces work institutionally, conceptually, and in terms of our everyday realities. We will focus on these inequalities as intertwined and deeply embedded in the history of the country. Along with race, class, and gender we will focus on other axes of inequality including sexuality, citizenship, and dis/ability. We will analyze the meanings and values attached to these social categories, and the ways in which these social constructions help rationalize, justify, and reproduce social inequality.

prereq: Soc majors/minors must register A-F","3","3","No","1","3","AFV - A-F or Audit","-","Every Fall, Spring & Summer"
"SOC","3309","Atheists as ""Other"": Religious & Nonreligious Outsiders in the US","Twin Cities","What does it mean to be an atheist in the United States today? Atheists comprise a small percentage of the American population, but one with an increasingly visible presence in popular culture, political discourse, & everyday life. How do atheists organize into groups oriented toward identity-formation, social connection, and political action?

prereq: 1001 recommended","3","3","No","1","3","AFV - A-F or Audit","-","Periodic Spring"
"SOC","3501","Sociology of Families","Twin Cities","Family has long been a significant experience in human societies; much of what we understand ourselves to be, arises in family life. But family also varies widely in composition across time and place. We will learn how sociologists study and understand families theoretically, as social institutions, as well as sites and sources of social problems. 

prereq: 1001 recommended; soc majors/minors must register A-F","3","3","No","1","3","OPT - Student Option","-","Fall Odd, Spring Even Year"
"SOC","3503","Asian American Identities, Families & Communities","Twin Cities","This course provides a sociological overview of Asian American identities, families and communities. To place these experiences within a broader historical, structural, and cultural context the course will begin with a brief introduction to the history of Asians and Asian Americans in the United States and sociological theories about incorporation and racial stratification. We will then examine the diversity of Asian American communities and families, highlighting ethnic, gender, and class variations. Other topics of focus include racialization and discrimination, education, ethnic enclaves, family and intergenerational relationships, identity, media, culture, and politics and social action. Throughout the course we will consider the ways in which society affects individuals, and how in turn, individuals affect society. Students will have an option to do community-engaged learning or another course project.

prereq: SOC 1001 recommended, Sociology majors/minors must register A/F","3","3","No","1","3","AFV - A-F or Audit","-","Periodic Spring"
"SOC","3503H","Honors: Asian American Identities, Families & Communities","Twin Cities","This course provides a sociological overview of Asian American identities, families, and communities. To place these experiences within a broader historical, structural, and cultural context the course will begin with a brief introduction to the history of Asians and Asian Americans in the United States and sociological theories about incorporation and racial stratification. We will then examine the diversity of Asian American communities and families, highlighting ethnic, gender, and class variations. Other topics of focus include racialization and discrimination, education, ethnic enclaves, family and intergenerational relationships, identity, media, culture, and politics and social action. Throughout the course, we will consider the ways in which society affects individuals, and how in turn, individuals affect society. Students will have an option to do community-engaged learning or another course project.

Honors students are expected to demonstrate a greater depth of discussion, depth and to a degree length of writing assignments, presentations, and leadership of the students.

Additional special assignments will be discussed with honors participants who seek to earn honors credit toward the end of our first class session. Students will also be expected to meet as a group and individually with the professor four times during the course semester. 
Examples of additional requirements may include:
- Sign up and prepare 3-4 discussion questions in advance of at least one class session.
- Work with professor and TA on other small leadership tasks (class discussion, paper exchange, tour).
- Write two brief (1-page) reflection papers on current news, or a two-page critique of a class reading
- Attend a presentation, workshop, or seminar on a related topic for this class and write a 2-page maximum reflective paper.
- Interview a current Sociology graduate student and present briefly in class or write a reflective piece, not more than 2 pages in length, to be submitted to the Professor. 

prereq: [SOC 1001] recommended, honors","3","3","No","1","3","A-F - A-F Grade Basis","000571","Periodic Spring"
"SOC","4311","Power, Justice & the Environment","Twin Cities","This course introduces students to the theoretical and historical foundations of environmental racism and environmental inequality more broadly. We will examine and interrogate both the social scientific evidence concerning these phenomena and the efforts by community residents, activists, workers, and governments to combat it. We will consider the social forces that create environmental inequalities so that we may understand their causes, consequences, and the possibilities for achieving environmental justice

prereq: SOC 1001 recommended","3","3","No","1","3","AFV - A-F or Audit","-","Periodic Spring"
"SOC","4461","Sociology of Ethnic and Racial Conflict","Twin Cities","""I can't breathe."" The last words of George Floyd. Words that traumatized a nation, and the world. While the death of George Floyd galvanized peoples worldwide to speak out against discrimination and inequality, well before his death studies suggested that ethnic and racial discrimination and conflict re-occur on an ongoing basis. From the events of the Holocaust - to the genocide against the Rohingya in Myanmar - to the torture of Uighurs in China - to the Atlantic slave trade - we explore how identities are formed - and thereafter - how those same identities are deployed - to exclude and marginalize - with targeted precision. Across the world, we examine how racial bias and racial animus contribute to slavery, torture, mass displacement, economic destitution, and genocide.

prereq: 1001 recommended; soc majors/minors must register A-F","3","3","No","1","3","AFV - A-F or Audit","-","Periodic Fall"
"SOC","4551","Sociology of Sexualities","Twin Cities","In this course we will examine social theories and sociological research on the topic of sexuality. We will explore the concept of sexuality as it intersects with race, gender, age, and class. This course is designed to give you a basic understanding of sociological implications of sexuality in the United States. This course is intended to help you develop your analytical and critical thinking skills. You will be asked to move beyond your own experience and perspectives to sociologically analyze and evaluate over-simplified explanations of past and contemporary issues as they appear in our course readings. 

prereq: Sociology majors/minors must register A-F","3","3","No","1","3","AFV - A-F or Audit","000595","Periodic Spring"
"SOC","4551H","Honors: Sociology of Sexualities","Twin Cities","In this course we will examine social theories and sociological research on the topic of sexuality. We will explore the concept of sexuality as it intersects with race, gender, age, and class. This course is designed to give you a basic understanding of sociological implications of sexuality in the United States. This course is intended to help you develop your analytical and critical thinking skills. You will be asked to move beyond your own experience and perspectives to sociologically analyze and evaluate over-simplified explanations of past and contemporary issues as they appear in our course readings. 

Additional special assignments will be discussed with honors participants who seek to earn honors credit toward the end of our first class session. Students will also be expected to meet as a group and individually with the professor four times during the course semester.
 
Examples of additional requirements may include:
·   Sign up and prepare 3-4 discussion questions in advance of at least one class session.
·   Work with professor and TA on other small leadership tasks (class discussion, paper exchange, tour).
·   Write two brief (1-page) reflection papers on current news, or a two-page critique of a class reading
·   Attend a presentation, workshop, or seminar on a related topic for this class and write a 2 page maximum reflective paper.
·   Interview a current Sociology graduate student and present briefly in class or write a reflective piece, not more than 2 pages in length, to be submitted to the Professor.

prereq: Honors","3","3","No","1","3","A-F - A-F Grade Basis","000571","Periodic Spring"
"SPAN","3653","Latinx Cultural Narratives in the US","Twin Cities","A wide variety of Latino groups have used the stage to explore identity issues in a public forum and have developed nontraditional approaches which have altered the nature, quality and substance of recent theater in the U.S. Off-Broadway, regional troupes, and groups and have attempted to break the mainstream theater's hegemony by addressing the audience's desire to see their problems enacted in understandable and creative terms. Through an interdisciplinary approach which will include lectures, discussions, performance and visual materials, the course will introduce established and work-in-progress plays of the most active Latin (0) playwrights in the country, along with the historical, political and cultural development framework which made it possible.

THIS CLASS IS TAUGHT IN ENGLISH
","3","3","No","1","3","OPT - Student Option","-","Periodic Fall"
"SUST","3017","Environmental Justice","Twin Cities","With a focus on understanding environmental justice, including interconnections between health, economic and environmental disparities, this course shows students how they can take action for sustainability. Students synthesize multiple disciplinary perspectives and participate in small group collaborative activities, service learning, and digital mapping, all related to contemporary challenges.","3","3","No","1","3","A-F - A-F Grade Basis","-","Every Spring"
"SW","2501W","Introduction to Social Justice","Twin Cities","This course encourages students to critically engage with society in a way that attempts to balance important theoretical concepts of social justice, students own lived-experiences, and praxis (knowledge translated to action that is reflected on in a group setting). Course moves beyond definitions of power, privilege, and oppression, and is an exploration of themes like neutrality and neoliberalism, phenomenology, critical pedagogy, saviorism, the colonized mind, international complicity in violence, and more. The course also examines current and historical social justice activists and change movements. To do this, we use many alternative (non-mainstream) social justice sources, story-telling, and student-led learning. The course is collaborative, discussion, and action based. In addition, this course includes instruction and assignments that advance the writing skill sets of students, and therefore there is an emphasis on writing process and feedback.","4","4","No","1","4","A-F - A-F Grade Basis","-","Every Fall & Spring"
"WRIT","3244W","Critical Literacies: How Words Change the World","Twin Cities","This course is focused on understanding and using the insights into language and writing that animate Critical Literacy movements in the United States. Literacy is usually thought of in terms of fundamental abilities to read and write about a reality outside of language. Critical Literacy is an intellectual and social movement that challenges this dominant understanding of literacy. Critical Literacy’s fundamental claim is that texts (and our practices for working with them) invite readers (and writers) to accept particular versions of reality as the Real Truth.  Through historical and contemporary models, students will learn how efforts to question and transform dominant ways of using language have played an especially important role in struggles for greater justice by and for oppressed groups. Here, people have used the ideas and methods of Critical Literacy to question how racial, gender, social class, and other privileges structure our language practices and our daily experiences. Students will be invited to apply a critical understanding of literacy to their own writing as they analyze course texts and produce original essays on topics of interest to them.","3","3","No","1","3","AFV - A-F or Audit","000595","Every Spring"
"WRIT","3315","Writing on Issues of Land and the Environment","Twin Cities","This course explores how written texts help shape understandings of the land in the U.S. Students read and analyze historical texts that have contributed to colonialist understandings of nature and the land. Students will study how the rhetorical strategies of such texts helped to form exploitive relations with the land and enact violence against indigenous peoples. Historical and current texts written by native peoples provide a counter-narrative to the myth of progress. Emphasis in the course is placed on analyzing texts with an eye toward setting the ground for conversations aimed at achieving sustainability and justice. Students will also study how written texts are composed within material contexts that contribute to their understanding.","3","3","No","1","3","AFV - A-F or Audit","000595","Every Spring"
"YOST","1366","Stories of Resistance & Change: Youth, Race, Power & Privilege in the U.S.","Twin Cities","This course imagines literature as an opportunity to complement other understandings of youth, and to help those who work with children and adolescents to better understand their lived experiences. We will read classic and contemporary literary texts that respond to the needs, wants, and existential questions that surround young people’s lives, and makes them visible to learners in the class who want to better understand children and adolescents in diverse settings across the United States. Youth Studies at the University of Minnesota, prepares students to work towards understanding and helping to improve the everyday lives of diverse youth. By being in this class, reading our course texts carefully, and by engaging in learning activities with classmates, students have the chance to take away new understandings from powerful stories about youth. In fact, the texts in this course contain important descriptions of how oppression looks and feels to young people as they navigate institutions and see the impacts of structural inequality on themselves, communities, families, and friends. The young people in these texts show tremendous agency, and show meaningful examples of resistance on large and small scales. We will work together with course texts about how young people challenge and are challenged by their surroundings, and take away new meanings about how young people have promoted social justice and change. 

Learning activities in this class will include reading, writing, quizzes and exams and a course project. In class learning activities include discussion, presentations, activities, and a high level of participation is expected. Why literature? Literature can be thought of as one way of knowing about the daily lives of youth. Because literature offers a rich detailed framework of meaning showing the diverse contexts of lives of children, teenagers and young adults, youth workers can use the tools of literature to make youth work meanings from literature in which young people are primary to the text. Literature can make up a new lens through which learners can understand the daily and everyday lives of youth, and can complement the important social science lenses you may already bring to the class. Students are encouraged to develop a new set of questions about youth as they use the formal tools of literature to read literary texts that represent a range of styles, formats, themes, and choices. Diversity and Social Justice Literature that centers on young people from multicultural settings offers an opportunity to think about what it is that students already know about youth from diverse backgrounds, and to question whether their understanding is correct or if there are gaps in knowledge. In other words, a course goal will be to identify epistemological gaps between what we think we know about youth, race, gender, and power and privilege, and how that is confirmed and/or made more complicated by a larger body of knowledge about social constructions of power and privilege. This course calls on our literary texts to challenge and deconstruct dominant narratives about youth and their communities. Learners in this course enter into an ongoing conversation about what social justice for youth means in the context of unequal distribution of power and constructions of privilege and oppression.","3","3","No","1","3","OPT - Student Option","-","Every Fall & Spring"
"YOST","2101","Urban Youth and Youth Issues","Twin Cities","This course explores issues faced by youth, especially those who live in or are characterized by our understanding of urban areas. We might begin by asking questions like ""why aren’t youth in racially segregated and economically privileged urban areas of Minneapolis labeled 'urban', while poor immigrant youth in the suburban housing projects of Paris are,” “how did city planners and urban housing policy act to segregate and problematize some geographies and people” or “how are urban communities policed and what are the consequences of this policing”?

We will critically examine what the term “urban youth” means, how it has evolved over time and place, its use as a code word with implicit association, and within this context, how urban youth have been studied, problematized and worked with. Using a critical Youth Studies framework, which engages with the role of historical, social, cultural, geographical and political contexts, we seek to understand how each of these axes of power-relations influence the opportunities and struggles of young people, their interaction with institutions, and the construction of their identities in particular places. We then seek to rethink new directions in research and practice and understand what this means for youth as citizens.","4","4","No","1","4","OPT - Student Option","-","Every Fall & Spring"
"YOST","3001","Introduction to History & Philosophy of Youthwork","Twin Cities","This course exposes students to a depth of perspectives on young people and youth work. Exploring various historic and philosophical origins of “normal” childhood, we unveil the way our modern understandings of child, youth, and adolescent draw upon a rich history of sexist, colonialist, and racist science. To do so we explore Indigenous, early European, Middle-Class, and W.E.I.R.D. (Western, Educated, Industrialized, Rich, Democratic) notions of childhood. We explore how these ideas are operationalized into practices on youth/youth work. We explore how contemporary organizations of American youth work and youth development, then took up and applied these ideas thus naturalizing modern norms and expectations of child and youth. This course covers the philosophical and historical foundations of youth work in a critical and interactive way through a review of youth, youth work, and youth organizations set in the context of the past 500 years. 

The course is designed to encourage students to examine their familial histories, timelines, and geographies and through collaborative and interactive learning, begin to explore how these histories, combined with others, helped to shape the ways that we think about youth and how this thinking collectively shapes youth policy, practice, and the institutions within which we meet and work with young people. All of this with the goal of becoming more effective and thoughtful when working with young people in youth-work settings. Whether you choose to work in youth-work settings or in other human service organization or agency, developing a sense of cultural humility and skills to understand historical data, philosophical frames, and current practices will be critical to your success in professional arenas. ","4","4","No","1","4","OPT - Student Option","-","Every Fall & Spring"