"Course subject code","Course number","Course name","Campus","Course description","Minimum credits","Maximum credits","Is this course repeatable?","What is the maximum number of completions allowed?","What is the maximum number of credits that can be earned from this course?","Grading basis","Requirements","Typically offered term(s)"
"AAS","3303W","Writing Differences: Literature by U.S. Women of Color","Twin Cities","Interpret/analyze poetry, fiction, drama of U.S. women minority writers. Relationship of writer's history, ethnicity, race, class, gender to her writings.","3","3","No","1","3","OPT - Student Option","-","Fall Odd Year"
"AAS","4311","Asian American Literature and Drama","Twin Cities","Literary/dramatic works by Asian American writers. Historical past of Asian America through perspective of writers such as Sui Sin Far and Carlos Bulosan. Contemporary artists such as Frank Chin, Maxine Hong Kingston, David Henry Hwang, and Han Ong. Political/historical background of Asian American artists, their aesthetic choices.","3","3","No","1","3","AFV - A-F or Audit","-","Fall Odd Year"
"AFRO","1023W","Introduction to African World Literature","Twin Cities","Childhood is a time of intense growth and dramatic change; of rapid physical, mental and emotional development. It is a time of discovering, experiencing, exploring; of exuberant curiosity and creativity. It is a state characterized by play and activity, innocence and wonder, surprise and delight. But childhood can also be a time of great confusion and uncertainty; of doubt, turmoil and anxiety. Through select pieces of short fiction, prose, essays and cinematic works, we will analyze the popularity of the coming–of–age genre (or bildungsroman) as a primary mode of formative response within the African world literary tradition. We will consider how the autobiographical or semi-autobiographical story, told by a narrator who is growing up and becoming conscious of their body, their familial and wider social surroundings, their emotions, their very identity, dramatizes the cultural, political, and historical contexts in which it is set. Through our exploration of socialization as a thematic component of the bildungsroman, we will examine how “coming-of-age” comes to represent something very different for boys and for girls.","3","3","No","1","3","A-F - A-F Grade Basis","-","Every Fall & Spring"
"AFRO","3592W","Introduction to Black Women Writers in the United States","Twin Cities","From Harriet Jacobs’s depictions of her life in bondage in Incidents in the Life of a Slave Girl to Audre Lorde’s moving essays on feminism and social (in)justice to Beyonce’s visual album Lemonade, black women’s writing has much to tell us about the meaning of survival and the myriad ways that race, class, gender, and other modalities of difference intersect in the national imaginary. In this course, we will use black women’s various forms of writing about themselves—from memoirs, autobiographies, and essays to blogs, song lyrics, and documentary films—as the source material for contemplating the sociocultural conditions of black female life in the past and present.","3","3","No","1","3","A-F - A-F Grade Basis","-","Every Spring"
"AFRO","3597W","Introduction to African American Literature and Culture I","Twin Cities","African American oral tradition, slave narrative, autobiography, poetry, essay, fiction, oratory, and drama, from colonial era through Harlem Renaissance.","4","4","No","1","4","OPT - Student Option","-","Every Fall"
"AFRO","3598W","Introduction to African American Literature and Culture II","Twin Cities","African American oral tradition, autobiography, poetry, essay, fiction, oratory, drama. From after Harlem Renaissance to end of 20th century.","4","4","No","1","4","OPT - Student Option","-","Every Spring"
"AFRO","3601W","African Literature","Twin Cities","The globalized present has witnessed increased mobility as economic, political, and social unrest intensify, forcing mass migration of populations across scorching deserts, treacherous mountains and perilous seas. In the United States and in Western Europe specifically, the consequence of this mobility—immigration—remains the single most cross-cutting issue and the most vexed political challenge of the day. Defined as threatening and intrusive, frequently criminalized in discourse and in action, immigrants have become scapegoats for a wide range of problems that bedevil every aspect of life in every country. Blamed for everything from taking jobs from locals to rising crime and the spread of communicable diseases, immigrants have become victims of xenophobic violence and repositories for the routine fear-mongering prevalent in post-9/11 global terror and counter-terror climate. This course addresses the keys issues that arise in contemporary immigration and global security debates. Throughout the course of the semester, we will interrogate the literary and audio-visual arts as a mirror of the times, reflecting socio-political conditions. In a bid to place the current “crisis” in a historical perspective, we will examine select works by African writers, filmmakers and artists, which provide examples that enable us to move beyond stereotypes and common assumptions.","3","3","No","1","3","A-F - A-F Grade Basis","-","Every Fall, Spring & Summer"
"AFRO","3625W","Women Writers of Africa and the African Diaspora","Twin Cities","Works of black women writers from Europe, Africa, South America, and the Caribbean. Novels, drama, films, and essays.","3","3","No","1","3","A-F - A-F Grade Basis","-","Spring Even Year"
"AMES","1201","Arrow, Fist, and Sword: Conceptions of the Hero in Asian Cultures","Twin Cities","Concepts of the ""hero"" in Persian, Indian Chinese, Korean, and Japanese cultures: How did various societies in these countries define the ethos of the ""hero"" and his relationship to the community? How did versions of the hero change over time, and how was the hero redefined in the context of modern nationalism? What part have traditional gender roles played in defining the hero and is a ""female"" hero possible within these traditions? And how has popular film allowed modern Asian societies to reinterpret their traditional conceptions of the hero? Specific explorations: the Persian hero Rostam in The Book of Kings; Rama and retellings of the Indian Ramayana; Mulan and the Chinese female warrior; the Korean hero Hong Gildong; and the Japanese story of the forty-seven ronin.","3","3","No","1","3","OPT - Student Option","-","Periodic Fall & Spring"
"AMES","1836","Modern Middle Eastern Literature","Twin Cities","This course introduces students to the diversity of contemporary Middle Eastern cultures, identities, and histories through readings in modern literature. Reading novels, stories, poetry, and memoirs translated from Arabic, Hebrew, Persian, and Turkish, we will follow a number of key concerns shaping Middle Eastern cultural production: legacies of colonialism and the manner they shaped the relationship between classical and modern literary forms, the ethical and aesthetic challenges of bearing testimony to violence, and the manner literature reflects and subverts racial hierarchies, ethnic divisions, and gender dynamics. These themes will be debated in a range of spaces and contexts: the desert, the city, and the ocean as quintessential environments in times of great social and ecological upheavals; migration flows and refugee identities; the alternating banality and grotesqueness of war; and the formation of intimate, personal relationships. ","3","3","No","1","3","A-F - A-F Grade Basis","-","Periodic Fall & Spring"
"AMES","3265W","The Fantastic in East Asia: Ghosts, Foxes, and the Alien","Twin Cities","How the strange/alien is constructed in premodern Chinese/Japanese literature. East Asian theories of the strange and their role in the classical tale, through the works of Pu Songling, Edo-era storytellers, and others. Role of Buddhist cosmology and salvation.

prereq: Some coursework in East Asia recommended","3","3","No","1","3","OPT - Student Option","-","Periodic Fall & Spring"
"AMES","3336","Revolution and Modernity in Chinese Literature and Culture","Twin Cities","Introduction to modern Chinese literature, visual culture, and critical thought from beginning of 20th century to end of Mao era. Examples of literature/culture, parallel readings of Chinese critical essays. Readings are in English translation.","3","3","No","1","3","A-F - A-F Grade Basis","-","Periodic Fall & Spring"
"AMES","3337","Contemporary Chinese Literature and Popular Culture","Twin Cities","Contemporary Chinese literature, popular culture. End of Mao era to present. Creative results of China's ""opening and reform."" Commercialization and globalization of culture. Literature, visual culture, and popular music.","3","3","No","1","3","A-F - A-F Grade Basis","-","Periodic Fall & Spring"
"AMES","3436","Postwar Japanese Literature in Translation","Twin Cities","This is an introductory survey of modern Japanese literature and its role in the postwar  debates around Japanese culture, aesthetics, politics, and environment. Beginning with the occupation of Japan by the US military and ending with the 2020 Tokyo Olympics (postponed by a global pandemic), students will analyze the main movements in postwar Japanese literary production and the core issues featured in this literature. We will explore national genres in Japan, their premodern precursors, and postmodern manifestations. The course has no prerequisite and assumes no prior knowledge of Japanese cultures or experience with literary analysis. All materials, lectures, and discussions are in English.
","3","3","No","1","3","OPT - Student Option","-","Periodic Fall & Spring"
"AMES","3437","The Japanese Novel","Twin Cities","Survey of the principal authors of the period spanning Japan's opening to the West (1860s) to World War II. Writers include Natsume Soseki, Shiga Naoya, Kawabata Yasunari, Edogawa Rampo, Hayashi Fumiko, and Tanizaki Junichiro.","3","3","No","1","3","A-F - A-F Grade Basis","-","Periodic Fall & Spring"
"AMES","3536","Modern Korean Literature","Twin Cities","Modern Korean literature in English translation from the colonial period until the 1990s. Read literary texts critically, using genre categories, theories of narrative voice, different understandings of modern literary subjectivity, and historical contextualization. ","3","3","No","1","3","OPT - Student Option","-","Periodic Fall & Spring"
"AMES","3637W","Modern Indian Literature","Twin Cities","Survey of 20th century literature from South Asian countries, including India, Pakistan, and Sri Lanka. All readings in English. Focuses on colonialism, post-colonialism, power, and representation.","3","3","No","1","3","AFV - A-F or Audit","-","Periodic Fall & Spring"
"AMES","3832","The Politics of Arabic Poetry","Twin Cities","This course engages with Arabic poetry in its socio-political context. How have Arab poets from the
pre-Islamic era till the present time used their verse as a tool to affirm the structure of their society, or to
struggle with it? What roles did Arabic poetry play at the Abbasid imperial courts? How does Arabic
poetry participate in the constitution and promulgation or subversion of political ideologies? And what
presence has it had in Arab peoples' struggles for independence or reform, historically and today as part
of the Arab Spring?","3","3","No","1","3","A-F - A-F Grade Basis","-","Periodic Fall & Spring"
"AMES","3833","Jinn, Ghosts, and Demons in Arabic Literature","Twin Cities","Jinn, also known as genies, are supernatural beings intrinsic to Islamic cosmology and culture: neither human nor divine, of our world but (usually) invisible to us. This course traces the trope of the jinni in Arabic literature: from the place of jinn in the Quran and Islamic tradition, through their role in the composition of the greatest poetry, to their reincarnation in modern works of literature. Following a survey of classic texts and contexts, we will ask why modern authors summon demons and resurrect ghosts, and what political and cultural work these unruly beings are called to perform. More specifically, we will explore the manner in which jinn are latched onto modern debates on personal and collective trauma, memory, madness, relations between East and West (or North and South), political and state violence, gender relations and hierarchies, and virtual realities.","3","3","No","1","3","A-F - A-F Grade Basis","-","Periodic Fall & Spring"
"AMES","3837","Hebrew Literature: Settlement and Ideology","Twin Cities","An introductory survey of Modern Hebrew Literature and its journey from Eastern Europe through Ottoman/British Palestine to the State of Israel. The class centers on the manner in which Hebrew literature has envisioned the Middle East or “the Orient,” reflecting, manipulating, or challenging orientalist paradigms. The first part of the course focuses on Hebrew literature written by Eastern European writers, their fantasies of the East as well as their engagements with orientalist or anti-Semite prejudices. The second part examines Hebrew literature’s attempts to “nativize” in Palestine. Finally, we will read a series of texts by Ashkenazi, Mizrahi, and Palestinian Israeli writers that complicate any attempt to position Hebrew within an Orient/Occident dichotomy. No prior familiarity with Hebrew literature is necessary. All texts will be read in English.","3","3","No","1","3","A-F - A-F Grade Basis","-","Periodic Fall & Spring"
"AMIN","3201W","American Indian Literature","Twin Cities","Comparative studies of oral traditions, modern literature from various tribal cultures.","3","3","No","1","3","A-F - A-F Grade Basis","-","Every Fall & Spring"
"CHLS","3507W","Identity, Displacement, Resistance in Chicano Literature","Twin Cities","What is Chicano literature, and how is it similar or different from other American literatures? We will journey through the world of Chicano novels, short stories, creative non-fiction, drama, essays, poetry, graphic writings, and other hybrid forms of literature to understand the cultural, intellectual, and sociopolitical traditions of the Mexican American in the United States.","3","3","No","1","3","OPT - Student Option","-","Every Fall & Spring"
"CI","1424","Global Stories of Education: Literature for Young Adults","Twin Cities","Using young adult novels, short stories, nonfiction, and poems by immigrant, indigenous, minority, and refugee authors, students explore learning experiences of youth. Through immersion in the global lives and identities of characters who cross geographic and cultural borders, students consider what stories teach and how young people learn.","3","3","No","1","3","OPT - Student Option","-","Every Fall & Summer"
"CNRC","1201","The Bible: Context and Interpretation, World of the Hebrew Bible.","Twin Cities","The Hebrew Bible and Old Testament are literary collections that modern Jewish and Christian traditions maintain as important, but these collections were initially produced by ancient Israelite scribes who composed and/or compiled the biblical texts at particular time periods in the ancient Near East. This course will introduce the academic study of biblical texts, which demands critical analysis of the literature and an openness to reading the literature from the perspective of ancient Israelite writers (who lived in a world far different from today). The course will spend considerable time on the literary (and scribal) composition of biblical prose texts; time will also be spent on the historical circumstances of biblical prophets and other writers of the biblical texts. This course will only address the ancient setting of the biblical texts and not re-interpretations in Jewish or Christian traditions. Given the scope of the course, modern interpretations of the biblical literature will not be discussed; we will only focus on this literature in its ancient setting.

prereq: Knowledge of Hebrew not required","3","3","No","1","3","OPT - Student Option","-","Every Fall"
"CNRC","3081W","Classical Epic in Translation","Twin Cities","Homer's Iliad and Odyssey, Virgil's Aeneid. Cultural context of epic. Development of the hero. Epic style. Poetics of epic.","3","3","No","1","3","OPT - Student Option","-","Fall Odd, Spring Even Year"
"CNRC","3082W","Greek Tragedy in Translation","Twin Cities","Origins of tragedy. Ancient theatres. Selected plays of Aeschylus, Sophocles, Euripides.","3","3","No","1","3","OPT - Student Option","-","Fall Even, Spring Odd Year"
"CNRC","3201","The Bible: Context and Interpretation, World of the Hebrew Bible","Twin Cities","The Hebrew Bible and Old Testament are literary collections that modern Jewish and Christian traditions maintain as important, but these collections were initially produced by ancient Israelite scribes who composed and/or compiled the biblical texts at particular time periods in the ancient Near East. This course will introduce the academic study of biblical texts, which demands critical analysis of the literature and an openness to reading the literature from the perspective of ancient Israelite writers (who lived in a world far different from today). The course will spend considerable time on the literary (and scribal) composition of biblical prose texts; time will also be spent on the historical circumstances of biblical prophets and other writers of the biblical texts. This course will only address the ancient setting of the biblical texts and not re-interpretations in Jewish or Christian traditions. Given the scope of the course, modern interpretations of the biblical literature will not be discussed; we will only focus on this literature in its ancient setting.

prereq: Knowledge of Hebrew not required","3","3","No","1","3","OPT - Student Option","-","Every Fall"
"CNRC","3203","The Bible in Contemporary Dystopian Literature","Twin Cities","Bible and Dystopia might seem like an unexpected pairing, yet contemporary dystopian novels frequently draw from biblical literature. Appearing in book titles, such as Parable of the Sower by Octavia E. Butler or serving as a foundation for societal structures in works like The Handmaid’s Tale by Margaret Atwood. Characters in the dystopian novels often parallel biblical figures, while allusions, biblical names, themes, and plotlines are also common. Dystopian literature's primary function is to invite critical reflection of existing social conditions and political systems, and in this course we will take part in these discussions. Join us as we journey from Genesis to Revelation, tracing the Bible's impact and reception history in dystopian literature.","3","3","No","1","3","AFV - A-F or Audit","-","Periodic Spring"
"CSCL","1101W","Literature","Twin Cities","What is literature? Today the term literature embraces all things printed, from fiction to nonfiction to advertising (yes, even your junk mail), from highbrow to low. This course will take a comparative view of the term literature as well as its ideas, practices, and forms. Given that literature historically has been tied to writing, to print, or to the book, what does it mean to study literature today—in an age when the book (and possibly print itself) may be vanishing?","3","3","No","1","3","OPT - Student Option","-","Every Fall & Spring"
"CSCL","1401W","Reading Literature: Theory and Practice","Twin Cities","How can we read/understand different ways that literature is meaningful? Emphasizes practice in reading a broad spectrum of world literature, literary theory.","3","3","No","1","3","OPT - Student Option","-","Every Fall & Spring"
"CSCL","3111W","Close Reading","Twin Cities","History/theory of 'close reading' (i.e., the most intense encounter between reader and text) exemplified through critical texts. Students perform close readings of various texts.","3","3","No","1","3","OPT - Student Option","-","Every Fall & Spring"
"CSCL","3117","Concepts of Literary Study","Twin Cities","This course begins by asking what this strange thing we call literature is, this six-thousand year old form of writing that brings into existence, each time a work is read, a world that did not previously exist. Sometimes that world is one in which we long to live, sometimes it is dark and foreboding, all death and despair; sometimes we seek it out as an escape from our daily lives, sometimes we enter it to be able to better understand those same lives, to come back to them refreshed, not just emotionally but intellectually -- for if literature does involve an immersion in the not-actually-existent, a departure from the everyday world, it does so by engaging us from within the world and in such a way that it is able to recast our everyday world and make us think it in new ways. And literature does all this with that most everyday of things, language. By attending to the ways authors and scholars mobilise language’s expressive, analytic and conceptual resources, with this course we shall learn various methods of critically appreciating and engaging complex literature, while gaining insight into how the practices of literary criticism and theory relate to, and help us understand, the world in which we live, how language shapes and forms that world and literature’s unique place and role in that world and its forming.","3","3","No","1","3","OPT - Student Option","-","Every Fall & Spring"
"CSCL","3122","Movements and Manifestos","Twin Cities","Movements that emerge when a group of writers, filmmakers, artists, composers,
or musicians puts forth a new definition of literature, film, art, or music—and sets in motion new relations
(aesthetic and social) of word, image, sound. Manifestos—statements of position—that articulate or
counter such definitions. Movements created by scholars or critics after the fact. Focuses on one or two
related movements (e.g., romanticism and realism, surrealism and negritude, new wave and third cinema).","3","3","No","1","3","OPT - Student Option","-","Every Fall & Spring"
"CSCL","3131W","Colonial and Postcolonial Literatures and Theory: 1700 to the Present","Twin Cities","Readings in colonial/postcolonial literatures/theory from at least two world regions: Africa, the Americas, the Arab world, Asia, Europe, and the Pacific. Cultural/psychological dynamics and political economy of world under empire, decolonization, pre- vs. post-coloniality, globalization.","3","3","No","1","3","OPT - Student Option","-","Fall Odd, Spring Even Year"
"CSCL","3141","Classics of World Literature","Twin Cities","This will be an introduction to the concept of world literature – that is, literature from the Arab, Asian, African, Latin American and Oceanic worlds, not only the English-speaking countries of England and its former colonies.   And it will introduce students to some of the basic methods of comparative literary study such as close reading, genre analysis, etymology, stylistics, and translation.   We will discuss classic problems confronted within comparative literature such as collective authorship, the spirit of a people, the historical reconstruction of the past through the study of language, comparative cultural value, and the effects on language and learning prompted by technology (in the form, for example, of the “digital humanities”).   We will ask how comparative literature differs from other forms of literary study, but most of all concentrate on the low-tech (but not anti-technological) reading of literary texts – the student alone with a book in their hand -- while mastering as one’s own a handful of the enduring classics of world literature – books that have influenced many generations of thinkers and writers but that, oddly, are not typically covered in any college curriculum: not in English classes, humanities introductions, or general knowledge courses.   Our focus will be on books that happen both to be central to Western and world culture as part of the inheritance of its educated citizens, but also that happen to be lost at the same time, known about rather than known, invoked but not studied, quoted from but not generally understood.   We will be addressing books, in other words, that deeply inspired, but also shaped the thinking of many of the scientists, artists, and scholars of the past, and which were once common knowledge – the expected points of departure for all educated men and women.   In our own day, their influence has hardly waned – although not in their original form.  Modern film and television industries, for instance, rely heavily on their stories, even as philosophers and theologians cannot express themselves without drawing on their characters, languages, and plots.  Even the basic elements of advertising would be unthinkable without being able to draw on their repertoire of common stories, mythological settings, and cast of heroes.  In an age of radical departures and brave new worlds, we are interested here in invaluable traditions, which have not lost their relevance.  ","3","3","No","1","3","A-F - A-F Grade Basis","-","Every Fall"
"CSCL","3334","Monsters, Robots, Cyborgs","Twin Cities","Historical/critical reading of figures (e.g., uncanny double, monstrous aberration, technological hybrid) in mythology, literature, and film, from classical epic to sci-fi, cyberpunk, and Web. (previously 3461)","3","3","No","1","3","OPT - Student Option","-","Every Fall & Spring"
"CSCL","3352W","Queer Aesthetics & Queer Critique","Twin Cities","Is there such a thing as global queer aesthetic? If so, how do various modes of representation and expression (novels, poetry, and sophisticated uses of language across film, television and video, digital media, pop music and punk) elaborate and enact queerness in particular material ways while also helping to create a larger, intermedial queer culture?
","3","3","No","1","3","OPT - Student Option","-","Periodic Fall & Spring"
"DTCH","3635","Anne Frank: Perspectives on Her Life and Legacy","Twin Cities","This course examines Anne Frank’s iconic status as a Holocaust victim as well as an object of identification in the context of her ethnic heritage, the historical circumstances under which she came to the Netherlands, the particularity of her hiding situation, and the overwhelming success of her published journal. With a special emphasis on a broader understanding of antisemitism and racism then and now, this course takes the diary and its legacy in film, stage, and television adaptations as well as in memory culture as the basis for critical discussions.","3","3","No","1","3","OPT - Student Option","-","Periodic Fall & Spring"
"ENGL","1001W","Introduction to Literature: Poetry, Drama, Narrative","Twin Cities","How do literary authors create characters so real they feel like your best friends (or worst enemies) and plots so involving they make you laugh out loud (or cry)? In this class, you will learn their tools and techniques while reading literature from diverse genres, cultures, and historical periods. You will also explore how different critical lenses provide helpful perspective on literary works. Through discussion and writing, you will improve your communication skills and grow confident in sharing your interpretations of fiction, drama, and poetry.
 
Why read and study literature? Because deeply listening to and discussing the perspectives of peoples across space and time prepares you to be an active citizen. Because analyzing literature develops the critical thinking essential for college study and for meaningful employment afterward. Because a bit of wisdom conveyed through an artful sentence could change your life.
 
Credit will not be granted if credit has been received for: ENGL 1001V","4","4","No","1","4","OPT - Student Option","-","Every Fall, Spring & Summer"
"ENGL","1003W","Women Write the World","Twin Cities","Concepts in literary studies. Poems, plays, short stories, novels, essays, letters by women from different parts of world. Focuses on lives, experiences, and literary expression of women, including basic concepts of women's studies.","3","3","No","1","3","OPT - Student Option","-","Every Fall"
"ENGL","1004","Banned Books","Twin Cities","Is reading dangerous? What do books ""do"" to readers that is insidious and must be stopped? In this course, we will begin with the three books currently banned most frequently in the US. While the class will touch on the long international history of book banning, in this course you will learn primarily about the recent history of book banning in the US. You will also learn concepts and terminology regarding literary studies. ""Why was this banned?"" is the question that will reverberate through every week of this course.","3","3","No","1","4","OPT - Student Option","-","Every Fall, Spring & Summer"
"ENGL","1005","Reading Poetry","Twin Cities","Poems say interesting things in small spaces. How do they do it? The famous American poet Emily Dickinson wrote, “If I feel physically as if the top of my head were taken off, I know that is poetry.” While Dickinson isn’t describing poems that literally saw through her skull, she is describing the odd and wondrous ways in which poems affect us. While poems are literary texts, they are musical, visual, and, most often, short. White, brown, and black folks from all walks of life read and write them. Expect to read poems from a variety of perspectives and time periods that all say interesting things in their own, individual ways.","3","3","No","1","3","OPT - Student Option","-","Every Spring"
"ENGL","1006","Queer Literature","Twin Cities","Infamous author Oscar Wilde was imprisoned for gross indecency—one of the historical punishments for queerness. Are queer books and authors inherently indecent throughout literary history? Will they become more immoral or more accepted in our future? Today, society’s judgments and punishments begin online. Queer Literature will introduce you to not only controversial and groundbreaking texts from queer literary history, but also to contemporary texts, particularly those by nonbinary and trans authors encountering this generation’s online backlash in the name of decency and family.","3","3","No","1","3","OPT - Student Option","-","Every Fall & Spring"
"ENGL","1007","Introduction to Literature and Environment","Twin Cities","What connection do you share with other lifeforms as well as ecosystems in a time of climate change? Do you feel hope about our changing world? In this class you will consider your relationship to other species, as well as places and habitats, through analysis of historical and contemporary texts by Black, Brown, Indigenous and white artists and thinkers, some of whom also draw upon queer perspectives. Throughout the course you will practice literary language that helps you advocate for greater awareness of nonhuman life as well as for action and change. Along the way your instructor will help you understand literature as an essential and hopeful tool that people use to reshape our own cultures and preserve biodiversity in a complex future. Because environmental literature is part of the emerging field of the environmental humanities, texts vary and could include: climate fiction, ecocinema, ecopoetics, environmental nonfiction, and other emerging forms and genres.","3","3","No","1","3","OPT - Student Option","-","Every Fall & Spring"
"ENGL","1031","Introduction to the Short Story","Twin Cities","English literature boasts some of the most powerful, beautifully crafted short stories in world literature. In this class, we will use the short story as a path for understanding the craft of writing: how writers use language to present a vividly imagined world in a short number of pages. We will also examine the importance of genre: how, for example, a detective short story differs from a slice-of-life story. This is a lecture course, but it will involve substantial student discussion. ","3","3","No","1","3","OPT - Student Option","-","Every Fall & Spring"
"ENGL","1051","Progress & Madness: Literature, Science & Technology","Twin Cities","This introductory, Liberal Education course explores the conflicts and conversations that occur at the frontiers of scientific thinking and technological innovation by examining select literary and cinematic texts from a variety of historical moments and points of view. We will consider the ambivalence and anxiety that attend progress via topics such as electricity, telegraphy, photography, the railroad, the cinema, Fordism, the atomic bomb, genetic engineering, and the Internet. We will also track the archetype of the mad scientist, whose dangerous knowledge and often-fatal hubris typically turn a tale ""cautionary."" Students engage in detailed analysis of and reflection on works of literature and film that address both historical and contemporary developments in science and technology. The course introduces students to a range of technologies that have had a measurable impact on contemporary society. Class discussion uses the representation of these innovations as case studies in how technologies develop through the application of individual and collective effort, as well as how society adopts or rejects these technologies. By considering a variety of points of view on these developments, students are exposed to multiple perspectives through which a technology can be understood, and they develop skills in evaluating conflicting views that provide a framework with which to evaluate new technology in the future.","3","3","No","1","3","OPT - Student Option","-","Every Fall"
"ENGL","1172","The Story of King Arthur","Twin Cities","Of all the stories familiar to the western world, few have exerted a greater influence on literary, pictorial, and musical productions than the legend of King Arthur and his Round Table. Although thousands of years have passed since the earliest versions of the story appeared, creative artists and their audiences continue to be fascinated by stories about Arthur, Merlin, Lancelot, Guinevere, Gawain, and Tristan. In this course, we will study adaptations of the legend in order to understand how literary writers and their readers remade the story to fit specific, historical circumstances. The course will pay particular attention to two related aspects of the legend. The first is the way that stories about Arthur emphasize the importance of personal integrity as a shaping force of history. The second is the relationship between personal responsibility and communal or civic order. We will see how these ideas are reshaped by writers in various times and places (ranging from early medieval Wales and England to twenty-first-century America). We will think comparatively about these times and places by paying close attention to the literary traditions and forms that are employed by writers who remake the story of Arthur.","3","3","No","1","3","OPT - Student Option","-","Every Fall"
"ENGL","1181W","Introduction to Shakespeare","Twin Cities","Four hundred years ago, Williams Shakespeare entertained, shocked, amused, and informed London audiences in a round wooden theater on the south bank of the Thames. Today, his plays are among the most read, performed, and adapted around the globe, in numerous languages, on stage, page, and screen. Why do so many people still seek out Shakespeare’s writing? How do his works continue to influence literature and culture? Through intensive study of representative plays and poems, you will become familiar with Shakespeare’s dramatic and literary techniques. You will learn about the social, historical, and cultural forces that influenced his writing. And you will build your own arguments as to Shakespeare’s meaning for audiences today. ","4","4","No","1","4","OPT - Student Option","-","Every Fall & Spring"
"ENGL","1201W","Contemporary American Literature","Twin Cities","How have American writers responded to the Cold War, the social movements of the 1960s, the rise of digital culture, and the cultural and political instability that characterizes the nation today? In this course, you will read a variety of diverse American literature from the late 20th and the 21st century and discuss the works’ cultural, biographical, and historical contexts as well as their content. Have we entered or are we entering a new period of authoritarianism, instability, and change? In addition, does our present moment bear any resemblance to previous American time periods of authoritarianism, instability, and change that artists and writers have evoked? Considering these questions, you will identify and analyze literary elements including style, characterization, plot, and theme—and their capacity to evoke a powerful response from readers. This Writing Intensive class fulfills the Literature Core LE.","4","4","No","1","4","OPT - Student Option","-","Every Fall, Spring & Summer"
"ENGL","1301W","The Margins Are the Center: US Literature and Social Injustice","Twin Cities","What is the relationship between narrative and institutions of power? How do social forces shape cultural production—and vice versa? This course emphasizes how social contexts such as systemic oppression, war, dispossession, and political movements emerge in and through American literature. We will focus on selected works by U.S. minoritarian writers and artists to explore how literature is constructed and consumed (and by whom?), paying close attention to both form and content as we engage with shifting concepts of nation, representation, empire, and categories of difference (e.g. race, ethnicity, gender, sexuality, class, ability). Through class lectures, discussion, and papers, you will develop textual analysis, writing, and communication skills in our examination of the ways authors and texts respond to the dominant systems they and their reader operate within. ","4","4","No","1","4","OPT - Student Option","-","Every Fall, Spring & Summer"
"ENGL","1401W","Legacies of Colonialism: Literatures in English of the Global South","Twin Cities","This writing-intensive course will introduce you to literature of geographical locations such as Africa, Asia, and the Caribbean with the aim of examining the global impacts of colonialism, particularly for formerly colonized nations. Through close readings of our texts, you will explore the ways writers have engaged with conditions of and experiences with imperialism, global capitalism, nationalism, and displacement. What role does literature play in upholding, resisting, and/or interrogating the legacies of colonial projects? How do these texts construct and respond to these legacies as entangled with concerns of their contemporary moment, such as shifting geopolitical relations? As we think about and discuss such questions, you will be supported with instruction on reading strategies, techniques for writing a paper, and relevant critical approaches.","4","4","No","1","4","OPT - Student Option","-","Every Fall & Spring"
"ENGL","1501W","Literature and Public Life","Twin Cities","This course explores how literary language builds the collective knowledge, shared reality, and civic relationships that make up public life. Literature's power in the public sphere goes far beyond the quiet, solitary experience of reading. We will investigate how telling stories, documenting events, imagining possibilities, communicating ideals, representing conflict, and even creating fictional characters contribute to public life. Through a wide variety of texts, we will reflect on the nature of public life and on how reading and writing build civic relationships and democratic potential. This course will also offer you two tracks for actively engaging in public life. A service-­learning option will give you the experience of building literacy, developing skills in communication and public media, and strengthening roles in work and family. This recommended learning framework can engage your role as a citizen, broaden the impact of your education, and help you explore potential professional interests. Alternatively, an individually designed public project will prompt you to consider the links between literary/media culture, personal action, and public life, and to make your own intervention in these fields. To succeed in all areas of this class you must display active engagement, independent thinking and motivation, and organization.","4","4","No","1","4","A-F - A-F Grade Basis","-","Every Fall & Spring"
"ENGL","1701","Modern Fiction","Twin Cities","In Modern Fiction, we will study a selection of novels and short stories by some of the most compelling and original writers of our time. We will read work by contemporary authors and classic modernists whose stylistic innovations influenced a generation. Because literature is a continuum in which the present responds to the past, we'll note evolutions and developments in the genre over time. We will identify and analyze such elements of fiction as theme, genre, structure, form, language, and context.","3","3","No","1","3","OPT - Student Option","-","Every Fall, Spring & Summer"
"ENGL","1701H","Honors: Modern Fiction","Twin Cities","In Modern Fiction, we will study a selection of novels and short stories by some of the most compelling and original writers of our time. We will read work by contemporary authors and classic modernists whose stylistic innovations influenced a generation. Because literature is a continuum in which the present responds to the past, we'll note evolutions and developments in the genre over time. We will identify and analyze such elements of fiction as theme, genre, structure, form, language, and context. This course meets the Literature Core requirement.

prereq: Honors or instr consent","4","4","No","1","4","A-F - A-F Grade Basis","000571","Every Fall & Spring"
"ENGL","1922W","Gopher Gateway First-year Seminar: Shakespeare in London and Stratford","Twin Cities","""Shakespeare in London and Stratford"" is a Gopher Gateway Freshman Seminar with a learning abroad component, designed for all incoming students from across the University.  The course begins with a trip to London and Shakespeare's hometown of Stratford-upon-Avon in August, where we will see many of the sites that were familiar to Shakespeare and inspired his works, including his birthplace, Anne Hathaway's Cottage, the Globe Theatre, Westminster Abbey, St. Paul's Cathedral, the narrow streets of old London, and the serene country lanes of Stratford.  After taking in as much of Shakespeare's world as we can fit in, we will return to Minnesota and continue our study of what Shakespeare means to us today.  Students will be part of a close cohort in this class, combining college readiness skills with academic content.

About the instructor:
Katherine Scheil is Professor of English and Associate Dean of Undergraduate Education and Academic Affairs. She has taught Shakespeare at the University of Minnesota for over 20 years and regularly teaches a study abroad course, ""Shakespeare in London and Stratford-upon-Avon.""","3","3","No","1","3","A-F - A-F Grade Basis","001475","Periodic Fall"
"ENGL","3005W","Survey of American Literatures and Cultures I","Twin Cities","This writing-intensive course will survey the Anglophone literature of what would become the United States from the arrival of English settlers to the Civil War. We will define ""literature"" broadly to not only include fiction and poetry but also the sermon, the letter, the essay, the autobiography, and other non-fictional forms. Course topics will include the Puritan theology that cast such a long shadow over the American cultural imagination; the fraught literary construction in the Revolutionary era of a national identity under the influence of such Enlightenment ideals as reason, civility, cosmopolitanism, and sympathy; the Gothic doubts about democracy that attended the literature of the early republic; the rise in the mid-nineteenth century of a radical intellectual and social movement in Transcendentalism; the antebellum ideological struggles over such political issues as slavery, industrialism, women's rights, and Native American rights; and the self-conscious cultivation of a national literary aesthetic in the Romantic prose and poetry of the period later critics would come (controversially) to call ""the American Renaissance.""","4","4","No","1","4","OPT - Student Option","-","Every Fall, Spring & Summer"
"ENGL","3006V","Honors: Survey of American Literatures and Cultures II","Twin Cities","This course will survey some of the major literary figures, aesthetic movements, and thematic concerns of US literature from the Civil War to the present. Our investigation will identify common traits in the literature that causes it to fit within three very broad literary historical categories: realism, modernism, and postmodernism. We will explore what makes literature created by the people of the United States distinctly ""American"" during a period that extends from the Civil War and the outlawing of slavery to women's suffrage, workers' movements, the Great Depression, the First and Second World Wars, and the civil rights movement. In addition to reading and analyzing the literature itself in terms of style, form, genre, and language, we will study it in historical context: the complex interplay between the political, the social, the cultural, and the literary in the United States. This approach rests upon the notion that literature is not created in a vacuum; it is influenced by and influences the world in which it is created.","4","4","No","1","4","A-F - A-F Grade Basis","000600","Periodic Fall & Spring"
"ENGL","3006W","Survey of American Literatures and Cultures II","Twin Cities","This course will survey some of the major literary figures, aesthetic movements, and thematic concerns of US literature from the Civil War to the present. Our investigation will identify common traits in the literature that causes it to fit within three very broad literary historical categories: realism, modernism, and postmodernism. We will explore what makes literature created by the people of the United States distinctly ""American"" during a period that extends from the Civil War and the outlawing of slavery to women's suffrage, workers' movements, the Great Depression, the First and Second World Wars, and the civil rights movement. In addition to reading and analyzing the literature itself in terms of style, form, genre, and language, we will study it in historical context: the complex interplay between the political, the social, the cultural, and the literary in the United States. This approach rests upon the notion that literature is not created in a vacuum; it is influenced by and influences the world in which it is created.","4","4","No","1","4","OPT - Student Option","-","Every Fall, Spring & Summer"
"ENGL","3007","Shakespeare","Twin Cities","From Taylor Swift to Greta Gerwig, from Toni Morrison to Nelson Mandela, Shakespeare's works have continued to influence and inspire authors, artists, and audiences around the globe. In this upper division course you will study representative works of Shakespeare from a variety of cultural perspectives, as texts that have had a long and enduring vitality well beyond their historical context. This course tracks the history of Shakespeare?s plays across time, in various artistic forms including art, music, film, and social media, looking at the ways these literary works have responded to issues of gender, race, sexuality, religion, disability, and class.English majors/minors must take this course A-F only grading basis.","3","3","No","1","3","OPT - Student Option","-","Every Fall, Spring & Summer"
"ENGL","3007H","Honors: Shakespeare","Twin Cities","From Taylor Swift to Greta Gerwig, from Toni Morrison to Nelson Mandela, Shakespeare's works have continued to influence and inspire authors, artists, and audiences around the globe. In this upper division course, you will study representative works of Shakespeare from a variety of cultural perspectives, as texts that have had a long and enduring vitality well beyond their historical context. This course tracks the history of Shakespeare’s plays across time, in various artistic forms including art, music, film, and social media, looking at the ways these literary works have responded to issues of gender, race, sexuality, religion, disability, and class.

English majors/minors must take this course A-F only grading basis.","3","3","No","1","3","OPT - Student Option","000571","Every Fall & Spring"
"ENGL","3013","The City in Literature","Twin Cities","City life has always inspired great writing, and The City in Literature provides students with an opportunity to read and respond to a selection of works that are, in one way or another, about cities. The primary emphasis of the course is on texts written in English during the 19th, 20th, and 21st centuries, but some writing in translation and from other periods may also be assigned. Possible authors include but are not limited to the following: Guillaume Apollinaire, Charles Baudelaire, Kamau Brathwaite, Gwendolyn Brooks, Sterling Brown, Anna Burns, Charles Dickens, T.S. Eliot, Elena Ferrante, Allen Ginsberg, James Joyce, Juvenal, Federico Garcia Lorca, Amy Levy, Mina Loy, Claude McKay, Frank O’Hara, Derek Walcott, Walt Whitman, Patricia Williams, Virginia Woolf, William Wordsworth, William Butler Yeats. ","3","3","No","1","3","OPT - Student Option","-","Every Spring"
"ENGL","3022","Science Fiction and Fantasy","Twin Cities","Science fiction extrapolates from reality and science, while fantasy invents what likely couldn’t exist.  As the two function as rival, unreal genres under the larger heading of fantastika, they lead us to consider dual worlds. Through reading diverse literary texts, sometimes including films adapted from the literature, students will explore unreal characters, cultures, ecologies, genders, languages, races, politics, settings, and technologies. By depicting invented worlds that differ in some way from the real world, works of fantastika automatically invite us to compare the real and unreal worlds and to scrutinize the differences between the two. Expect to discuss the double and the notion of doubling, as well the past, present, and future and other odd considerations inherent to fantastika.","3","3","No","1","3","OPT - Student Option","-","Every Fall & Spring"
"ENGL","3023","Children's Literature","Twin Cities","How many times have you read a children’s or young adult book and bonded with someone else who has also read it? If you never have, expect to do so with your professor and fellow students. Children’s literature has always enjoyed an enormous readership, and adults read as much, if not more of it, than kids do. Unlike other works of literature, they are more likely to contain art. What role do the illustrations and art play a role in telling the story? You will read contemporary and historical works with a focus on diversity regarding authors, themes, and readership. By the end of the course you will have gained an overview of this literary tradition and increased your understanding of the enduring appeal of children’s books. ","3","3","No","1","3","OPT - Student Option","-","Every Fall & Spring"
"ENGL","3028","Paranoia and Pleasure: Contemporary American Spy Novels","Twin Cities","Spy fiction emerged in Britain and the United States during the early 20th century.  Since then, it proliferated thematic sub-genres such as Tom Clancy’s techno-thrillers, Vince Flynn’s CIA-trained assassin, James Rollins’ science disaster group, David Baldacci’s eccentric Camel Club, and Daniel Silva’s globe-trotting Israeli spy Gabriel Allon.  Spy Fi is concerned with threats to the state--Nazis, Russians, rogue states, terrorist masterminds, and moles here at home.  In contrast to British Spy Fi, famously represented by James Bond, the MI6 agent who plied his trade in sophisticated or exotic settings, American novels tend to feature cowboy protagonists with military or sports backgrounds and a penchant for spectacular violence.  In this course, we will read novels and analyze the development of sub-genres, protagonists, plots, settings, and language; the shifting roles of female characters; the paranoiac ideologies that hover beneath the narratives or pop to the surface; and the target audiences and sales.","3","3","No","1","3","OPT - Student Option","-","Periodic Fall & Spring"
"ENGL","3032W","Shakespeare in London and Stratford","Twin Cities","Have you ever wondered where a great artist like Shakespeare got his inspiration? What if you could follow in Shakespeare’s footsteps and nurture your creative and innovative side by immersing yourself in the places and spaces of Shakespeare’s life? And what if you could do this while at the same time earning Writing Intensive (WI) and Liberal Education (LE) credit. This learning abroad course is your chance to do just that! Shakespeare in London and Stratford meets during the regular semester and includes a study abroad component during spring break. The course is geared to students of all levels from across the University, from science majors to business majors, from premed students to studio art majors. We will begin our course in cold, snowy Minnesota in January and February, covering an introduction to Shakespeare’s life and his world, and then studying several of his plays, based in part on what plays are performed in London and Stratford. Then, we will travel to London over spring break for a hands-on, in-depth whirlwind experience, taking in as much of Shakespeare’s world, both from the early modern period, and from what Shakespeare means today, in London and Stratford. To get a feel for the spaces that Shakespeare drew on for inspiration when writing his plays, we will walk through his London neighborhoods, visit his parish church, tour the reconstructed Globe Theatre where most of his plays were performed, eat a meal in the 12th-century Borough Market nearby, and tour Southwark Cathedral where his brother Edmund is buried and where he likely worshiped. In Shakespeare’s London, we will also visit the archaeological sites of several early modern theatres that have been recently excavated, including The Rose, The Theatre, and The Curtain, as well as the monument to the two people who preserved Shakespeare’s works for posterity, John Heminges and Henry Condell, and the Cathedral (St. Paul’s) that  overlooked his world and housed the neighborhood booksellers who sold his plays. We will continue to trace the material items that survive related to Shakespeare and his world, in the Victoria and Albert Museum, the British Museum, and the Wallace Collection, thinking about how and why particular items are preserved and used for commemoration. London also offers many examples of Shakespeare’s long-standing influence on other writers and artists, and we will examine many of these works in the National Gallery, and analyze how Shakespeare is commemorated and remembered in modern Britain, in Poet’s Corner at Westminster Abbey, the Shakespeare Monument in Leicester Square, and the Globe Theatre Complex. In London, we will attend performances of Shakespeare’s plays, and consider how this early modern writer’s works are made to speak to our contemporary moment. We will then travel to Shakespeare’s hometown of Stratford-upon-Avon, journeying to Holy Trinity Church, where Shakespeare and his family worshiped and where they are buried. As tourists have for over 200 years, we will seek out inspiration by visiting Shakespeare’s Birthplace in Stratford, and the home of his wife Anne Hathaway in the nearby village of Shottery. While in Stratford, we will tour the Royal Shakespeare Company theatres and analyze how Shakespeare is presented to a twenty-first century audience. When we return to Minnesota after Spring Break, we will continue our study of Shakespeare’s plays, and will end the course with some of Shakespeare’s most popular works—his Sonnets—recently “translated” into rap by The Sonnet Man; into a novel by Akala, the founder of the British Hip-Hop Shakespeare Company; and immortalized by writers from Maya Angelou to Amanda Gorman. ","3","3","No","1","3","OPT - Student Option","-","Every Spring"
"ENGL","3061","Literature and Music","Twin Cities","In this course, we will explore the connections and parallels between music and literature, assessing both form and content and drawing upon various genres from both arts. We will examine some of the ways that musical and literary texts can change, subvert, or augment each other by applying critical and literary theories to intertextual readings. Among the subjects we may discuss are how authors use music in their work, both structurally and topically; how musicians use literature, both as lyric and as subject matter; and how members of each group engage the artistic assumptions of the other.  Students will gain a greater appreciation of the varied forms of creative expression and an increased understanding of how they influence each other through close reading and listening, discussions, reflective writing, and presentations. ","3","3","No","1","3","OPT - Student Option","-","Every Spring"
"ENGL","3072","Witchcraft, Possession, Magic: Concepts in the Atlantic Supernatural, 1500-1800","Twin Cities","Salem is what typically comes to mind when we think of witchcraft, and our class will indeed focus on the 1692 trials and their aftermath. But we will also range more broadly, exploring witchcraft in the early Atlantic world by paying special attention to the roles played by magic and possession. A fundamental aspect of this course, moreover, is its distinction as a literary one. This is not a class about how witchcraft, possession, and magic “change over time” but a class about their representations. From the beginning, we will be deeply attentive to the fact that each and every “evidence” of witchcraft, possession, or magic is an act of representation in the first place. As literary historians, we will move from Europe to the Americas, looking at how invocations and accusations of witchcraft traveled between the 16th and late-18th centuries. More importantly, as literary critics we will trace and examine depictions of witchcraft and the idea of the witch across four interrelated socio-historical contexts: the Protestant Reformation in 16th-century Europe; slave medicine and obeah in the Caribbean; possession and the “invisible world” in Puritan Massachusetts; and revivalism in 18th-century New England. By the end of this course, you will be able to: interpret literary texts and understand the literary aspects of historical documents; place literature in relation to its historical and cultural contexts; locate and evaluate relevant scholarship and cultural commentary; and formulate and communicate focused and stylistically appropriate that supports its claims with textual evidence, especially through close and critical reading.","3","3","No","1","3","OPT - Student Option","-","Every Spring"
"ENGL","3091","The Literature and Film of Baseball","Twin Cities","Baseball is the national pastime, often evoked with Mom and apple pie in a trinity of American-ness. How do Americans represent something they see as so quintessentially themselves? In this class, we will look at the variety and complexity of answers given to that question, from sunny nostalgia, to valorization of the individual, valorization of the team, depictions of the dark side of the American dream, critiques of racial relations, and an approach that strives to eliminate both the poetry and the hand-wringing with a long hard look at numbers and facts. In this journey, we will study and participate in a number of ways that literature teaches us to understand society and ourselves. We will examine the idea of American pastoral and anti-pastoral. We will use the great variety of ways to write about baseball as a platform to consider how we come to know and believe. Throughout the course, we will examine the way baseball writing treats race and gender. We will also look at excerpts of films made from some of the texts. Comparing the films to the literature allows us to discuss what representations of America seem more palatable to producers aiming for a larger audience than literature usually reaches and to highlight ways writing makes arguments that films cannot.","3","3","No","1","3","OPT - Student Option","-","Every Spring"
"ENGL","3092","The Original Walking Dead: Misbehaving Dead Bodies in the 19th Century","Twin Cities","Examination and analysis of 19th-century British literature about dead bodies, the science of death, burial practices and anxieties, and theories of the supernatural. This course includes fiction and poetry but also non-fiction, historical documents, and sensationalist media.","3","3","No","1","3","OPT - Student Option","-","Every Fall"
"ENGL","3093","Law and Literature","Twin Cities","ENGL 3093 Law & Literature examines how law and literature render diversity and social justice.  The law is generally defined as a country’s (or community’s) system of rules that regulate people’s actions and administer justice to them.  Literature is generally defined as an assortment of oral and written texts regarded as having intellectual, aesthetic, and moral value.  This course puts legal and literary texts into conversation to answer questions about how they render the equality of and the justice for diverse peoples.  ","3","3","No","1","3","OPT - Student Option","-","Every Spring"
"ENGL","3101","Knights and Pilgrims in Medieval Literature","Twin Cities","Medieval writers and readers were fascinated by stories about knights and about pilgrims.  In this course, we study some of the best-known and most compelling narratives and poems from the Middle Ages.  Although written hundreds of years ago, these literary works speak to us of the human desire to strive for meaning and excellence, to work toward shared ideas of community, and to explore worlds beyond the sometimes narrow confines of home.

Knights and pilgrims appear as central figures in a wide range of literary works.  Some of the texts are humorous, like Chaucer's Canterbury Tales in which pilgrims, from social classes ranging from knights to tradespeople, travel together and tell stories.  Some are exciting and emotional, like Malory's retelling of stories about King Arthur and his knights.  Others provide us with explorations of longing for change:  in these works people search for new kinds of social and spiritual life such as Margery Kempe's autobiographical account of her experiences as a pilgrim to Rome and the Holy Land.  Still others, such as Langland's Piers Plowman, which incorporates pilgrimage and chivalric quest, critique and explode static ideas about social problems such as poverty and hunger.  Some draw our attention to the dangers and turmoil involved in love and relationships, such as Marie de France's courtly, aristocratic lays:  Marie's knights and ladies take up the search for love and meaning.  Some, finally, invite us to imagine ourselves in mysterious otherworlds, such as Mandeville's Travels and Sir Orfeo, both of which focus on travel and self knowledge.  These exciting and challenging works continue to speak to us about the quest to pursue ideals and to change the world and ourselves.
","3","3","No","1","3","AFV - A-F or Audit","-","Fall Odd Year"
"ENGL","3151","British Romantic Literature and Culture","Twin Cities","In British Romantic Literature and Culture, students read poetry and prose written during the Romantic Period (1780-1832). Romantic authors permanently changed the way literature treats numerous subjects: nature, the imagination, revolution, war and politics, the role of the poet, the depiction of common life and language, and the representation of personal experience, to name a few. This was a period of great stylistic innovation, as authors experimented with the use of symbolism and the adaptation of classical mythology and explored medieval/gothic images and themes. Possible authors to be studied in this course include Jane Austen, Anna Letitia Barbauld, William Blake, Lord Byron, Samuel Taylor Coleridge, Felicia Hemans, John Keats, Mary Shelley, Percy Shelley, Charlotte Smith, Mary Wollstonecraft, William Wordsworth.","3","3","No","1","3","OPT - Student Option","-","Fall Odd Year"
"ENGL","3161","Victorian Literatures and Cultures","Twin Cities","Why is the twenty-first century so obsessed with the nineteenth?  From steampunk to political rhetoric, from movies to sex, writers and artists look back to the Victorian era for inspiration and challenge.  One reason might be that Britain was the first country to experience the full effects of industrialized capitalism, with the opportunities and misery that it created.  It also developed one of the largest empires in history, an empire whose legacy continues to shape global politics in good and bad ways.  For all these reasons, understanding the Victorians is key to understanding ourselves.

Women writers like Charlotte Bronte and George Eliot have always been at the center of Victorian studies, so the history and politics of gender are vital to Victorian literature.  Class likewise remains inescapable in Victorian fiction with its sharp sense of a world divided into haves and have nots; depictions of the catastrophic effects of the factory system on the urban poor pervade Victorian literature and challenge readers to ponder how, and if, reading might lead to political action.  Race has increasingly reshaped understandings of the literature of the period; although Britain abolished slavery in 1833-34, the period saw both a heightening of racist rhetoric and representation and the growth of a market for works by writers of color from the colonies, including Mary Seacole, J. J. Thomas, and Toru Dutt.  

Digital tools have made the present moment an exciting one in which to study this literature because so much information is now available:  Victorian writing has become hyperaccessible for those with access to computers.  For this class, this accessibility means that students have the opportunity not just to learn exiting knowledge about the period but to discover new truths about it for themselves.  This course aims to empower students to find their own paths to understanding and representing the Victorians as a way of revising how they see their present.
","3","3","No","1","3","OPT - Student Option","-","Periodic Fall & Spring"
"ENGL","3181","Contemporary Literary Nonfiction","Twin Cities","Contemporary literary nonfiction from the 1960s to the present, covering developments in narrative nonfiction, memoir, and personal essay.","3","3","No","1","3","OPT - Student Option","-","Every Spring"
"ENGL","3183","Living Poets","Twin Cities","Why wait to read today’s poets until they’re dead? Instapoets and Tik Tok poets are bringing poems to everyone, including people with no experience reading and analyzing poetry. Due to the compressed brevity of a poem, it’s an art form that excels in a digital, textual age. In Living Poets, you will read many different poetic works, including those by Asian American and Pacific Islander, Black, Brown, Indigenous, female-identified and queer poets who are very much alive, here in the Twin Cities and across the USA as well as the world. Unlike poems from centuries ago, these poems use contemporary language and are grounded in more recent events and experiences—contexts that make these poems easier to enter as readers.  Using contemporary culture as a comfortable entry point to the timeless subject of poetry, you will consider the literary histories and movements that precede these poems, such as Confessionalism, as well as forms that poets reinvent, such as the sonnet. In which ways do these poets defy or fit into poetic traditions? What new directions are these poets taking? Hear their words, read their books, and find out.","3","3","No","1","3","OPT - Student Option","-","Every Spring"
"ENGL","3303W","Writing Differences: Literature by U.S. Women of Color","Twin Cities","Interpret/analyze poetry, fiction, and drama of U.S. women minority writers. Relationship of writer's history, ethnicity, race, class, and gender to her writings.","3","3","No","1","3","OPT - Student Option","-","Fall Odd Year"
"ENGL","3331","LGBTQ Literature: Then and Now","Twin Cities","LGBTQIA life in the US has changed significantly over the past few decades. By examining a selection of poetry, prose, and film, our class will try to answer the questions: ""How did we get to where we are today?"" and ""Where do we go next?"" We will look at classic works in their historical contexts to see what was revolutionary about their publication; we will trace how they paved the way for all that followed. We will look at very new works to understand the concerns of twenty-first century LGBTQIA writers and readers. From the ""lavender scare"" to the Stonewall Riots to the AIDS pandemic to marriage equality to genderqueer and trans movements, we will explore how LGBTQIA authors and filmmakers have both responded to and shaped the ethos of our times. ","3","3","No","1","3","OPT - Student Option","-","Every Fall"
"ENGL","3352","Weird Books by Women and Gender-variant Writers","Twin Cities","Literature by women and writers outside the gender binary have historically expressed many varieties of weirdness and non-normativity. In this weird books class, you will read historical and contemporary texts that can all be described loosely as creating discomfort for readers through literary effect, reversal of expectation, odd juxtaposition and other literary devices. “Weird,” in this class and context, is never a pejorative adjective. While experimental texts and non-linear narratives are the most manageable if puzzling examples of these weirdnesses, you will also explore texts that unsettle the reader through the feelings they evoke and the wonderfully strange imaginings they explore.","3","3","No","1","3","OPT - Student Option","-","Every Fall"
"ENGL","3353","Jane Austen's Afterlives","Twin Cities","Why do the novels of Jane Austen, which were first published over two hundred years ago, still captivate readers all over the world? In this discussion-based course, which fulfills the Literature Core LE, we will closely examine five of Austen’s major novels alongside the far more
voluminous body of scholarship, sequels, screen adaptations, and fan responses that these works have inspired. Besides considering Austen's distinctive style, her contribution to the development of the novel form, and the cultural and historical context in which she wrote, we will explore a
variety of ways in which the author and her work have been represented and reimagined across the globe. By focusing on a single author in depth, members of this course will not only investigate the array of cultural functions that “Jane Austen” has come to serve, but also hone their ability to analyze fundamental aspects of literary technique.","3","3","No","1","3","OPT - Student Option","-","Every Spring"
"ENGL","3501","Public Discourse: Coming to Terms with the Environment","Twin Cities","This course explores significant environmental issues (such as environmental justice, toxic chemicals, climate change) through the analysis of texts from diverse literary genres. It focuses as much on issues of language and meaning as it does on the subjects these texts concern. Students examine the formal dimensions of these texts, as well as their social and historical contexts. In addition, students are introduced to the underlying scientific principles, the limitations of technologies, and the public policy aspects of each of these issues, in order to judge what constitutes an appropriate response to them. Students also learn how to identify and evaluate credible information concerning the environment.","3","3","No","1","3","OPT - Student Option","-","Every Fall & Spring"
"ENGL","3502","Nature Stories: Environmental Discourse in Action","Twin Cities","Explore contemporary texts from multiple disciplines to analyze the role of stories in interpreting nature. Emphasis on lived experience, civic motivation, and observational research that enrich effective nature writing. Optional service-learning component.","4","4","No","1","4","OPT - Student Option","-","Every Fall"
"ENGL","3507W","Identity, Displacement, Resistance in Chicano Literature","Twin Cities","What is Chicano literature, and how is it similar or different from other American literatures? We will journey through the world of Chicano novels, short stories, creative non-fiction, drama, essay, poetry, graphic writings, and other hybrid forms of literature to understand the cultural, intellectual, sociopolitical traditions of the Mexican American in the United States.","3","3","No","1","3","OPT - Student Option","-","Every Fall & Spring"
"ENGL","3592W","Introduction to Black Women Writers in the United States","Twin Cities","From Harriet Jacobs’s depictions of her life in bondage in Incidents in the Life of a Slave Girl to Audre Lorde’s moving essays on feminism and social (in)justice to Beyonce’s visual album Lemonade, black women’s writing has much to tell us about the meaning of survival and the myriad ways that race, class, gender, and other modalities of difference intersect in the national imaginary. In this course, we will use black women’s various forms of writing about themselves—from memoirs, autobiographies, and essays to blogs, song lyrics, and documentary films—as the source material for contemplating the sociocultural conditions of black female life in the past and present.","3","3","No","1","3","A-F - A-F Grade Basis","-","Every Spring"
"ENGL","3597W","Introduction to African American Literature and Culture I","Twin Cities","African American oral tradition, slave narrative, autobiography, poetry, essay, fiction, oratory, and drama, from colonial era through Harlem Renaissance.","4","4","No","1","4","OPT - Student Option","-","Every Fall"
"ENGL","3598W","Introduction to African American Literature and Culture II","Twin Cities","African American oral tradition, autobiography, poetry, essay, fiction, oratory, drama. From after Harlem Renaissance to end of 20th century.","4","4","No","1","4","OPT - Student Option","-","Every Spring"
"ENGL","3741","Literacy and American Cultural Diversity","Twin Cities","Literacy and American Cultural Diversity combines academic study with experiential learning in order to collectively build more engaged, more complex understandings of literacy, educational institutions, counter-institutional literacy programs, the grassroots and nonprofit sectors, and the struggles of a multicultural civil society in a putative democracy.  We will ground our inquiry in government studies, as well as sociological, historical, and educational writings. Standard literature, such as a memoir, a selection of poems, some short fiction, and a novel will further open up our twin themes of literacy and multiculturalism – as will less “official” literature, such as manifestos and the transcribed stories of immigrants, refugees, and other marginalized communities.

We begin with the basic understanding of literacy as reading and writing, noting that, according to the National Survey of Adult Literacy, 46% of Americans scored in the lowest two levels of a five-tiered literacy test. What does this mean? Are such tests accurate or otherwise helpful?   What about your basic literacy? As you read this syllabus, you’re making use of basic abilities that you’ve likely been practicing most of your life through formal schooling, daily routines, recreational pursuits, and work-related duties. But there’s more. On another level, you bring knowledge to your reading (some conscious, some unconscious), and the ideological field supplies you with assumptions about the role of literacy in your development, the role of a university course in your plans for your personal and professional life, and your position in a society that constantly raises the standards of literacy, basing success on your ability to keep up. Thus the very word “literacy” calls into play many beliefs we have about our class system, our cultural life, economic and political structures, and educational institutions. Accordingly, our analysis will move beyond basic “reading and writing” to wider concepts of literacy in our society, investigating issues that have much to do with our role as public citizens involved in shaping our individual and collective future.  In tandem with our “classroom” work, our service-learning work in the community (see Your Practicum as Literacy Workers, below) will enable us to develop more “tangible” understandings of the ways that literacy, educational theories, practices, and the construction of knowledge and skills through educational policies provide a “map” of the shifting socioeconomic, cultural, and political terrains of the U.S., the institutional inequities that result from these arrangements, as well as the justice work needed to transform those inequities.","4","4","No","1","4","OPN - Student Option No Audit","-","Every Fall & Spring"
"ENGL","4311","Asian American Literature and Drama","Twin Cities","Literary/dramatic works by Asian American writers. Historical past of Asian America through perspective of writers such as Sui Sin Far and Carlos Bulosan. Contemporary artists such as Frank Chin, Maxine Hong Kingston, David Henry Hwang, and Han Ong. Political/historical background of Asian American artists, their aesthetic choices.","3","3","No","1","3","AFV - A-F or Audit","-","Fall Odd Year"
"ENGW","1101V","Honors Introduction to Creative Writing","Twin Cities","In this course, we will explore the fundamentals of creative writing. We will start by looking at the building blocks of good imaginative writing: image, voice, character, setting, story, and revision. We will then move on to a more in-depth examination of three forms: literary nonfiction, fiction, and poetry. Students will learn how to read as writers, obtain an understanding and appreciation for imaginative writing, and gain a sense of themselves as creative writers. We will be trying many exercises and assignments, from brainstorming experiments to final drafts, so come ready to write.

Since this is an Honors course, it is designed to be challenging and to immerse students in the literary landscape. The literary citizenship requirement will take students beyond the normal classroom environment and into the community to attend and respond to readings. We will also supplement the textbook with classroom visits and additional readings by the most exciting and innovative poets, fiction writers, and creative nonfiction writers working today. Students will also contribute to the course readings by presenting a poem of their choosing to the class, explaining its techniques and importance. This will tie in with larger discussions of what works gain popular and academic attention and how this happens, including investigations of the role of anthologies and social media.
","4","4","No","1","4","A-F - A-F Grade Basis","000571","Every Fall"
"ENGW","1101W","Introduction to Creative Writing","Twin Cities","In this course, we will explore the fundamentals of creative writing. We will start by looking at the building blocks of good imaginative writing: image, voice, character, setting, story, and revision. We will then move on to a more in-depth examination of three forms: literary nonfiction, fiction, and poetry. Students will learn how to read as writers, obtain an understanding and appreciation for imaginative writing, and gain a sense of themselves as creative writers. We will be trying many exercises and assignments, from brainstorming experiments to final drafts, so come ready to write.

prereq: Students may not audit this course","4","4","No","1","4","OPN - Student Option No Audit","-","Every Fall & Spring"
"FREN","3101W","Methods in French and Francophone Studies","Twin Cities","Taught entirely in French. 

In this course, you will delve deeply into original stories, lyrics, plays, and films in French, from around the world and across time. What verbal and visual codes carry meaning in a given culture? How do cultures create a space for the subject or the self?

As you discuss these questions, you will become a faster and more independent reader, gain sensitivity to the sonorities and rhythms of the French language and the nuances of sense it makes possible, and learn to perceive implicit meaning in texts. Theoretical readings and lessons in developing thesis statements and organizing arguments will enhance your ability to understand and create complex arguments in French.

Each individual section of this course addresses these questions with a different selection of readings and films grouped around a specific theme, so please consult the Class Info page to find out more!

nonfiction texts, cultural artifacts, and audio/visual media pertaining to France and Francophone communities across the centuries.

prereq: 3016 or equiv","3","3","No","1","4","OPT - Student Option","-","Every Fall & Spring"
"GER","3104W","Reading and Analysis of German Literature","Twin Cities","Introduction to literary analysis. Readings from drama, prose, and lyric poetry, from 18th century to present.

prereq: 3011W","3","3","No","1","3","OPT - Student Option","012171","Every Fall"
"GER","3601","German Medieval Literature","Twin Cities","Literary investigation of the greatest works of medieval German poetry. Readings in English.  Majors will be required to write a paper with  use of secondary sources in English and German.

prereq: No knowledge of German required","3","3","No","1","3","OPT - Student Option","-","Fall Odd, Spring Even Year"
"GER","3641","German Folklore","Twin Cities","Literary and cultural investigation of the main folklore genres: charms, legends, folktales, and ballads; their composition, origin, and role in society with a strong emphasis on their international character. Readings in English.  Majors required to write a paper with use of secondary sources in English and German.

prereq: No knowledge of German required; cr for major or minor by arrangement with instructor","3","3","No","1","3","OPT - Student Option","-","Fall Even, Spring Odd Year"
"GER","3651","Thinking Environment: Green Culture, German Literature and Global Debates","Twin Cities","How environmental thinking became social-political force through German literature/culture, with comparisons to global or U.S. developments. Authors include Goethe, Christa Wolf, Enzensberger.","3","3","No","1","3","OPT - Student Option","-","Fall Odd, Spring Even Year"
"GER","5651","Thinking Environment: Green Culture, German Literature and Global Debates","Twin Cities","How environmental thinking became social-political force through German literature/culture, with comparisons to global or U.S. developments. Authors include Goethe, Christa Wolf, Enzensberger.","3","3","No","1","3","OPT - Student Option","001186","Fall Odd, Spring Even Year"
"GLBT","3309","LGBTQ Literature: Then and Now","Twin Cities","LGBTQIA life in the US has changed significantly over the past few decades. By examining a selection of poetry, prose, and film, our class will try to answer the questions: ""How did we get to where we are today?"" and ""Where do we go next?"" We will look at classic works in their historical contexts to see what was revolutionary about their publication; we will trace how they paved the way for all that followed. We will look at very new works to understand the concerns of twenty-first century LGBTQIA writers and readers. From the ""lavender scare"" to the Stonewall Riots to the AIDS pandemic to marriage equality to genderqueer and trans movements, we will explore how LGBTQIA authors and filmmakers have both responded to and shaped the ethos of our times.","3","3","No","1","3","OPT - Student Option","-","Every Fall"
"GLOS","1919W","Literature and Human Rights","Twin Cities","What are human rights? Who gets to define them? Can literature reimagine (or challenge) fundamental rights? What is the role of literature before human rights violations? Discriminatory immigration practices, work exploitation, transphobia, and genocide are some of the examples of human rights violations that different communities have been experiencing throughout history. In this course, we will explore the work of creative and autobiographical literature in validating these experiences, denouncing them, challenging the very idea of who gets to be human and who gets to benefit from Eurocentric ideas of rights and even on preventing human rights violations. We will read the Declaration of Human Rights and explore its history to understand its limitations. We will then dive into the work of biographical and creative authors around the globe to understand different views of what inalienable rights should be and who they should serve. We will get to hear from specialists in the field as well as authors who engage in these conversations. By the end of the semester, we will have learned about how human rights can be differently viewed and applied around in different societies. Moreover, we will have engaged meaningfully in the discussions about being human and human rights. We will have a better understanding of how communities resist human rights violations.

This course is taught by Ana Cláudia São Bernardo (she/they), an Assistant Professor in African American & African Studies and in the Institute for Global Studies at the University of Minnesota. Her academic work explores Afro-Brazilian and Latin American cultures with a special focus on Black women writers and the creative ways they challenge injustice. Ana is Afro-Brazilian and a UMN PhD alum, Ana’s teaching brings together Black Diaspora Studies, Black Feminisms, and questions of space, power, and belonging. Ana’s commitment to social justice is visible in her classroom. She is the proud daughter of a retired maid and the mother of a very active preschooler. ","3","3","No","1","3","A-F - A-F Grade Basis","-","Every Fall"
"GLOS","3609","Novels and Nations","Twin Cities","How do emerging and postcolonial nations enlist fiction in their claims to sovereignty and autonomy? How do the novel's literary techniques and strategies perform a unique brand of political and social critique vis a vis nations and nationalisms? We will focus on novels from a variety of national contexts from the Global North and South to show how literary analysis can be a companion to the social sciences in illuminating the historical and social contexts of the nation-state. In addition, we will consider the function of literature in allowing stateless nations to imagine a shared connection. We will also focus on the inner workings of the novel in order to understand the conventions and mechanisms of the genre and how it interconnects with related forms such as cinema, performance, and the visual arts.  ","3","3","No","1","3","OPT - Student Option","-","Periodic Fall"
"GWSS","1003W","Women Write the World","Twin Cities","Concepts in literary studies. Poems, plays, short stories, novels, essays, letters by women from different parts of world. Focuses on lives, experiences, and literary expression of women, including basic concepts of women's studies.","3","3","No","1","3","OPT - Student Option","-","Every Fall"
"GWSS","3301W","Women Writers","Twin Cities","Complexities of women's roles and way women writers have used various genres of literature to articulate personal and social struggles. Fiction, poetry, drama, critical nonfiction texts. Fidelity/betrayal within relationships and societal perceptions. What images of femininity do these writers convey? How do formal and stylistic devices transform meaning? ","3","3","No","1","3","OPT - Student Option","-","Every Spring"
"GWSS","3303W","Writing Differences: Literature by U.S. Women of Color","Twin Cities","Interpret/analyze poetry, fiction, and drama of U.S. women minority writers. Relationship of writer's history, ethnicity, race, class, and gender to her writings.","3","3","No","1","3","OPT - Student Option","-","Fall Odd Year"
"GWSS","4303W","Writing Differences: Literature by U.S. Women of Color","Twin Cities","Interpret/analyze poetry, fiction, drama of U.S. women minority writers. Relationship of writer's history, ethnicity, race, class, gender to writings.","3","3","No","1","3","OPT - Student Option","-","Fall Odd Year"
"HIST","1102","Medieval Tales and their Modern Echoes","Twin Cities","Knights of Round Table, dragon-slayers, magic djinn, pilgrims in Hell. How stories have been retold in modern fiction, film, arts. Texts from Europe/other regions of globe.","3","3","No","1","3","OPT - Student Option","-","Every Spring"
"HIST","3102","Medieval Tales and their Modern Echoes","Twin Cities","Knights of Round Table, dragon-slayers, magic djinn, pilgrims in Hell. How stories have been retold in modern fiction, film, arts. Texts from Europe/other regions of globe.","3","3","No","1","3","OPT - Student Option","-","Every Spring"
"HIST","3416","Imperialism and its Critics:  Ethical Issues, Literary Representations","Twin Cities","Significant episodes of several imperial nations to underscore themes of ethics/literature.","3","3","No","1","3","A-F - A-F Grade Basis","-","Fall Even Year"
"HMED","1015W","The Value of Health: An Introduction to Health Humanities","Twin Cities","This course introduces students to the study of Health Humanities, a field that recognizes all the ways that the achievement of health and the practice of medicine are deeply rooted in the human experience of culture, power, history, ethics, as well as science. By applying the methods, concepts, and content from traditional humanities disciplines, the health humanities aim to improve health care by influencing its practitioners to refine and complexify students’ judgments based on a deep and complex understanding of illness, suffering, personhood, and related issues. We will explore all the ways that health and medicine are shaped not just by the clinical encounter, but by social, political, and cultural forces that make the experience of medicine, health, and care ever more important. 

This course prioritizes BIG CONVERSATIONS about health, wellness, illness, care, and selfhood. It also prioritizes the need to develop effective skills of communication through in-class conversation and out-of-class writing. Additionally, this course recognizes the relationship between reading, searching for and interpreting evidence, and the clinical skills of diagnosis, patient advocacy, and humane medicine. In order to achieve these aims, we will be writing about the readings in formal and informal ways, always with an eye toward how we see agency, power, and humanity at work in the representation of medicine, illness, and health. ","3","3","No","1","3","A-F - A-F Grade Basis","-","Every Fall"
"HMED","3135W","Imagining Disability","Twin Cities","From the blinding of Oedipus and the madness of Lear to the lameness of Charles Xavier and the autism of Charles in The Curious Incident of the Dog in the Night-Time, the history of literature is filled to the brim with representations of people with disabilities. This course explores the historical, social, political, and medical construction of disability in a range of literary texts in order to understand the complex ways that the conception of disability changes over time. By examining the way that literature represents bodily difference, we will be better able to imagine a more inclusive and more just vision of society. ","3","3","No","1","3","OPN - Student Option No Audit","-","Every Spring"
"HSEM","3243H","The Evolution of Care & Belonging in the United Kingdom","Twin Cities","This Honors Seminar comprises both a course taught here at the University of Minnesota, as well as an embedded May-term trip to the UK. 

“[E]very one of us is alive because others care for us,” argues Talia Schaffer. “None of us are autonomous; our very selfhood is intermeshed with others.” This course explores the concept of care and its history, ethics, philosophy through representations of care in literature. For Butler, the concept of care and relationality “furnishes a sense of political community of a complex order, and it does this first of all by bringing to the fore the relational ties that have implications for theorizing fundamental dependency and ethical responsibility.” Relationality and dependency are not only central to how we constitute ourselves, according to Butler, but are central to how we ought to think about politics differently. This course takes as its starting point Butler’s claim that we are constituted by those ties to others and, then, asks how our view of society, history, and literature changes when we prioritize the concept of care. 

You will work with the core question of how our view of society, history, and literature changes when we prioritize the concept of care. Through a variety of guest lectures on care as it relates to marginalized communities, as well as guided museum and site tours, you will gain an understanding of how care can help to create a more inclusive and just society for all.","3","3","No","1","3","A-F - A-F Grade Basis","000571","Periodic Spring"
"HSEM","3251H","Sensation-The Past and Future of True Crime","Twin Cities","True crime as a genre is exploding in popularity. For example, the first two seasons of the podcast Serial have been downloaded 340 million times. What is at the core of the fascination with these stories? What does this appetite tell us about our culture, ourselves? Whose concerns are elevated? Whose are ignored? And what does consuming this kind of media do to our perceptions of crime levels and safety? Is true crime exploitation or an opportunity for justice? In this course, we will look at the history of the genre, from murder ballads to nineteenth-century newspaper wars where publisher titans Hearst and Pulitzer sent reporters out to solve crimes. We’ll discuss Ida B. Wells’ coverage of the largely overlooked crime of lynching, and the creation of the “nonfiction novel” by Truman Capote with his classic In Cold Blood. We will also explore the influence of this nonfiction form on other genres, like the mystery novel, and analyze the effect of technology on these narratives. Crowdsourced investigations via social media and a return to the serial form of the 19th century in long-form podcasts have been some of the surprising results. We will explore the ethics of this kind of reporting and nonfiction writing and look at the way that the increasing number of diverse voices has changed the genre.","3","3","No","1","3","A-F - A-F Grade Basis","000571","Periodic Fall & Spring"
"JWST","1201","The Bible: Context and Interpretation, World of the Hebrew Bible","Twin Cities","The Hebrew Bible and Old Testament are literary collections that modern Jewish and Christian traditions maintain as important, but these collections were initially produced by ancient Israelite scribes who composed and/or compiled the biblical texts at particular time periods in the ancient Near East. This course will introduce the academic study of biblical texts, which demands critical analysis of the literature and an openness to reading the literature from the perspective of ancient Israelite writers (who lived in a world far different from today). The course will spend considerable time on the literary (and scribal) composition of biblical prose texts; time will also be spent on the historical circumstances of biblical prophets and other writers of the biblical texts. This course will only address the ancient setting of the biblical texts and not re-interpretations in Jewish or Christian traditions. Given the scope of the course, modern interpretations of the biblical literature will not be discussed; we will only focus on this literature in its ancient setting.

prereq: Knowledge of Hebrew not required","3","3","No","1","3","OPT - Student Option","-","Every Fall"
"JWST","3201","The Bible: Context and Interpretation, World of the Hebrew Bible","Twin Cities","The Hebrew Bible and Old Testament are literary collections that modern Jewish and Christian traditions maintain as important, but these collections were initially produced by ancient Israelite scribes who composed and/or compiled the biblical texts at particular time periods in the ancient Near East. This course will introduce the academic study of biblical texts, which demands critical analysis of the literature and an openness to reading the literature from the perspective of ancient Israelite writers (who lived in a world far different from today). The course will spend considerable time on the literary (and scribal) composition of biblical prose texts; time will also be spent on the historical circumstances of biblical prophets and other writers of the biblical texts. This course will only address the ancient setting of the biblical texts and not re-interpretations in Jewish or Christian traditions. Given the scope of the course, modern interpretations of the biblical literature will not be discussed; we will only focus on this literature in its ancient setting.

prereq: Knowledge of Hebrew not required","3","3","No","1","3","OPT - Student Option","-","Every Fall"
"JWST","3635","Anne Frank: Perspectives on Her Life and Legacy","Twin Cities","This course examines Anne Frank’s iconic status as a Holocaust victim as well as an object of identification in the context of her ethnic heritage, the historical circumstances under which she came to the Netherlands, the particularity of her hiding situation, and the overwhelming success of her published journal. With a special emphasis on a broader understanding of antisemitism and racism then and now, this course takes the diary and its legacy in film, stage, and television adaptations as well as in memory culture as the basis for critical discussions.","3","3","No","1","3","OPT - Student Option","-","Periodic Fall & Spring"
"JWST","3837","Hebrew Literature: Settlement and Ideology","Twin Cities","An introductory survey of Modern Hebrew Literature and its journey from Eastern Europe through Ottoman/British Palestine to the State of Israel. The class centers on the manner in which Hebrew literature has envisioned the Middle East or “the Orient,” reflecting, manipulating, or challenging orientalist paradigms. The first part of the course focuses on Hebrew literature written by Eastern European writers, their fantasies of the East as well as their engagements with orientalist or anti-Semite prejudices. The second part examines Hebrew literature’s attempts to “nativize” in Palestine. Finally, we will read a series of texts by Ashkenazi, Mizrahi, and Palestinian Israeli writers that complicate any attempt to position Hebrew within an Orient/Occident dichotomy. No prior familiarity with Hebrew literature is necessary. All texts will be read in English.","3","3","No","1","3","A-F - A-F Grade Basis","-","Periodic Fall & Spring"
"MEST","1002","Medieval Tales and their Modern Echoes","Twin Cities","Knights of the Round Table, dragon-slayers, magic djinn, pilgrims in Hell. How these stories have been retold in modern fiction, film, and the arts. Texts from Europe and other regions of globe.  ","3","3","No","1","3","OPT - Student Option","-","Every Spring"
"MEST","3002","Medieval Tales and their Modern Echoes","Twin Cities","Knights of the Round Table, dragon-slayers, magic djinn, pilgrims in Hell.  How these stories have been retold in modern fiction, film, and the arts. Texts from Europe and other regions of globe.","3","3","No","1","3","OPT - Student Option","-","Every Spring"
"MEST","3072","Witchcraft, Possession, Magic: Concepts in the Atlantic Supernatural, 1500-1800","Twin Cities","Salem is what typically comes to mind when we think of witchcraft, and our class will indeed focus on the 1692 trials and their aftermath. But we will also range more broadly, exploring witchcraft in the early Atlantic world by paying special attention to the roles played by magic and possession. A fundamental aspect of this course, moreover, is its distinction as a literary one. This is not a class about how witchcraft, possession, and magic “change over time” but a class about their representations. From the beginning, we will be deeply attentive to the fact that each and every “evidence” of witchcraft, possession, or magic is an act of representation in the first place. As literary historians, we will move from Europe to the Americas, looking at how invocations and accusations of witchcraft traveled between the 16th and late-18th centuries. More importantly, as literary critics, we will trace and examine depictions of witchcraft and the idea of the witch across four interrelated socio-historical contexts: the Protestant Reformation in 16th-century Europe; slave medicine and obeah in the Caribbean; possession and the “invisible world” in Puritan Massachusetts; and revivalism in 18th-century New England. By the end of this course, you will be able to interpret literary texts and understand the literary aspects of historical documents; place literature in relation to its historical and cultural contexts; locate and evaluate relevant scholarship and cultural commentary; and formulate and communicate a focused and stylistically appropriate that supports its claims with textual evidence, especially through close and critical reading.","3","3","No","1","3","OPT - Student Option","-","Every Spring"
"MEST","3101","Knights and Pilgrims in Medieval Literature","Twin Cities","Medieval writers and readers were fascinated by stories about knights and about pilgrims.  In this course, we study some of the best-known and most compelling narratives and poems from the Middle Ages.  Although written hundreds of years ago, these literary works speak to us of the human desire to strive for meaning and excellence, to work toward shared ideas of community, and to explore worlds beyond the sometimes narrow confines of home.

Knights and pilgrims appear as central figures in a wide range of literary works.  Some of the texts are humorous, like Chaucer's Canterbury Tales in which pilgrims, from social classes ranging from knights to tradespeople, travel together and tell stories.  Some are exciting and emotional, like Malory's retelling of stories about King Arthur and his knights.  Others provide us with explorations of longing for change:  in these works people search for new kinds of social and spiritual life such as Margery Kempe's autobiographical account of her experiences as a pilgrim to Rome and the Holy Land.  Still others, such as Langland's Piers Plowman, which incorporates pilgrimage and chivalric quest, critique and explode static ideas about social problems such as poverty and hunger.  Some draw our attention to the dangers and turmoil involved in love and relationships, such as Marie de France's courtly, aristocratic lays:  Marie's knights and ladies take up the search for love and meaning.  Some, finally, invite us to imagine ourselves in mysterious otherworlds, such as Mandeville's Travels and Sir Orfeo, both of which focus on travel and self knowledge.  These exciting and challenging works continue to speak to us about the quest to pursue ideals and to change the world and ourselves","3","3","No","1","3","AFV - A-F or Audit","-","Fall Odd Year"
"MEST","3502","Scandinavian Myths","Twin Cities","Literary and cultural investigation of the popular beliefs, myths, and religion of the medieval Scandinavians; the interaction of paganism and Christianity; the reflection of myths in Old Scandinavian literature and art.  All readings in English.","3","3","No","1","3","OPT - Student Option","-","Fall Odd, Spring Even Year"
"RELS","1201","The Bible: Context and Interpretation, World of the Hebrew Bible","Twin Cities","The Hebrew Bible and Old Testament are literary collections that modern Jewish and Christian traditions maintain as important, but these collections were initially produced by ancient Israelite scribes who composed and/or compiled the biblical texts at particular time periods in the ancient Near East. This course will introduce the academic study of biblical texts, which demands critical analysis of the literature and an openness to reading the literature from the perspective of ancient Israelite writers (who lived in a world far different from today). The course will spend considerable time on the literary (and scribal) composition of biblical prose texts; time will also be spent on the historical circumstances of biblical prophets and other writers of the biblical texts. This course will only address the ancient setting of the biblical texts and not re-interpretations in Jewish or Christian traditions. Given the scope of the course, modern interpretations of the biblical literature will not be discussed; we will only focus on this literature in its ancient setting.prereq: Knowledge of Hebrew not required","3","3","No","1","3","OPT - Student Option","-","Every Fall"
"RELS","3075","Witchcraft, Possession, Magic: Concepts in the Atlantic Supernatural, 1500-1800","Twin Cities","Salem is what typically comes to mind when we think of witchcraft, and our class will indeed focus on the 1692 trials and their aftermath. But we will also range more broadly, exploring witchcraft in the early Atlantic world by paying special attention to the roles played by magic and possession. A fundamental aspect of this course, moreover, is its distinction as a literary one. This is not a class about how witchcraft, possession, and magic “change over time” but a class about their representations. From the beginning, we will be deeply attentive to the fact that each and every “evidence” of witchcraft, possession, or magic is an act of representation in the first place. As literary historians, we will move  from Europe to the Americas, looking at how invocations and accusations of witchcraft traveled between the 16th and late-18th centuries. More importantly, as literary critics, we will trace and examine depictions of witchcraft and the idea of the witch across four interrelated socio-historical contexts: the Protestant Reformation in 16th-century Europe; slave medicine and obeah in the Caribbean; possession and the “invisible world” in Puritan Massachusetts; and revivalism in 18th-century New England. By the end of this course, you will be able to: interpret literary texts and understand the literary aspects of historical documents; place literature in relation to its historical and cultural contexts; locate and evaluate relevant scholarship and cultural commentary; and formulate and communicate  focused and stylistically appropriate that supports its claims with textual evidence, especially through close and critical reading. ","3","3","No","1","3","OPT - Student Option","-","Every Spring"
"RELS","3201","The Bible: Context and Interpretation, World of the Hebrew Bible","Twin Cities","The Hebrew Bible and Old Testament are literary collections that modern Jewish and Christian traditions maintain as important, but these collections were initially produced by ancient Israelite scribes who composed and/or compiled the biblical texts at particular time periods in the ancient Near East. This course will introduce the academic study of biblical texts, which demands critical analysis of the literature and an openness to reading the literature from the perspective of ancient Israelite writers (who lived in a world far different from today). The course will spend considerable time on the literary (and scribal) composition of biblical prose texts; time will also be spent on the historical circumstances of biblical prophets and other writers of the biblical texts. This course will only address the ancient setting of the biblical texts and not re-interpretations in Jewish or Christian traditions. Given the scope of the course, modern interpretations of the biblical literature will not be discussed; we will only focus on this literature in its ancient setting.prereq: Knowledge of Hebrew not required","3","3","No","1","3","OPT - Student Option","-","Every Fall"
"RUSS","3404","Tolstoy in Translation","Twin Cities","Novels, stories, and philosophical writings of Leo Tolstoy.","3","3","No","1","3","OPT - Student Option","-","Spring Odd Year"
"RUSS","3411","Dostoevsky in Translation","Twin Cities","A prophet who predicted the October Revolution, the creator of characters so psychologically complex they inspired Freud, a political radical who endured a mock execution and exile to Siberia, a religious nationalist who mocked the racism of the “left” of his time, a forerunner of the Existentialists—Fyodor Dostoevsky has been called all these things and more. His “polyphonic” novels present contradictory points of view so convincingly that readers are sometimes swayed to the view he seems to have wanted to argue against. With novels that survive translation remarkably well, Dostoevsky has had enthusiastic readers across the world ever since he was alive and writing. In this course, we will read several of his best-known pieces of fiction, analyzing his artistic methods as well as his philosophical views. We will consider how his works are related to his eventful life and the debates of mid-nineteenth century Russia, on the one hand, and on the other to universal human themes.","3","3","No","1","3","OPT - Student Option","-","Spring Even Year"
"RUSS","3421W","Literature: Middle Ages to Dostoevsky in Translation","Twin Cities","Russian literature from about 1000 A.D. to mid-19th century; emphasizing writers of the first half of the 19th century.","3","3","No","1","3","OPT - Student Option","-","Every Fall"
"RUSS","3422W","Literature: Tolstoy to the Present in Translation","Twin Cities","This course helps you meet the Liberal Education core requirement in Literature through close study of the structure, ideas, cultural context, and meaning of the works we read together.

Russian 3/5422 introduces students to five of the most significant Russian writers from the mid-19th to the 20th century through close study of the structure, ideas, cultural context, and meaning of their works. At the same time, some of the course’s primary objectives include analyzing complex texts, integrating context, developing interpretive skills, and engaging with scholarly conversation through carefully designed writing assignments such as textual analysis, informal canvas reflections, and a final research essay. 

In the course of our readings, we will engage in the detailed analysis of assigned works informed by an understanding of the general cultural and historical context, as well as expectations of the time and place in which these literary works were created. The cultural and historical background will be presented through a series of lectures and assigned readings given as an introduction to the close study of the texts themselves. During the subsequent discussions, the works will be considered from the varied points of view existing contemporaneously to them as well as from the perspective of later literary developments both in Russia and in the West. Special attention will be given to major trends, experiments, searches, traditions, and conventions of Russian literary history. Main emphasis will be put on the exploration of the works themselves, their significance in Russian culture, history, and human experience as a whole. 

We will also enrich our exploration of these literary master works by viewing the selected excerpts of their creative screen adaptations both in the Russian and Western cinema. ","3","3","No","1","3","OPT - Student Option","-","Every Spring"
"RUSS","3641","Russian Myths and Folktales","Twin Cities","This course examines Russian folklore, including its roots in pre-Christian Slavic traditions, and its relationship with modern culture and experience. We will explore the connection between fairytales and myths and the evolution of Russian culture and nationality. ","3","3","No","1","3","OPT - Student Option","-","Periodic Fall & Spring"
"RUSS","5404","Tolstoy in Translation","Twin Cities","Novels, stories, and philosophical writings of Leo Tolstoy.","3","3","No","1","3","OPT - Student Option","001186","Spring Even Year"
"RUSS","5411","Dostoevsky in Translation","Twin Cities","A prophet who predicted the October Revolution, the creator of characters so psychologically complex they inspired Freud, a political radical who endured a mock execution and exile to Siberia, a religious nationalist who mocked the racism of the “left” of his time, a forerunner of the Existentialists—Fyodor Dostoevsky has been called all these things and more. His “polyphonic” novels present contradictory points of view so convincingly that readers are sometimes swayed to the view he seems to have wanted to argue against. With novels that survive translation remarkably well, Dostoevsky has had enthusiastic readers across the world ever since he was alive and writing. In this course, we will read several of his best-known pieces of fiction, analyzing his artistic methods as well as his philosophical views. We will consider how his works are related to his eventful life and the debates of mid-nineteenth-century Russia, on the one hand, and on the other to universal human themes.","3","3","No","1","3","OPT - Student Option","001186","Spring Even Year"
"RUSS","5421","Literature: Middle Ages to Dostoevsky in Translation","Twin Cities","Russian literature from about 1000 A.D. to mid-19th century; emphasizing writers of the first half of the 19th century.","3","3","No","1","3","OPT - Student Option","001186","Every Fall"
"RUSS","5422W","Literature: Tolstoy to the Present in Translation","Twin Cities","This course helps you meet the Liberal Education core requirement in Literature through close study of the structure, ideas, cultural context, and meaning of the works we read together.

Russian 3/5422 introduces students to five of the most significant Russian writers from the mid-19th to the 20th century through close study of the structure, ideas, cultural context, and meaning of their works. At the same time, some of the course’s primary objectives include analyzing complex texts, integrating context, developing interpretive skills, and engaging with scholarly conversation through carefully designed writing assignments such as textual analysis, informal canvas reflections, and a final research essay. 

In the course of our readings, we will engage in the detailed analysis of assigned works informed by an understanding of the general cultural and historical context, as well as expectations of the time and place in which these literary works were created. The cultural and historical background will be presented through a series of lectures and assigned readings given as an introduction to the close study of the texts themselves. During the subsequent discussions, the works will be considered from the varied points of view existing contemporaneously to them as well as from the perspective of later literary developments both in Russia and in the West. Special attention will be given to major trends, experiments, searches, traditions, and conventions of Russian literary history. Main emphasis will be put on the exploration of the works themselves, their significance in Russian culture, history, and human experience as a whole. 

We will also enrich our exploration of these literary master works by viewing the selected excerpts of their creative screen adaptations both in the Russian and Western cinema. ","3","3","No","1","3","OPT - Student Option","001186","Every Spring"
"SCAN","3502","Scandinavian Myths","Twin Cities","Literary and cultural investigation of the popular beliefs, myths, and religion of the medieval Scandinavians; the interaction of paganism and Christianity; the reflection of myths in Old Scandinavian literature and art.  All readings in English.","3","3","No","1","3","OPT - Student Option","-","Fall Odd, Spring Even Year"
"SCAN","3503","Scandinavian Folklore","Twin Cities","Literary and folkloristic investigation of Scandinavian folktales and legends.  Readings in translation for nonmajors.","3","3","No","1","3","OPT - Student Option","-","Fall Odd, Spring Even Year"
"SCAN","3602","The Literary Fairy Tale in Scandinavia","Twin Cities","Literary fairy tales from Scandinavia, especially Hans Christian Andersen. Readings in translation for non-majors.","3","3","No","1","3","OPT - Student Option","-","Fall Even, Spr & Summer Odd Yr"
"SCAN","3605","The Scandinavian Short Story","Twin Cities","In a digital age when communication forms have become briefer, more direct, and more immediate, the appeal of the short narrative is obvious. As opposed to lengthier genres like the epic poem or the novel, the short story can be easily read in a single sitting, giving the reader a satisfying sense of experiencing the narrative arc to its end without interruption. Rather than seeing the cultural ascendance of the short-form narrative as a troubling sign of our dwindling attention spans, this course focuses on the characteristics and the virtues of the compact narrative. In this course, students will read classic Scandinavian short stories—seeking to understand the formal qualities of this established literary genre—and also examine micronarratives of many kinds in different media, including prose poetry, mini essays, music videos, and short films. ","3","3","No","1","3","OPT - Student Option","-","Fall Even, Spring Odd Year"
"SCAN","3613","Children's Literature in Scandinavia","Twin Cities","Analysis and discussion of representative works in Scandinavian children.s literature from picture books to young adult books using a variety of critical methods of interpretation. Taught in English. ","3","3","No","1","3","OPT - Student Option","-","Fall Even Year"
"SCAN","3614","Blood on Snow: Scandinavian Thrillers in Fiction and Film","Twin Cities","Scandinavian crime novels/films against background of peaceful welfare states. Readings in translation for non-majors. Scandinavian majors/minors read excerpts in specific languages.","3","3","No","1","3","OPT - Student Option","-","Periodic Fall & Spring"
"SCAN","3634","Scandinavian Women Writers","Twin Cities","Investigation of issues important to women as articulated by Scandinavian women writers.  Historical overview of women's writing in Scandinavia and in-depth investigation of texts by contemporary women writers. All readings in translation.","3","3","No","1","3","OPT - Student Option","-","Spring Odd Year"
"SCAN","5605","The Scandinavian Short Story","Twin Cities","In a digital age when communication forms have become briefer, more direct, and more immediate, the appeal of the short narrative is obvious. As opposed to lengthier genres like the epic poem or the novel, the short story can be easily read in a single sitting, giving the reader a satisfying sense of experiencing the narrative arc to its end without interruption. Rather than seeing the cultural ascendance of the short-form narrative as a troubling sign of our dwindling attention spans, this course focuses on the characteristics and the virtues of the compact narrative. In this course, students will read classic Scandinavian short stories—seeking to understand the formal qualities of this established literary genre—and also examine micronarratives of many kinds in different media, including prose poetry, mini essays, music videos, and short films. ","3","3","No","1","3","OPT - Student Option","001186","Fall Even, Spring Odd Year"
"SCAN","5634","Scandinavian Women Writers","Twin Cities","Issues important to women as articulated by Scandinavian women writers. Historical overview of women's writing in Scandinavia. In-depth investigation of texts by contemporary women writers. All readings in translation.","3","3","No","1","3","OPT - Student Option","001186","Fall Even, Spring Odd Year"
"SOC","3005","Social Science Fiction","Twin Cities","This course applies theories, concepts, and principles from social science disciplines, such as sociology, political science, and anthropology, to social science fiction novels, stories, and films, to understand how soc-sci-fi contributes to knowledge about current societal conditions. Soc majors/minors must register A-F.","3","3","No","1","3","AFV - A-F or Audit","-","Periodic Fall & Spring"
"SPAN","3104V","Honors: Introduction to the Study of Hispanic Literatures","Twin Cities","Structures, meaning, and social/historical function of diverse literary texts.

prereq: 3015, Spanish [major or minor]or Span-Port major","3","3","No","1","3","A-F - A-F Grade Basis","000571","Periodic Fall & Spring"
"SPAN","3104W","Introduction to the Study of Hispanic Literatures","Twin Cities","SPAN 3104W offers students an introduction to the main literary genres, including prose, poetry, theater, and essay, as well as the critical methods used to analyze literary works produced in Hispanic contexts throughout different historical periods. By actively engaging with Iberian and Spanish American literary traditions through close reading and class discussions, students will develop and sharpen their analytical and critical thinking skills. In addition, in line with the University of Minnesota’s renewed emphasis on and commitment to writing-intensive classes across the curriculum, students will be required to write a series of essays in formal Spanish. Students are expected to be able to read, write, and actively participate in class discussions and activities.

Prereq: a grade of C- or better in SPAN 3015W or 3015V or 3019W","3","3","No","1","3","OPT - Student Option","011071","Every Fall & Spring"
"SPAN","3612","Don Quijote and its legacy","Twin Cities","This course is taught in English. The focus of the course will be on Cervantes’ Don Quijote, a text that has been called “the classic and purest model of the novel as genre” (Bakhtin). Our analysis shall draw on a rich array of literary/cultural theory and criticism to address the reception of this novel by different generations of readers. Our analysis and discussions will highlight key aspects of the novel, among them, 1) The formal dimensions of Cervantes’ text, especially its extraordinary display of storytelling skills and devices (multiple “authors,” narrators and narratees), and how those and other techniques contribute to the larger project of decentering traditional loci of authority; 2) The question of irony, self-reflexivity, and the constant testing of classical concepts of poetic discourse through a narrative practice that resists adherence to rules; and, 3) The literary, cultural, social, and historical underpinnings of Cervantes’ fiction as well as the relevance of Don Quijote today. Other topics introduced in the discussions include the question of censorship; the topic of arms and letters; the debates about history and fiction and truth in fiction; the appearance and disappearance of the “author”; illusion and reality; character development; the matter of justice and injustice; the exploration of self and other; the scourge of ethnic cleansing; the mass-oriented theater of the time as sociopolitical propaganda; and, above all, reading as a potentially liberating activity, thus tying it with the larger discussions of the importance of critical thinking, humanistic education, and the liberal arts.","3","3","No","1","3","OPT - Student Option","-","Periodic Fall & Spring"
"TH","4382","Inventing Ireland","Twin Cities","What does the idea of being “Irish” mean? The content of this course will employ a cultural studies and performative theory approach to exploring the development and representation of Irish identity and “Irishness” in the 20th Century through the lens of literature, drama, and film.  The course will be a three-week long study abroad course with pre-departure readings and films, on-site readings of plays and short stories, and a final project due upon return.  By studying the history and works engaged in creating and interpreting this idea of Irish identity, both from and external to Ireland, students will be asked to engage in a more complex way with the ideas of heritage, culture, and national identity in general.  Students will also read selected of essays on culture and Irish history. ","3","3","No","1","3","A-F - A-F Grade Basis","-","Periodic Spring"
"YOST","1366","Stories of Resistance & Change: Youth, Race, Power & Privilege in the U.S.","Twin Cities","This course imagines literature as an opportunity to complement other understandings of youth, and to help those who work with children and adolescents to better understand their lived experiences. We will read classic and contemporary literary texts that respond to the needs, wants, and existential questions that surround young people’s lives, and makes them visible to learners in the class who want to better understand children and adolescents in diverse settings across the United States. Youth Studies at the University of Minnesota, prepares students to work towards understanding and helping to improve the everyday lives of diverse youth. By being in this class, reading our course texts carefully, and by engaging in learning activities with classmates, students have the chance to take away new understandings from powerful stories about youth. In fact, the texts in this course contain important descriptions of how oppression looks and feels to young people as they navigate institutions and see the impacts of structural inequality on themselves, communities, families, and friends. The young people in these texts show tremendous agency, and show meaningful examples of resistance on large and small scales. We will work together with course texts about how young people challenge and are challenged by their surroundings, and take away new meanings about how young people have promoted social justice and change. 

Learning activities in this class will include reading, writing, quizzes and exams and a course project. In class learning activities include discussion, presentations, activities, and a high level of participation is expected. Why literature? Literature can be thought of as one way of knowing about the daily lives of youth. Because literature offers a rich detailed framework of meaning showing the diverse contexts of lives of children, teenagers and young adults, youth workers can use the tools of literature to make youth work meanings from literature in which young people are primary to the text. Literature can make up a new lens through which learners can understand the daily and everyday lives of youth, and can complement the important social science lenses you may already bring to the class. Students are encouraged to develop a new set of questions about youth as they use the formal tools of literature to read literary texts that represent a range of styles, formats, themes, and choices. Diversity and Social Justice Literature that centers on young people from multicultural settings offers an opportunity to think about what it is that students already know about youth from diverse backgrounds, and to question whether their understanding is correct or if there are gaps in knowledge. In other words, a course goal will be to identify epistemological gaps between what we think we know about youth, race, gender, and power and privilege, and how that is confirmed and/or made more complicated by a larger body of knowledge about social constructions of power and privilege. This course calls on our literary texts to challenge and deconstruct dominant narratives about youth and their communities. Learners in this course enter into an ongoing conversation about what social justice for youth means in the context of unequal distribution of power and constructions of privilege and oppression.","3","3","No","1","3","OPT - Student Option","-","Every Fall & Spring"
"YOST","1368W","Youth Global Perspectives","Twin Cities","This course uses literature by a diverse array of global authors as a window into youth experience and representation. We identify dominant narratives constructed through education, culture, religion, and media, and examine how authors and readers offer counternarratives. We work within social justice and decolonizing frameworks to understand how global power relations and our own perspectives are shaped by U.S. and European imperialism. We embrace the liberatory and expressive possibilities of narrative, while also recognizing the constraints exercised by the publishing industry and English language dominance. Literature opens up conversations about the lived experiences of youth. It invites us to empathize with experiences beyond our own, and provides an opportunity to highlight how cultural contexts shape interpretation. Together we will read, reflect, and analyze global texts by, for, and about youth. Accountability for readings takes the form of quizzes and reading responses. Students build skills of critical analysis through writing assignments, examining the array of choices authors make and the impact they have on audiences. Class is structured as a collaborative and interactive experience, with an emphasis on small group activities and participation.","4","4","No","1","4","OPT - Student Option","-","Every Fall & Spring"