"Course subject code","Course number","Course name","Campus","Course description","Minimum credits","Maximum credits","Is this course repeatable?","What is the maximum number of completions allowed?","What is the maximum number of credits that can be earned from this course?","Grading basis","Requirements","Typically offered term(s)"
"AFRO","3125W","Black Visions of Liberation: Ella, Martin, Malcolm, and the Radical Transformation of U.S. Democracy","Twin Cities","Course on the critical thought of Black intellectual-activists and others enmeshed in the struggles for the radical transformation of U.S. democracy. Introduces the following three leaders and activists--Ella Baker, Martin Luther King, Jr., and Malcolm X--whose work in the building of the Black freedom movement spanned the period from the 1930s to the late 1960s. Course proposition is that their life and times in the struggle for liberation offer important insights into the transformation of the U.S. political economy from the welfare/warfare state to the neoliberal state. These intellectual-activists, as well as others who translate their radical traditions through Black-Brown and Afro-Asian solidarity projects (e.g. Grace Lee Boggs of Detroit) have responded to racial formation in the U.S. and presented not just visions of liberation but concrete alternatives at the grassroots to usher in a more just, egalitarian, and ethical society.","3","3","No","1","3","A-F - A-F Grade Basis","-","Every Spring"
"AFRO","3864","African American History: 1619 to 1865","Twin Cities","Importance of dynamics of class, gender, region, and political ideology. Changing nature of race/racism.","3","3","No","1","3","OPT - Student Option","-","Periodic Spring"
"AFRO","3868W","Race, War, and Race Wars in American History","Twin Cities","Role that race has played in American war history. Impact that wars have had on race and race relations in the United States and the world. Literature and film.","3","3","No","1","3","AFV - A-F or Audit","-","Fall Odd Year"
"AMES","3671","Hinduism and the Making of Modern India","Twin Cities","This course explores the role that Hinduism has played in Indian culture and politics the late 18th c. to the present, and the way that Hinduism itself has been transformed during this period. In this course, we shall be guided by five overarching questions:
•	What are the key texts and everyday ritual practices of Hinduism, and how have these changed over the course of the last two centuries?  
•	What is the changing place of caste and especially the practice of untouchability in the understanding of what means to be a Hindu?  
•	What role do concerns about the role of women play in the religious reform movements and the emergence of new Hindu identities? 
•	What is the political role played by visions of Hinduism at and in different historical developments?  
By weaving together an analytical narrative centered around these four questions, we shall trace the remaking of Hinduism as a modern religion—one that wrestles with questions around nationalism, the public-private divide, the meaning of worship in a secular society, the relation with other religions, and equality of co-religionists.   ","3","3","No","1","3","OPT - Student Option","-","Periodic Fall & Spring"
"AMST","1012","Migrants, Refugees, Citizens, and Exiles: The U.S. on an Immigrant Planet","Twin Cities","Immigration to the United States at various historical periods and across geographical/political terrains. How immigration, as a national/racial project, is shaped by legal categories and discursive practices based on race, class, gender, and sexuality. Diverse ways marginalized groups produce national/transnational political practices.","3","3","No","1","3","OPT - Student Option","-","Every Spring"
"AMST","2011","The United States since September 11","Twin Cities","How American citizenship and nationhood have changed since 9/11. The event and its aftermath in historical perspective. Political, economic, and military antecedents. How 9/11 has changed relations between the U.S. government, U.S. citizens, immigrants, and international community. How 9/11 has been remembered.","3","3","No","1","3","OPT - Student Option","-","Every Fall"
"AMST","3253W","American Popular Culture and Politics: 1940 to the Present","Twin Cities","Historical analysis of how popular arts represent issues of gender, race, consumerism, and citizenship. How popular artists define boundaries of citizenship and public life: inclusions/exclusions in polity and national identity. How popular arts reinforce/alter political ideologies.","4","4","No","1","4","OPT - Student Option","-","Every Spring & Summer"
"ANSC","1011","Animals and Society","Twin Cities","This online course is designed for anyone interested in the ways in which we as a human society interact with, affect and are affected by non-human animals. Students will gain a broad understanding of the major ways in which humans use animals in contemporary society, including as food, as companions, as research subjects, and as entertainment. Other topics will include: social and ethical issues concerning animal use, the human-animal bond, animals in culture, and animals and the law.","3","3","No","1","3","OPT - Student Option","-","Every Spring"
"ANTH","4022","Talking Evidence: A linguistic/anthropological approach to evidence and evidentiality","Twin Cities","This class brings together the linguistic concept of evidentiality with ongoing debates about the nature of evidence—and associated concepts such as responsibility, intention, and authority—at a historical moment when what counts as “evidence” has become a political flashpoint. The course examines how these concepts are both used and theorized in anthropology, linguistics, history of science, philosophy, quantitative sciences, medicine, and law, but it foregrounds the anthropological insight that the production and evaluation of evidence—whether in ordinary conversation or in specialized fields of knowledge—is a social practice. 

This class aims to give you expertise as a linguistic anthropologist in recognizing micro-level evidential structures in ordinary daily talk and train you to become attuned to how people construct arguments around what they know, how they tell you they know it, and how they evaluate what they know (which is what linguists mean by “evidentiality”). The focus on the history of the concept of evidence in law, medicine, science—and how it is used in ordinary talk—will further equip you to participate productively in a broad array of conversations where questions of what counts as evidence are at stake. This is central to the LE you will earn for this class, “Civil Life and Ethics.”

This class, therefore, has a double focus, switching off between anthropological and linguistic studies of evidentiality on the one hand and interdisciplinary discussions of the problem of evidence in relation to the history of anthropology, science, medicine, and law on the other. The course has three primary sections: (1) A review of debates about evidentiality in linguistics, sociolinguistics, and linguistic anthropology; (2) Anthropological and historical accounts of evidence in scientific, medical, and legal contexts; and (3) “domains of doubt” where the problem of evidence and evidentiality come up against entities—ancestors, spirits, gods, UFOs—that exceed our expectations of evidential standards and evaluations. The primary goal is to think about how applying linguistic anthropological understandings of evidentiality may give us insight into highly varied cultural practices of evaluating evidence.","3","3","No","1","3","A-F - A-F Grade Basis","-","Periodic Spring"
"ANTH","4031W","Anthropology and Social Justice","Twin Cities","Practical application of theories/methods from social/cultural anthropology. Issues of policy, planning, implementation, and ethics as they relate to applied anthropology.

prereq: 1003 or 1005 or 4003 or grad student or instr consent","4","4","No","1","4","OPT - Student Option","-","Spring Odd Year"
"APEC","4451W","Food Marketing Economics","Twin Cities","Economics of food marketing in the United States. Food consumption trends, consumer food behavior, marketing strategies, consumer survey methodology, food distribution/retailing system. Policy issues related to food marketing. Individual/group projects.

prereq: [[1101 or Econ 1101], [1101H or Econ 1101H], SCO 2550 or STAT 3011 or equiv, 60 cr] or instr consent","3","3","No","1","3","OPT - Student Option","000923","Every Fall"
"ARCH","3711V","Honors: Environmental Design and the Sociocultural Context","Twin Cities","Designed environment as cultural medium and as product of a sociocultural process and expression of values, ideas, and behavioral patterns. Design/construction as complex political process.

prereq: Honors, [soph or above]","3","3","No","1","3","A-F - A-F Grade Basis","002141","Every Fall"
"ARCH","3711W","Environmental Design and the Sociocultural Context","Twin Cities","Designed environment as cultural medium/product of sociocultural process/expression of values, ideas, behavioral patterns. Design/construction as complex political process.

prereq: Soph or above","3","3","No","1","3","A-F - A-F Grade Basis","000595","Every Fall"
"ARTH","1007","Introduction to Museum Studies","Twin Cities","This class provides an introduction to museum studies in both theory and practice, with frequent reference to actual examples drawn from the long history of collecting and display. Beginning with a global overview of collecting and exhibitions, students will learn about the rise of modern museums in the nineteenth and twentieth centuries and their roots in private, monarchical, and religious contexts of keeping and curating objects. Different theories of curation and exhibition design will be introduced and discussed, using both historical and contemporary exhibitions as examples. Throughout the semester, and especially in two intensive units, students will be introduced to the wide variety of museum jobs that sustain the profession today. These include an array of fields, including: curatorial, object registrars, preparatorship, education and outreach, and public relations. Working professionals from museums in the Twin Cities will join us throughout the semester, providing students with a practical introduction to these careers.","4","4","No","1","4","OPT - Student Option","-","Periodic Fall"
"ARTH","3216W","The Power of Chicana/o/x Art: 1960s to the present","Twin Cities","What is Chicana/o/x art? Does Ruben Salazar’s bluntly stated notion of a “Chicano” suggest an answer? “A Chicano [Chicana or Chicanx] is a Mexican-American with a non-Anglo image of himself [herself or themselves]” (Los Angeles Times, 1970). Chicano, Chicana, and Chicanx identities crystalized during the Chicano Movement (1965-1980), which witnessed the rise of collective mobilizations to improve the labor conditions, education, housing, health, and civil rights for Mexican Americans. From its inception, the Chicano Movement attracted artists who created a new aesthetic and framework for producing art, but they did not merely illustrate the social and civil rights movement by creating posters and flyers. Artists theorized, negotiated, proposed, and initiated new ethics, aesthetics, and ways of thinking that supported self-determination, hope, social critique, solidarity, and justice. Increasingly since the 1980s, Chicanas and Chicanx artists renegotiated this social justice contract. Chicana/o/x art continues to inform Mexican American cultural production and the nation’s cultural heritage. Social intervention, empowerment, and institutional critique remain some of the most important innovations of American artists, Chicana/o/x artists among them.","3","3","No","1","3","A-F - A-F Grade Basis","-","Every Fall"
"ARTH","3401W","Art on Trial","Twin Cities","Why does art so often elicit anger, debate, protest, and vandalism? Arts controversies raise many difficult questions that this class examines: should artists be allowed to use taxpayer funds to create works of art critical of the government or that some find offensive? Should public sculptures commemorate Confederates, slave owners, or colonialists? How do we know when something is obscene? Is censorship ethical? Do artists have the right to control the fate of their work after it is sold? Who should decide what artists are chosen for public commissions, what artworks are selected for public buildings, or how works of art should be interpreted? Does public opinion make bad art? This course trains students in the history of arts controversies in the United States from the 19th century to the present and in the changing social conditions through which art has become a flashpoint for public debate. Assignments focus on discipline-specific research and writing techniques that build toward a group project in which students research, take up positions, and debate the merits of important case studies. The class is primarily designed for students to learn about the arts and arts policy today, i.e., the art world of which they are and will be citizens. They are asked to inspect the sources of dominant cultural beliefs and to gain a deeper understanding of and take responsibility for their own cultural, political, and artistic values.","3","3","No","1","3","OPT - Student Option","-","Periodic Fall & Spring"
"ARTS","1002","Art and Life: Thinking About Ethics Through Art","Twin Cities","Case examples from visual arts. Ethical theories. Philosophical take on relationship between art, life, ethics. ","3","3","No","1","3","OPT - Student Option","-","Every Fall & Spring"
"ARTS","3401V","Honors: Critical Theories and Their Construction From a Studio Perspective","Twin Cities","How do artists read and write theory? What roles can ideas play in the creative process? This honors course investigates practices and theories that inform the work of contemporary artists. Through a combination of readings, lectures, asynchronous discussions, writing assignments, and experiments in practice and prose, we will explore some significant questions that lie at the crossroads of ethics and aesthetics. We will also dig into our own practices as artists, writers, and thinkers to understand more fully how ethics and aesthetics intersect in what we do. Readings include texts by visual artists and poets, articles from art journals, as well as essays by art historians and critics of visual culture. This course utilizes writing and critical thinking to deepen each student's connection to contemporary art and to reflect on their own aesthetic experiences. As a writing intensive course, Critical Theories emphasizes writing as a multi-purpose tool for making sense of—and with—art.  

While not required, it is recommended that students take ARTS 1001 prior to 3401V.

prereq: Honors Student and Junior or Instructor Consent","3","3","No","1","3","A-F - A-F Grade Basis","000571","Every Fall"
"ARTS","3401W","Critical Theories and Their Construction From a Studio Perspective","Twin Cities","How do artists read and write theory? What roles can ideas play in the creative process? This course investigates practices and theories that inform the work of contemporary artists. Through a combination of readings, lectures, asynchronous discussions, writing assignments, and experiments in practice and prose, we will explore some significant questions that lie at the crossroads of ethics and aesthetics. We will also dig into our own practices as artists, writers, and thinkers to understand more fully how ethics and aesthetics intersect in what we do. Readings include texts by visual artists and poets, articles from art journals, as well as essays by art historians and critics of visual culture. This course utilizes writing and critical thinking to deepen each student's connection to contemporary art and to reflect on their own aesthetic experiences. As a writing intensive course, ARTS3401W: Critical Theories emphasizes writing as a multi-purpose tool for making sense of—and with—art. 

While not required, it is recommended that students take ARTS 1001 prior to 3401W.

Prerequisite: Junior or Instructor Consent.","3","3","No","1","3","OPT - Student Option","000238","Every Fall & Spring"
"BA","2005","Business Ethics, Corporate Responsibility & Sustainability","Twin Cities","This course seeks to give you the vocabulary necessary to describe and explain the ethical issues you will learn to identify through lectures, readings, and case studies. It will provide you with a decision-making framework that you can use to disentangle the most complicated scenarios, which will then allow you to use critical thinking and analysis to arrive at a decision on how you would respond as an individual in an ethically-defensible manner. This course will also anticipate your future career growth into positions of management and leadership, and will help give you the tools to manage people, money, and business affairs both effectively and ethically. 
BA 2005 was previously offered as Mgmt 1005","3","3","No","1","3","A-F - A-F Grade Basis","000011","Every Fall & Spring"
"BA","2005H","Business Ethics, Corporate Responsibility and Sustainability","Twin Cities","This course seeks to give you the vocabulary necessary to describe and explain the ethical issues you will learn to identify through lectures, readings, and case studies. You will be provided with a decision-making framework that you can use to disentangle the most complicated scenarios, which will then allow you to use critical thinking and analysis to arrive at a decision on how you would respond as an individual in an ethically-defensible manner. This course will also anticipate your future career growth into positions of management and leadership, and will help give you the tools to manage people, money, and business affairs both effectively and ethically. BA2005H was previously offered as MGMT1005H 

prereq: Honors student","3","3","No","1","3","A-F - A-F Grade Basis","000571","Every Spring"
"BIOL","1012","Human Biology: Concepts and Current Ethical Issues","Twin Cities","One semester exploration of human anatomy and physiology within the context of ethics; topics such as human genetic diversity, organs and tissues, disease and reproduction. Weekly policy debates.  Active learning format. Animal dissections required. Suitable for students in any major. Must be taken in addition to BIOL 1009 to fulfill prerequisites for allied health grad programs.

This course explores several interdisciplinary questions, each of which addresses biology through an ethical and societal lens.  In “What makes humans unique?”, we will consider the evolution of human traits, how the concept of race relates to human genetic diversity, and the fallibility of human memories.  In “How does blood and organ donation work?”, we will examine how our bodies can recognize and respond to foreign materials, how vaccines work, and who should have access to life saving tissue and organ transplants.  In “How do stress, diet and exercise affect health?” ,we will consider disparities in access to adequate nutrition, exposure to stress, and exercise, and how these affect our bodies and our mental health.  Lastly, in “How does a unique individual develop from a single cell”, we will examine how a single cell develops into a fully functional human being, and how similar processes lead to cancer. We will also consider the role of genes and hormones in human reproduction and the development of reproductive structures in embryos, while explicitly addressing the ethics of the distinctions between the concepts of sex characteristics, sex assigned at birth, and gender. We will learn how a cell can become cancerous, as well as how a cell develops into a fully functioning human being.  Additionally, we will consider the role of hormones in the development of male, female, and intersex organs, while being explicit about the differences between gender, sexual orientation, and sex assigned at birth.  

In lecture, instructors and teaching assistants will support students as they evaluate data and work through concepts in teams. Students will also dedicate significant time to the consideration of ethical questions in human biology, and work with teammates to organize and present a position on a policy related to an ethics question. In lab, students will further explore human anatomy and physiology, connecting structure and function through several dissections and activities. Students will read and share scientific papers, make observations, design experiments and analyze data.  Students will work in teams to complete a multi-week project on the physiology of stress. We will continue our exploration of ethics topics in lab, where we will discuss and apply ethics in human subjects research and research on non-human animals.  

About ⅓ of the course grade will be based on four traditional lecture exams and a final lab exam. The remainder of the course grade is comprised of open notes quizzes, in class team assignments, individual assignments, and team projects. Course grading is based on mastery of concepts and skills, and students are encouraged to collaborate in understanding course material.","4","4","No","1","4","OPT - Student Option","-","Every Fall & Spring"
"BIOL","1101","Genetics and Society","Twin Cities","Principles of heredity and their social and cultural implications.

prereq: Credit will not be granted if credit has been received for: BIOL 3020, Biol 4003, GCD 3022. No CBS Major Juniors or Seniors.","3","3","No","1","3","OPT - Student Option","-","Every Spring"
"BIOL","3209","Understanding the Evolution-Creationism Controversy","Twin Cities","Aspects of evolution-creationism controversy, including its history, legacy, relevance, and key people. Court decisions, public opinion, and related issues (e.g., racism, politics).

prereq: BIOL 1001, 1009, 1951 or 2002, or equiv","3","3","No","1","3","A-F - A-F Grade Basis","-","Every Fall & Spring"
"CHLS","1275","Making a Difference: Learning with Chicano and Latino Communities","Twin Cities","This course takes a different approach to service-learning, also known as community engagement. By providing opportunities for authentic engagement with Chicano and Latino communities, this course emphasizes real-world learning where it matters most. Through activities designed around relationality and real connections, this course opens new ways of being for college students interested in working with K-12 students. Students define their learning experience in this course. This is not a top-down instructor-driven course. ","3","3","No","1","3","A-F - A-F Grade Basis","-","Periodic Fall"
"CHLS","3216W","The Power of Chicana/o/x Art: 1960s to the present","Twin Cities","What is Chicana/o/x art? Does Ruben Salazar’s bluntly stated notion of a “Chicano” suggest an answer? “A Chicano [Chicana or Chicanx] is a Mexican-American with a non-Anglo image of himself [herself or themselves]” (Los Angeles Times, 1970). Chicano, Chicana, and Chicanx identities crystalized during the Chicano Movement (1965-1980), which witnessed the rise of collective mobilizations to improve the labor conditions, education, housing, health, and civil rights for Mexican Americans. From its inception, the Chicano Movement attracted artists who created a new aesthetic and framework for producing art, but they did not merely illustrate the social and civil rights movement by creating posters and flyers. Artists theorized, negotiated, proposed, and initiated new ethics, aesthetics, and ways of thinking that supported self-determination, hope, social critique, solidarity, and justice. Increasingly since the 1980s, Chicanas and Chicanx artists renegotiated this social justice contract. Chicana/o/x art continues to inform Mexican American cultural production and the nation’s cultural heritage. Social intervention, empowerment, and institutional critique remain some of the most important innovations of American artists, Chicana/o/x artists among them.","3","3","No","1","3","A-F - A-F Grade Basis","-","Every Fall"
"CHLS","3374","Si Se Puede! Migrant Farmworkers: Historical Struggles and Current Crusades","Twin Cities","The course explores the historical background of migrant farmworkers and their struggles in the United States. Students learn about the socioeconomic and political forces that impact migrant farmworkers and the effects of relevant laws and policies on their everyday lives. The role and power of consumers within the food production chain is critically analyzed to encourage reflection and civic engagement on farmworker realities. The organizing strategies of unions and advocacy groups are analyzed at the grassroots, local, statewide, and national levels. Various organizing models and campaigns are studied to address human rights problems and the future of farmworker movements.","3","3","No","1","3","OPT - Student Option","-","Every Spring"
"CHLS","4275","Theory in Action: Community Engagement in a Social Justice Framework","Twin Cities","Theoretical frameworks of social justice and community engagement for work outside classroom with/in Latina/o community. Worker issues/organizing. Placements in unions, worker organizations. Policy initiatives on labor issues. Students reflect on their own identity development, social location, and position of power/privilege. ","3","3","No","1","3","OPT - Student Option","-","Every Fall"
"CHLS","5216W","The Power of Chicana/o/x Art: 1960s to the present","Twin Cities","What is Chicana/o/x art? Does Ruben Salazar’s bluntly stated notion of a “Chicano” suggest an answer? “A Chicano [Chicana or Chicanx] is a Mexican-American with a non-Anglo image of himself [herself or themselves]” (Los Angeles Times, 1970). Chicano, Chicana, and Chicanx identities crystalized during the Chicano Movement (1965-1980), which witnessed the rise of collective mobilizations to improve the labor conditions, education, housing, health, and civil rights for Mexican Americans. From its inception, the Chicano Movement attracted artists who created a new aesthetic and framework for producing art, but they did not merely illustrate the social and civil rights movement by creating posters and flyers. Artists theorized, negotiated, proposed, and initiated new ethics, aesthetics, and ways of thinking that supported self-determination, hope, social critique, solidarity, and justice. Increasingly since the 1980s, Chicanas and Chicanx artists renegotiated this social justice contract. Chicana/o/x art continues to inform Mexican American cultural production and the nation’s cultural heritage. Social intervention, empowerment, and institutional critique remain some of the most important innovations of American artists, Chicana/o/x artists among them.","3","3","No","1","3","A-F - A-F Grade Basis","-","Every Fall"
"CI","1908W","Children and Other Talking Animals","Twin Cities","This course looks at animal tales as reflecting the never-entirely-suppressed memory of our kinship with animals and offering a hope for the future. The theoretical lens adopted in this course is environmental ethics: you’ll be challenged to reflect about what it means to be a person and/or an animal, and you’ll learn to see various genres of animal tales, historic and contemporary, as reflecting the multifaceted evolution of environmental ethics. We’ll explore the benefits of reaching out and learning from the “Other” long excluded from conversation: animals, the natural world, and children. Starting from ancient myths and beast fables, through folk and fairy tales, and on to modern novels and films and games, we’ll study stories about talking animals, animal guides, and animal companions as reflecting the complex ethical and culturally-situated conceptualizations of the human relationship with the natural world. We’ll trace the changing perception of animals in these narratives and explore the deep human need for animal companionship. We’ll explore why young children talk to animals and to the world around them. Linking the child and the animal, we’ll seek answers to why the bulk of animal stories today can be found in children’s literature. We’ll learn about anthropomorphism, totemism, animism, speciesism, environmentalism, empathic understanding and the cognitive-affective role of storytelling. Our readings will include global and multicultural narratives in the genres of fantasy, myth, folktale, fairy tale, and realistic fiction. You’ll work individually and in groups on written and oral assignments that will demonstrate your growing understanding of the role of animal tales in the past and the present—both in the context of child’s cognitive-affective development and in the context of humanity’s accelerating assault on the biosphere.

About the instructor:
Catherine Cavanaugh is a Lecturer in the Department of Curriculum and Instruction within the College of Education and Human Development at the University of Minnesota-Twin Cities. Prior to receiving her PhD from Fordham University, she was an elementary educator.","3","3","No","1","3","OPT - Student Option","001475","Every Fall & Spring"
"CI","2311W","Introduction to Technology and Ethics in Society","Twin Cities","Values and ethical issues related to technology use in education, workplace, and family/community life.","3","3","No","1","3","OPT - Student Option","-","Every Fall, Spring & Summer"
"CI","3435W","Envisioning Green New Worlds with Youth Literatures and Media","Twin Cities","The current systems of our dominant petrocivilization are up to no good. Energy, food, financial, and other systems uphold inequality and exacerbate = ecocide. Despite their clear faults, these
systems are upheld by the dominant narratives of our age. From the story of (Western-colonial) human “dominion” over the Earth, the fable of social darwinism, or the myth of unlimited growth, stories have helped to normalize unsustainability and injustice. These stories and the systems they support are so ingrained in our collective narrative that it is easier to imagine the end of the world than the end of carbon-intense petrocivilization. Humanity’s failure to develop ecologically-attuned socioeconomic systems is, in part, a failure of the imagination. But no more! This course offers students the opportunity to imagine otherwise: to develop imagination as a skill to use in designing a better, greener, more just world. Our primary tools for developing this skill will be literatures and media for young people. These will include films like Nausicaa of the Valley of the Wind, novels like The End of the Wild, youth activist memoirs like A Bigger Picture, and a range of picture books read both in and out of class. Together, we will examine these stories through the lens of theory and scholarship in order to critique the stories and socioeconomic systems of the ecocidal status quo, explore and study alternatives, and build our capacity to generate even more possibilities—as well as charting paths to bring them about. Students will engage with a range of scholarly, popular, and literary narratives across different
media and participate in regular imaginative play called episodic future thinking (EFT). We will experience how telling more ecologically attuned stories allows us to more capably and collectively design parameters for an ecological civilization. The course culminates in a collaborative project in which students will connect the course readings and learnings to propose specific, research-supported visions of the green new worlds they want and deserve.","3","3","No","1","3","A-F - A-F Grade Basis","-","Every Spring"
"CI","4311W","Technology and Ethics in Society","Twin Cities","Critique of values and ethical issues related to technology use in education, the workplace, and family and community life.","3","3","No","1","3","OPT - Student Option","-","Every Fall, Spring & Summer"
"CNRC","1913","Homer's Odyssey and Modern Politics","Twin Cities","Homer's Odyssey is the story of a man who returns from war to find a world much different from the one he left ten years earlier—and one that seems to have no place for him. On his way home, he lies to some, robs and murders others, and, arguably, through his own negligence, loses all his men. Once back on his native island of Ithaca, he re-establishes his authority as local strongman through a mass killing of rivals. He is nonetheless emphatically a ""hero"" and the moral and political center of the story: what Odysseus does is (in the storyteller's eyes, and those of most readers ever since) right and just. This seminar will use a close reading of the Odyssey, a study of Season One of the Netflix series House of Cards, and extensive discussion of contemporary political and social events, to ask what sort of political and social world Homer's poem imagines; how it formulates and discusses power and justice; how it encourages its audience to accept judgments about human behavior and ""what is right"" that may, upon reflection, seem horrifying; and what we are to make of this today.

This course is taught by S. Douglas Olson, a classicist whose main academic interest is in ancient Greek poetry, especially Athenian comedy. He spends the fall semester every year at the UMN and the spring at Bilkent University in Ankara, Turkey, along with his two cats (one very bad, named Osiris, and one very good, named Cicek).","3","3","No","1","3","A-F - A-F Grade Basis","001475","Periodic Fall"
"CNRC","3061","""Bread and Circuses:"" Spectacles and Mass Culture in Antiquity","Twin Cities","Development of large-scale public entertainments in ancient Mediterranean world, from athletic contests of Olympia and dramatic festivals of Athens to chariot races and gladiatorial games of Roman Empire. Wider significance of these spectacles in their impact on political, social, and economic life of the societies that supported them.","3","3","No","1","3","OPT - Student Option","-","Fall Odd, Spring Even Year"
"COMM","1101","Introduction to Public Speaking","Twin Cities","At a time when your voice can shape opinions, spark action, and influence change, the ability to speak confidently and persuasively is more important than ever. This course will help you develop the skills to craft and deliver messages that resonate with different audiences in a variety of public speaking situations. We will explore topics like speech preparation, techniques for managing speaking anxiety, using storytelling and narrative devices, and strategic body language. Through a combination of speech presentations, peer feedback, and critiques of public figures, you will learn how to refine your own speaking style and become more aware of the ethical responsibilities that come with public communication. By the end of the course, you will be able to speak confidently and thoughtfully in a variety of contexts, including academic, professional, and community settings. ","3","3","No","1","3","OPN - Student Option No Audit","-","Every Fall, Spring & Summer"
"COMM","1101H","Honors: Introduction to Public Speaking","Twin Cities","What does it mean to communicate effectively in the public sphere? In this honors course, we will explore the art and theory of public speaking, blending rhetorical concepts with advanced public speaking techniques. Our focus will be on developing presentation skills such as crafting compelling messages, managing speaking anxiety, and engaging audiences through nonverbal communication and visual aids. We will address the foundations of effective presentations, including researching, outlining, and constructing a speech while incorporating tailored messaging, audience analysis, and ethical considerations into each presentation. Through readings, lectures, class activities, and speech assignments, you will critically analyze influential speeches and refine your own speaking style. By the end of the course, you will have a deeper understanding of how public speaking shapes our society and will have developed the skills to communicate effectively and ethically in a variety of contexts, both academically and professionally. 

prereq: Honors","3","3","No","1","3","A-F - A-F Grade Basis","000571","Every Fall & Spring"
"COMM","3631","Freedom of Speech","Twin Cities","Communication theories and principles that underlie the concept of freedom of speech in the United States.  A variety of contexts and practices are examined in order to understand how communicative interaction should be described and, when necessary, appropriately regulated.","3","3","No","1","3","OPT - Student Option","-","Every Fall, Spring & Summer"
"COMM","3682W","Communicating War","Twin Cities","Claim: if ethics (right/wrong) exists in war, then right/wrong exist everywhere. Students experience this claim through its expression in various arts/humanities media of history, memoir, philosophical meditation, and film.","3","3","No","1","3","OPT - Student Option","-","Every Spring"
"CPSY","1334","Global Issues on Children and Youth in Society","Twin Cities","Study of hot topics currently faced by children and youth around the world, including focuses on homelessness, acculturation, mental health, substance abuse, war and political violence, immigration, and legal issues. Provides an introduction to science, ethics, and ramifications in civic life of current, controversial issues concerning child or youth development. Examines topics of concern and interest to parents, society, and young people and how developmental science informs these issues and policies as well as the decisions and actions of citizens. Students will also learn how research is translated and disseminated so that it can inform policy and practice.","3","3","No","1","3","OPT - Student Option","-","Every Fall"
"CSCI","3921W","Social, Legal, and Ethical Issues in Computing","Twin Cities","Impact of computers on society. Computer science perspective of ethical, legal, social, philosophical, political, and economic aspects of computing.

prereq: At least soph or instr consent","3","3","No","1","3","OPT - Student Option","000972","Every Fall"
"CSCL","3212W","Documentary Cinema: History and Politics","Twin Cities","This course explores the ethics and aesthetics of documentary cinema, arguably the very first genre of film. We will track the way documentary has widened from largely instructional and experimental uses early in its history to become a distinct genre among today’s familiar feature films. We will screen early documentaries, which may include shocking ethnographies (Nanook of the North, The Mad Masters). Over the course of the term, the syllabus makes its way to recent exemplars of the genre (films may include: Amy, American Teen, I Am Not Your Negro, A Jihad for Love, Generation Wealth, Fetish, Blackfish and so on). One of our aims will be to explore students’ relations as viewers and documentarians themselves (via smartphones, Instagram, etc.) to this participatory, revelatory, and always controversial, politically fraught film practice. 

Documentary Cinema includes both full class lectures and discussions as well as small group discussion of films and readings, and may include the opportunity for students to create their own personal documentary. Intellectually, the course balances out a study of the grammar of documentary as an artistic practice with explorations of the ways the genre reflects broader currents of cinematic and cultural history. By the end of the semester, students should have a stronger understanding of the ways documentary cinema opens our senses to the world around us.","4","4","No","1","4","OPT - Student Option","-","Periodic Fall & Spring"
"CSCL","3221","On Television","Twin Cities","We will study writings on television and specific TV shows from a variety of angles to understand the rise of American broadcast technologies, how race and class are crafted on TV, representations of gender and the home, postmodernity and late capitalism, the rise and demise and of taste, global television and the public sphere, the production of “reality” in our present historical moment, and changes in televisual technologies. Throughout the course, we will also consider what constitutes television—the technology, the form, and the content—and learn to read these three facets of it concurrently.","3","3","No","1","3","OPT - Student Option","-","Every Fall & Spring"
"ENGL","1501W","Literature and Public Life","Twin Cities","This course explores how literary language builds the collective knowledge, shared reality, and civic relationships that make up public life. Literature's power in the public sphere goes far beyond the quiet, solitary experience of reading. We will investigate how telling stories, documenting events, imagining possibilities, communicating ideals, representing conflict, and even creating fictional characters contribute to public life. Through a wide variety of texts, we will reflect on the nature of public life and on how reading and writing build civic relationships and democratic potential. This course will also offer you two tracks for actively engaging in public life. A service-­learning option will give you the experience of building literacy, developing skills in communication and public media, and strengthening roles in work and family. This recommended learning framework can engage your role as a citizen, broaden the impact of your education, and help you explore potential professional interests. Alternatively, an individually designed public project will prompt you to consider the links between literary/media culture, personal action, and public life, and to make your own intervention in these fields. To succeed in all areas of this class you must display active engagement, independent thinking and motivation, and organization.","4","4","No","1","4","A-F - A-F Grade Basis","-","Every Fall & Spring"
"ENGL","3071","The American Food Revolution in Literature and Television","Twin Cities","America's relationship with food and eating has changed profoundly over the last fifty years. At the heart of this revolution was a group of charismatic personalities who through writing and television brought first European and then global sensibilities to the American table. They persuaded Americans that food and cooking were not just about nutrition but also forms of pleasure, entertainment, and art; ways of exploring other cultures; and means of declaring, discovering, or creating identity. Their work would eventually transform the American landscape, helping give rise to the organic movement, farmers markets, locavorism, and American cuisine, as well as celebrity chefs, the Food Network, and restaurant reality television. In the meantime, the environmental movement was sending its own shockwaves through American consciousness of food production and consumption. The joining together of these movements--culinary and environmental--has brought a new ethical dimension to the subject that is now at the forefront of current concerns about American food. Insofar as we eat, we necessarily make choices that have profound implications for our health, our communities, the environment, and those who work in the food industry, broadly defined. This class will trace the American food revolution with the intent of understanding how our current system came to be and thinking through the ethical implications of our daily actions. We will read classic literature from the rise of the movement, in varying degrees instructional, personal and documentary, while viewing some seminal television moments for the food culture we now know. We will give particular attention to recent work that focuses on the personal and environmental ethics of food.","3","3","No","1","3","OPT - Student Option","-","Every Fall"
"ENGL","3502","Nature Stories: Environmental Discourse in Action","Twin Cities","Explore contemporary texts from multiple disciplines to analyze the role of stories in interpreting nature. Emphasis on lived experience, civic motivation, and observational research that enrich effective nature writing. Optional service-learning component.","4","4","No","1","4","OPT - Student Option","-","Every Fall"
"ENGL","3506","Social Movements & Community Education","Twin Cities","In this course, we'll examine four progressive social movements. After beginning with a foundational civil rights movement example, we will learn about the anti-racist feminism branch of the women's movement, often referred to as ""third-wave feminism."" We'll also study the Occupy movement that arose in response to the Great Recession (the financial crisis beginning in 2008). Then we'll take a look at two social movements that, while by no means underground, tend to fly below the radar: the prison abolition movement and the fight for public schools. While all of these social movements have different emphases, they also overlap quite a bit in their systemic analysis of society and their strategies for action. As activist, organizer, and trainer Rinku Sen observes, ""the history of community organizing and social movements is replete with tactics learned in one movement being applied to another.""

As we study these social movements, community organizing will be of particular interest to us. How do the groups, collectives, nonprofits, and communities propelling these different social movements organize themselves, their leadership, their strategies, and their activities? How do they make decisions? What do meetings and planning processes look like? What do they do when they disagree? How do they recruit and mobilize? How do they communicate with and confront the general public, elected officials, and the more powerful elements of the ruling class? How do they talk about the work they're doing?  How do they develop a vision of the world they'd like to live in while still inhabiting the present one, with all its flaws and injustices? We'll also examine the role of education in organizations working for social change. Whether through trainings, ""political education,"" reading groups, or small group activities associated with popular education, many of the social-movement groups we'll study have developed educational strategies and curricula.  

Hands-On Learning through Community Education: As we study these social movements and their approaches to organizing and educating in the comfortable confines of our university classroom, we'll also learn about them experientially through our service-learning. That is, we'll work 2 hours per week at local education initiatives in K-12 schools, adult programs, and social-justice organizations in the non-profit and grassroots sectors, comprising a total of 24 hours by the end of the semester. This hands-on learning will strengthen our academic grasp of social movements, organizational dynamics, and teaching and community organizing by providing us with grounded perspectives. More broadly, we'll get a feel for what it's like to get involved as citizens, activists, teachers, and learners attempting to build cross-organizational coalitions. And we'll share what we learn with each other.

Representatives from the Center for Community-Engaged Learning (the U's service-learning office) and various community organizations will attend our second class session to tell you about their respective sites and how you can get involved. For our third class session, you will rank the top three community sites you'd like to work at. You will then be ""matched"" with a community organization, and your community education work will begin as soon as this matching process is complete. (We try to honor students' first and second choices, while also making sure that you also have some fellow classmates at your site.) To help prepare you, at a time convenient for you, you will also attend a training session facilitated by the Minnesota Literacy Council (MLC) or the Center for Community-Engaged Learning-- details will be provided in class.  
","4","4","No","1","4","A-F - A-F Grade Basis","-","Every Spring"
"ENGL","4233","Modern and Contemporary Drama","Twin Cities","Why did the polite Danish homes of 1879 bar discussions of Henrik Ibsen’s A Doll’s House? How did Oscar Wilde surreptitiously signal his sexuality through a satire of Victorian seriousness in The Importance of Being Earnest? How do contemporary playwrights such as August Wilson or Lynn Nottage bring forgotten moments of African American history to light? This course shows how modern and contemporary theater presents original perspectives on human identities and relationships as well as encourages audiences to see the world in new ways. This course focuses on the close analysis and interpretation of plays written by dramatists from around the world from the late-nineteenth to the twenty-first century. The plays we will study are set in Europe, Great Britain, North America, Africa, and Asia, and we will examine each carefully in light of the unique historical and social contexts in which they were produced, their creation and uses of aesthetic form, and their impact on individuals and communities.

Through the course, you will become familiar with such dramatic forms as the well-made play, modern satire, realism, expressionism, symbolism, epic theater, and absurdism. Each of these is interesting not only as a distinctive mode of artistic  presentation, but also as it offers different perspectives on historical moments and present-day concerns about people and their communities. Theatrical works illustrate how the meanings ascribed to physical bodies are at the heart of social differences such as gender, sexuality, class, race, disability, and national identity. We will look at each play in its original cultural context as well as through the creative lens of more recent productions and assess how both historical and more recent reimagining changes the meaning of the work. We will also make use of the rich theatrical resources and cultural organizations available in communities such as the Twin Cities.
","3","3","No","1","3","AFV - A-F or Audit","-","Periodic Fall & Spring"
"ENT","1001","How Insects Shape Society: Pollinators, Pests, and Policy","Twin Cities","Do you eat genetically modified foods, or do you avoid them? Vaccinate, or do not vaccinate? Did you know these are in part insect related questions? Insects make up more than half of the living organisms on this planet, and they have had a profound impact in shaping human society and culture. Even so, insects are swatted, stomped, squished, and otherwise misunderstood. In this course students will explore the complex, and often uncomfortable, relationships between insects and humans and explore the ethical dilemmas posed by our close relationships with the insect world. Ultimately this course examines the interactions between insects and humans, focusing on contemporary topics that explore how insects dictate human actions, policies, and behaviors. Topics include: human perception of insects; basic concepts in insect biology and behavior; environmental and cultural importance of insects; the role of insect pests in determining human food choice; insect vectors and disease transmission; perception and awareness about humanity’s role in nature.","3","3","No","1","3","A-F - A-F Grade Basis","-","Every Fall"
"ESPM","3011W","Ethics in Natural Resources","Twin Cities","Normative/professional ethics, and leadership considerations, applicable to managing natural resources and the environment. Readings, discussion.","3","3","No","1","3","OPT - Student Option","-","Every Fall & Spring"
"ESPM","3241W","Natural Resource and Environmental Policy","Twin Cities","Political processes in management of the environment. How disagreements are addressed by different stakeholders, private-sector interests, government agencies, institutions, communities, and nonprofit organizations.","3","3","No","1","3","OPT - Student Option","-","Every Spring"
"ESPM","3271","Environmental Policy, Law, and Human Behavior","Twin Cities","What is necessary to achieve sustainable societies. What influences societal deliberation/decisions about environmental issues. How our behaviors affect natural systems. Key theoretical concepts of environmental social psychology and political science. How people respond to policies, using theoretical concepts from social psychology about attitudes, values, and social norms; applying these ideas to specific environmental problems and ethical debates.","3","3","No","1","3","AFV - A-F or Audit","-","Every Fall"
"FREN","3632","Revolution and Human Rights: The French Revolution and its Legacy","Twin Cities","What role did the French Revolution play in shaping how we think about the possibility of massive social change, justice, and rights today? How especially did 18th-century philosophy, culture, politics, and economics influence the development of what we call universal individual ""human rights."" We also ask: could we have done better?  To do so, we will play ""Rousseau, Burke, and Revolution in France, 1791,"" a Reacting to the Past flipped-classroom role-playing game. Working individually and in teams, students will prepare speeches, produce pamphlets and newspapers, not only to learn about the stakes of this historical turning point and the philosophical debates surrounding it, but also to imagine changing it. We will also seek out and document the legacy of this Revolution in our lives and around the world today.  This class offers students the knowledge and skills to participate in substantive debate aimed at solving problems collectively, to effect change aligning with their beliefs and philosophies, and to reflect critically on historical legacy.

prereq Fren 3015; Fren 3016 recommended","3","3","No","1","3","OPT - Student Option","-","Spring Even Year"
"FREN","3732","Revolution and Human Rights: The French Revolution and its Legacy","Twin Cities"," What role did the French Revolution play in shaping how we think about the possibility of massive social change, justice, and rights today? How especially did 18th-century philosophy, culture, politics, and economics influence the development of what we call universal individual ""human rights."" We also ask: could we have done better?  To do so, we will play ""Rousseau, Burke, and Revolution in France, 1791,"" a Reacting to the Past flipped-classroom role-playing game. Working individually and in teams, students will prepare speeches, produce pamphlets and newspapers, not only to learn about the stakes of this historical turning point and the philosophical debates surrounding it, but also to imagine changing it. We will also seek out and document the legacy of this Revolution in our lives and around the world today.  This class offers students the knowledge and skills to participate in substantive debate aimed at solving problems collectively, to effect change aligning with their beliefs and philosophies, and to reflect critically on historical legacy

No prerequisites. All materials for Fren 3732 are in English, and students in all programs are welcome! ","3","3","No","1","3","OPT - Student Option","-","Spring Even Year"
"FRIT","3656","Existentialism","Twin Cities","What do we mean when we call something ""existential?""  What do we mean when we speak of an ""existential"" crisis? We seem to mean that our core beliefs and assumptions are affected and the relationship with our environment is ruptured; we have fallen out of normalcy. The term existentialism -- turning existential into a noun -- came into being in the 1940s in France, reflecting the collective experience of societal breakdown, of Nazism, and WW2. It has since been applied to all modes of philosophical inquiry that take an individual's experience of alienation from society as their point of departure. The advantage of making alienation the focus of this class, too, is that it allows us to recognize the precise historical and sociological index of the emergence of an existentialist mode of thought and practice. Existentialism looks very different when it responds to a 19th century crisis of faith (Søren Kierkegaard), to 1950s colonialism (Frantz Fanon), to Weimar Germany's new democracy and the specter of a mass society (Martin Heidegger), or to the neo-authoritarian French society of the 1960s (Simone de Beauvoir). Existentialism then is understood in this class not as a conversation between great thinkers or ideas across time and space, but as a response to a specific crisis of norms and values. It only exists in plural. If existentialist concepts -- like being-in-the world, being-towards-death, or the gaze of the other -- are carried forward, then not without being repurposed. Such situatedness is inherent to existentialism itself. Accordingly, existentialist writers have no creed or ethical stance in common; they are found both on the far (fascist) right and on the Marxist left. They do share though a keen interest in a new language and in literary forms of expression and subsequently, they insist on the individuals' capacity of ""world-making"" -- in rupture and rebellion -- against seemingly compromised societal norms.","3","3","No","1","3","OPT - Student Option","-","Spring Even Year"
"FSCN","1013","Dietary Supplements: scientific, regulatory, and cultural aspects","Twin Cities","Dietary supplements are commonplace in modern life, especially in the United States, furthermore the dietary supplement industry is a multi billion dollar industry with relatively little government oversight and regulation. Many factors have spurred the use of dietary supplements such as changes in dietary patterns, growing focus on preventative healthcare, marketing & social media (e.g., celebrity and athletic endorsements & consumer anecdotes), and increased accessibility through e-commerce, but there has been little philosophical work on the ethical issues surrounding these. This course is designed to encourage students to critically examine and reflect on these factors as well as dietary supplement use across cultures and the appropriation of traditional medicines and knowledge for commercial gains. Students will also evaluate information on dietary supplements for performance, strength, weight loss, and the treatment of diseases or delay of disease onset and assess the ethical decision making related to the marketing and use of supplements for these purposes.","3","3","No","1","3","OPT - Student Option","-","Every Spring"
"FSCN","1102","Food: Safety, Risks, and Technology","Twin Cities","Introduction to inherent risks/safety of food supply. Use of public policy and food technology to reduce risks. Microbiological, chemical, and environmental hazards, government/industry controls.","3","3","No","1","3","OPN - Student Option No Audit","-","Every Fall & Spring"
"FSOS","1461","Presentations at Work: Families, Communities, Nonprofits, and Schools","Twin Cities","This course prepares students to present information and adjust their messages based on audience need in a variety of future work contexts. Students interested in majoring in Family Social Science, Education, Youth Studies, and Kinesiology will take this course in order to develop the disciplinary practices used in counseling, community-based organizations, education, and health sciences to convey important, and often sensitive, material to specific audiences.","3","3","No","1","3","AFV - A-F or Audit","-","Every Spring"
"GCC","3031","The Global Climate Challenge: Creating an Empowered Movement for Change","Twin Cities","Students will explore ecological and human health consequences of climate change, the psychology of climate inaction, and will be invited to join us in the radical work of discovering not only their own leadership potential but that of others. We will unpack the old story of domination and hierarchy and invite the class to become part of a vibrant new story of human partnership that will not only help humanity deal with the physical threat of climate change but will help us create a world where we have the necessary skills and attitudes to engage the many other grand challenges facing us. Using a strategy of grassroots empowerment, the course will be organized to help us connect to the heart of what we really value; to understand the threat of climate change; to examine how we feel in the light of that threat; and to take powerful action together. Students will work in groups throughout the course to assess the global ecological threat posed by climate change, and they will be part of designing and executing an activity where they empower a community to take action. 

This is a Grand Challenge Curriculum course.
prereq: soph, jr, sr","3","3","No","1","3","A-F - A-F Grade Basis","000959","Periodic Spring"
"GCC","5031","The Global Climate Challenge: Creating an Empowered Movement for Change","Twin Cities","Students will explore ecological and human health consequences of climate change, the psychology of climate inaction, and will be invited to join us in the radical work of discovering not only their own leadership potential but that of others. We will unpack the old story of domination and hierarchy and invite the class to become part of a vibrant new story of human partnership that will not only help humanity deal with the physical threat of climate change but will help us create a world where we have the necessary skills and attitudes to engage the many other grand challenges facing us. Using a strategy of grassroots empowerment, the course will be organized to help us connect to the heart of what we really value; to understand the threat of climate change; to examine how we feel in the light of that threat; and to take powerful action together. Students will work in groups throughout the course to assess the global ecological threat posed by climate change, and they will be part of designing and executing an activity where they empower a community to take action. 

This is a Grand Challenge Curriculum course.
For: so, jr, sr, grad","3","3","No","1","3","A-F - A-F Grade Basis","000574","Periodic Spring"
"GEOG","3388","Going Places: Geographies of Travel and Tourism","Twin Cities","Are you wondering whether you will be able to travel as you did a few years ago? One of the largest industries, tourism, is in a profound crisis. This course understands tourism in relation to other kinds of mobility, like shopping, colonialism, trafficking, migration, and pilgrimage. As the negative environmental and health impacts of tourism have become obvious, significant demands have emerged on its practices and policies. Investigating the landscapes and economies of cars, planes, beaches, parks, malls, and museums, we come to appreciate the unique challenges tourism poses for global citizenship and the planet. To gain a critical geographical understanding of mobility, we engage a range of ethical frameworks such as human rights, feminism, social justice, and utilitarianism. Our final destination is an informed and critical ethics of travel in the age of pandemics and climate change.","3","3","No","1","3","OPT - Student Option","-","Every Spring"
"GER","3655","Cultures of Control and Surveillance in Germany and the US","Twin Cities","Discourses and practices of social control and surveillance in comparative/historical perspective. Explores the central conceptual condition for modern ethics: the relationship between individual and society. Paintings, manuals, scholarly and philosophical essays, and literary texts including writings by Franz Kafka.","3","3","No","1","3","OPT - Student Option","-","Fall Odd Year"
"GLOS","3143","Place, Community, Culture","Twin Cities","Students in the Global Studies program study not only the powerful political institutions and economic processes that shape our world, they also acquire the  skills to perceive and investigate their own place and identities, and to interpret creative work that express different ways of being. In GLOS 3143 'Place, Community, Culture' students will explore their own locations, identities, and experiences in the context of our fraught and ethically complex times. The emphasis is on practice, on seeing one's own life as something to be enriched by seeing and feeling the world in new ways. Students will encounter a mix of philosophical works, artistic texts (novels, films, poetry,  painting, music, and other forms of media) and scholarly texts that together will help students expand their ingrained and conditioned ways of seeing the world. Class themes might include self and other, community and alienation, place and placelessness, home and homelessness. Students will examine the place of ethics and politics in the negotiation of their identities and  experiences. Assignments might include essays that ask students to interpret  artistic works that present different avenues of insight, or creative assignments that ask you to reflect on your own experiences in relation to course readings and themes. Students will conclude the class more confident of their ability to notice and negotiate the dilemmas they will encounter in their personal and professional lives.","3","3","No","1","3","A-F - A-F Grade Basis","-","Every Spring"
"GLOS","3412","What is Equality?","Twin Cities","Course explores debates about equality. Equality has many dimensions--e.g.: economic, social, political. These forms cannot be reconciled. Liberal democracies affirm the principle of political equality but defend, even in principle, social and economic inequalities. Animal rights add another wrinkle: very few of those who fight for these rights would claim political equality for animals. ","3","3","No","1","3","A-F - A-F Grade Basis","-","Every Spring"
"GSD","3656","Existentialism","Twin Cities","What do we mean when we call something ""existential?""  What do we mean when we speak of an ""existential"" crisis? We seem to mean that our core beliefs and assumptions are affected and the relationship with our environment is ruptured; we have fallen out of normalcy. The term existentialism -- turning existential into a noun -- came into being in the 1940s in France, reflecting the collective experience of societal breakdown, of Nazism, and WW2. It has since been applied to all modes of philosophical inquiry that take an individual's experience of alienation from society as their point of departure. The advantage of making alienation the focus of this class, too, is that it allows us to recognize the precise historical and sociological index of the emergence of an existentialist mode of thought and practice. Existentialism looks very different when it responds to a 19th century crisis of faith (Søren Kierkegaard), to 1950s colonialism (Frantz Fanon), to Weimar Germany's new democracy and the specter of a mass society (Martin Heidegger), or to the neo-authoritarian French society of the 1960s (Simone de Beauvoir). Existentialism then is understood in this class not as a conversation between great thinkers or ideas across time and space, but as a response to a specific crisis of norms and values. It only exists in plural. If existentialist concepts -- like being-in-the world, being-towards-death, or the gaze of the other -- are carried forward, then not without being repurposed. Such situatedness is inherent to existentialism itself. Accordingly, existentialist writers have no creed or ethical stance in common; they are found both on the far (fascist) right and on the Marxist left. They do share though a keen interest in a new language and in literary forms of expression and subsequently, they insist on the individuals' capacity of ""world-making"" -- in rupture and rebellion -- against seemingly compromised societal norms.","3","3","No","1","3","OPT - Student Option","-","Spring Even Year"
"GWSS","1005","Engaging Justice","Twin Cities","U.S./cross-cultural studies of social movements/political organizing around justice/equality.","3","3","No","1","3","OPT - Student Option","-","Fall Odd, Spring Even Year"
"GWSS","3102V","Honors: Feminist Thought and Theory","Twin Cities","Substantively, this course surveys the rich and varied history of influential feminist ideas. These ideas propel us to think critically about sex, gender, sexuality, and the categories that intersect with them; these ideas provide us with language to express ourselves more critically and creatively; these ideas enable us to rethink relationships of power and forge coalition-al values and connections across difference. This course also holds the field of feminism accountable for its influence, in hopes of contributing to more liberating feminist theories. Methodologically, this course develops students’ skills in tracking arguments, understanding commonly used theoretical terms, learning how to apply theory to real life situations, and honing students’ theoretical writing.","3","3","No","1","3","A-F - A-F Grade Basis","000571","Every Fall"
"GWSS","3102W","Feminist Thought and Theory","Twin Cities","Substantively, this course surveys the rich and varied history of influential feminist ideas. These ideas propel us to think critically about sex, gender, sexuality, and the categories that intersect with them; these ideas provide us with language to express ourselves more critically and creatively; these ideas enable us to rethink relationships of power and forge coalition-al values and connections across difference. This course also holds the field of feminism accountable for its influence, in hopes of contributing to more liberating feminist theories. Methodologically, this course develops students’ skills in tracking arguments, understanding commonly used theoretical terms, learning how to apply theory to real life situations, and honing students’ theoretical writing.","3","3","No","1","3","A-F - A-F Grade Basis","-","Periodic Fall & Spring"
"GWSS","4002","Politics of Engagement and Social Justice","Twin Cities","Ways in which feminist scholars have thought about and worked to complicate the opposition between theory and praxis. Diverse efforts by intellectuals situated within the Western academy to produce scholarship that is committed to deinstitutionalizing knowledge production and relevant to political struggles confronted by their own material and institutional inequalities.","3","3","No","1","3","A-F - A-F Grade Basis","-","Fall Odd Year"
"HIST","1809","The Presidency: Power, Politics, and Policy in the United States","Twin Cities","This course explores the emergence, meaning, and evolution of the American presidency. We will examine the nature of presidential power and ask how and why those powers have changed over time. We will explore the impact of politics and political parties on the American presidency. We will consider how presidents shape policy and analyze the relationship between power, politics, and policy.","3","3","No","1","3","OPT - Student Option","-","Fall Even Year"
"HIST","3061","""Bread and Circuses"": Spectacles and Mass Culture in Antiquity","Twin Cities","Development of large-scale public entertainments in ancient Mediterranean world, from athletic contests of Olympia and dramatic festivals of Athens to chariot races and gladiatorial games of Roman Empire. Wider significance of these spectacles in their impact on political, social, and economic life of the societies that supported them.","3","3","No","1","3","OPT - Student Option","-","Fall Odd, Spring Even Year"
"HIST","3287","Seeing History through Comics: New Perspectives on the Contentious Past","Twin Cities","Comic-form histories offer new perspectives on the past. Focusing on cases of contentious history, this course will examine how varying perspectives (shaped by class, gender, race, or geo-political position) appear in comic histories. We will compare comic accounts with more traditional forms of historical analysis of select contentious events of modern U.S., European, African and East Asian history.","3","3","No","1","3","OPT - Student Option","-","Periodic Spring"
"HIST","3412","Soccer: Around the World with the Beautiful Game","Twin Cities","How did a kicking game played in a few English schools in the mid-nineteenth century go on to become the most popular organized pastime the world has ever known? In this class, we chart soccer's unlikely rise to global prominence and explore what it can tell us about people, games, and ethics all around the world today.","3","3","No","1","3","OPT - Student Option","-","Spring Odd Year"
"HIST","3416","Imperialism and its Critics:  Ethical Issues, Literary Representations","Twin Cities","Significant episodes of several imperial nations to underscore themes of ethics/literature.","3","3","No","1","3","A-F - A-F Grade Basis","-","Fall Even Year"
"HIST","3495","Hinduism and the Making of Modern India","Twin Cities","This course explores the role that Hinduism has played in Indian culture and politics in the late 18th c. to the present, and the way that Hinduism itself has been transformed during this period. In this course, we shall be guided by four overarching questions.  
•	What are the key texts and everyday ritual practices of Hinduism, and how have these changed over the course of the last two centuries?  
•	What is the changing place of caste and especially the practice of untouchability in the understanding of what means to be a Hindu?  
•	What role do concerns about the role of women play in the religious reform movements and the emergence of new Hindu identities? 
•	What is the political role played by visions of Hinduism at and in different historical developments?  
By weaving together an analytical narrative centered around these four questions, we shall trace the remaking of Hinduism as a modern religion—one that wrestles with questions around nationalism, the public-private divide, the meaning of worship in a secular society, the relation with other religions, and equality of co-religionists.   ","3","3","No","1","3","OPT - Student Option","-","Periodic Fall & Spring"
"HIST","3732","Revolution and Human Rights: The French Revolution and its Legacy","Twin Cities","What role did the French Revolution play in shaping how we think about the possibility of massive social change, justice, and rights today? How especially did 18th-century philosophy, culture, politics, and economics influence the development of what we call universal individual ""human rights"" We also ask: could we have done better?  To do so, we will play ""Rousseau, Burke, and Revolution in France, 1791,"" a Reacting to the Past flipped-classroom role-playing game. Working individually and in teams, students will prepare speeches, produce pamphlets and newspapers, not only to learn about the stakes of this historical turning point and the philosophical debates surrounding it, but also to imagine changing it. We will also seek out and document the legacy of this Revolution in our lives and around the world today.  This class offers students the knowledge and skills to participate in substantive debate aimed at solving problems collectively, to effect change aligning with their beliefs and philosophies, and to reflect critically on historical legacy

No prerequisites. All materials for Fren 3732 are in English, and students in all programs are welcome! ","3","3","No","1","3","OPT - Student Option","-","Spring Even Year"
"HIST","3749","Central and Eastern European Migrants in Minnesota","Twin Cities","In this class, we will use Minnesota, particularly the Twin Cities, as a lens through which to examine the history of Central and Eastern European migration to the United States (U.S.) from the late 19th century to the present. Moving chronologically and from the global to the local, this class will first examine the complex and intertwined reasons that prompted people to settle (either temporally or permanently) in the U.S. in the late 19th and early 20th centuries. We will explore the communalities and differences between the Poles, Ukrainians, Germans, Czechs, Slovaks, Jews, Hungarians, Slovenes, Croats, and Serbs who made up this initial wave of migration, and assess how these migrants shaped the urban and social fabric both in the United States, and in St. Paul and Minneapolis. Second, the class will examine how these communities evolved over the course in the 20th century by a) exploring topics such as ethnic identity maintenance, inter-generational relations, return migration, xenophobia and antisemitism, the relationship between migrants and the host society, and institutions (churches and synagogues, fraternal organizations, learned societies, archives, museums and libraries, etc.) established by migrants in the U.S., and b) assessing the impacts of later migration waves from Europe to the U.S., caused by the Holocaust and the Second World War, the 1956 Hungarian uprising, the 1968 Prague Spring, Soviet emigration policies, the fall of the Berlin Wall, and the civil wars in Yugoslavia. 

Keeping in mind the pressing ethical questions that subtend migration (both historical and contemporary), this class will also ask what it means to be a descendant of Central and Eastern European migrants in present-day Minnesota—not just of those who arrived over a century ago, but also more recent migrants, e.g., Russians, or Muslims from Bosnia-Hercegovina. To this end, we will enrich our classroom by extending it into the metro area with visits to relevant sites and meetings with representatives of some of these communities in order to understand their current lives, work, and challenges. This class will thus draw on numerous local resources: archives, buildings such as religious sites and community centers, museums, etc.","3","3","No","1","3","OPT - Student Option","-","Periodic Spring"
"HIST","3853","Black Protest in Twentieth Century America","Twin Cities","This course gets at the heart of why/how African Americans have been fighting for social and political equality throughout the 20th Century. We explore various ways that African Americans have articulated their political demands and affirmed their citizenship rights using youth and grassroots organizations, workers' rights, feminism, education, the courts and laws as tools for political advancement.","3","3","No","1","3","A-F - A-F Grade Basis","-","Periodic Fall, Spring & Summer"
"HIST","3864","African American History: 1619-1865","Twin Cities","Importance of dynamics of class, gender, region, and political ideology. Changing nature of race/racism.","3","3","No","1","3","AFV - A-F or Audit","-","Periodic Fall & Spring"
"HIST","3868W","Race, War, and Race Wars in American History","Twin Cities","Role that race has played in American war history. Impact that wars have had on race and race relations in the United States and the world. Literature, film.","3","3","No","1","3","AFV - A-F or Audit","-","Fall Odd Year"
"HSCI","2333V","Honors Course: A Century of Science in Modern America","Twin Cities","Science and technology influence nearly every aspect of our daily lives as well as the communities in which we live, both locally and globally. How did science and technology become such ubiquitous and powerful aspects of American industry, government policy, public life, and international negotiation? What are the responsibilities of scientists and engineers who play a critical role in creating and maintaining these elements? How can the broader public position itself to provide encouragement, insight and critique of the research and applications of science and technology? This course is intended to examine these questions by exploring historical case studies that highlight ethical, political, and social issues that give meaning to, and in turn, are shaped by science and technology. Beginning with the role of scientists as professional experts in the Progressive era, we consider how ideals of scientific management impacted animal lives and workers = bodies. Ethical choices frame the application of expertise and require attention and specific decision-making. Using eugenics as an example, we will reflect upon the interplay between the often naïve understanding of heredity and public policy and continue discussion into the application of contemporary genetic testing. Ethics are framed in social and political settings, and we will follow sometimes surprisingly comparable developments in Russia and the United States, with particular attention to large-scale engineering projects in the 1920s and 1930s and the space race in the 1950s and 1960s in order to understand how these reflected, or failed to reflect, risk and human life. This course meets the Historical Perspectives, Civic Life and Ethics, and Writing Intensive requirements as defined by the Council on Liberal Education. Along with Student Learning Outcomes, these requirements will help you continue to build critical tools for your work at the university as well as ways to evaluate and create knowledge in and beyond your intended career area.","3","3","No","1","3","A-F - A-F Grade Basis","000571","Every Fall"
"HSCI","3211","Biology and Culture in the 19th and 20th Centuries","Twin Cities","Changing conceptions of life and aims and methods of biology; changing relationships between biology and the physical and social sciences; broader intellectual and cultural dimensions of developments in biology.","3","3","No","1","3","OPT - Student Option","-","Every Fall & Spring"
"HSCI","3401","Ethics in Science and Technology","Twin Cities","Technology is assumed to be the best engineered solution for a particular goal and good science is supposed to be objective; however, this is never truly the case: values and moral choices underlie all of our systems for understanding and interacting with the world around us. These values and choices are almost always contentious. Through a series of historical case studies, we explore how science and technology are products of human choices—but at the same time, how science and technology enable and constrain the choices we can make. Case studies include algorithms and inequality, artificial intelligence (AI) and surveillance, privacy and social media, lay expertise and medicine, and environmental and technological disasters. Our goal will be to learn to question and think critically about the things we create, the tools we use, and the ideology and practice of science. First year students are welcome.","3","3","No","1","3","OPT - Student Option","-","Periodic Fall"
"HSCI","3421","Engineering Ethics","Twin Cities","Ethical issues in engineering research and engineers' public responsibility/practice, using historical cases; historical development of engineering as a vocation/profession; ethical implications of advanced engineering systems such as nuclear weaponry and networked communications. ","3","3","No","1","3","OPT - Student Option","-","Every Fall & Spring"
"HSCI","5211","Biology and Culture in the 19th and 20th Centuries","Twin Cities","Changing conceptions of life and aims and methods of biology; changing relationships between biology and the physical and social sciences; broader intellectual and cultural dimensions of developments in biology.","3","3","No","1","3","OPT - Student Option","001186","Every Fall & Spring"
"HSCI","5401","Ethics in Science and Technology","Twin Cities","Technology is assumed to be the best engineered solution for a particular goal and good science is supposed to be objective; however, this is never truly the case. Values and moral choices underlie all of our systems for understanding and interacting with the world around us. These values and choices are almost always contentious. Through a series of historical case studies, we explore how science and technology are products of human choices—but at the same time, how science and technology enable and constrain the choices we can make. Case studies include algorithms and inequality, artificial intelligence (AI) and surveillance, privacy and social media, lay expertise and medicine, and environmental and technological disasters. Our goal will be to learn to question and think critically about the things we create, the tools we use, and the ideology and practice of science.","3","3","No","1","3","OPT - Student Option","001186","Periodic Fall"
"HSEM","2318H","Lies, Deception, and Persuasion in the Modern World","Twin Cities","Deception and persuasion are important facets of human communication. This honors seminar will draw on theories of deceit and persuasion to answer questions such as: Why do we lie? Is it easy to tell when someone is lying? How do we use deception to influence others? Is it always wrong to lie? And how has the internet and rise of social media changed the landscape and political impact of persuasion and lies? 

This course will challenge students to reflect on the ethical boundaries of lying and social influence. We will examine lies and persuasion in politics, the consumer marketplace, and in online environments. We will also study the impact of mis- and disinformation campaigns on society and learn strategies to resist deceptive persuasion to become more thoughtful consumers and responsible citizens.
","3","3","No","1","3","A-F - A-F Grade Basis","000571","Periodic Spring"
"HSEM","2321H","What is College For? Exploring the Purpose and Value of American Higher Education","Twin Cities","Recent poll data suggests that many Americans are questioning the value of higher education. For example, 2/3 of those surveyed stated that colleges are stuck in the past and not meeting the needs of today’s students. What is the purpose of college? Should a 4-year degree be accessible to all? Does a college education lead to attaining the “good life?” In this interactive honors seminar, we will address these questions and more. Students will have the opportunity to examine their own objectives as it relates to pursuing higher education and explore important issues impacting higher education (e.g., student debt, access, and admissions). Students will engage in regular reading, writing, and discussion around critical issues in higher education. Small group interaction, presentations, media analysis (e.g., podcasts, films), and ongoing reflection will be features of this seminar. 

The course will be organized around three main units, each guided by a specific question that we will aim to address. Unit 1 will address the question “What is the history of higher education, and what are the reasons for pursuing a degree? Unit II explores: “What are key current topics in higher education that deserve exploration?” As a part of this unit, we will discuss trends and issues that address the mission of higher education, especially post-pandemic. Unit III will examine the question, “How do your own experiences in college align with your own personal and professional objectives?”","3","3","No","1","3","A-F - A-F Grade Basis","000571","Periodic Fall & Spring"
"HSEM","2801H","Think Like a Lawyer: The Art and Adventure of Torts","Twin Cities","Law is the foundation of modern society. The ability to understand our legal system is invaluable in any profession, ranging from business and health to science or art. This seminar offers an introduction into legal thinking: Not merely what the laws are, but why we have them and, more importantly, how we come up with them. As a focus, we will be grounding ourselves in torts, a fundamental area of legal education that covers the civil wrongs. Students will have an opportunity to get a feeling for the law school experience as we use the case method, along with some Socratic method and ample discussion. We will focus on the basics of legal analysis, and learn how to apply that to critical thinking. Students successfully completing this seminar will be mentally armed and dangerous.","3","3","No","1","3","A-F - A-F Grade Basis","000571","Periodic Fall"
"HSEM","3025H","Food, Clothing, Shelter: The Culture and Politics of Simple Living","Twin Cities","At a time of rising income inequality, in which billionaires grow richer while millions struggle to survive, this course will examine the social, environmental, economic, and ethical aspects of consumption and poverty through the lens of three basic needs: food, clothing, and shelter. It seeks to help you answer three key questions: what should you eat, what should you wear, and where should you live, so that others might do the same. We will begin by exploring the theory and practice of simple living through three comparisons: the realities of social and environmental insecurity versus the ideals of Sustainable Development; voluntary simplicity as historically practiced by communities as opposed to individuals; and the movement for degrowth compared to business as usual. In the central portion of our course, we will consider several contemporary forms of simplicity that exist alongside the ""involuntary simplicity"" often dictated by poverty: cooking at home and eating lower on the food chain because it is virtuous rather than because it is cheaper; shopping in thrift stores and buying fewer clothes because you want to rather than because you have to; and camping and living the #vanlife because you can rather than because you must. In our exploration of simple living and basic needs, we will address major issues in sustainability studies, including the Anthropocene, decolonial approaches to economics, and effective altruism, and we will consider a range of literary and historical perspectives on food, fashion, and architecture, such as Henry David Thoreau's ""Walden,"" Marie Kondo's ""The Life-Changing Magic of Tidying Up,"" Sarah Susanka's ""The Not So Big House,"" and the films ""The True Cost,"" ""The Minimalists,"" and ""Nomadland."" Throughout our course we will also attempt to answer two big questions about simple living: Is it the ultimate embodiment of white, middle-class, leisure-based U.S. environmentalism, or is it part of a global, multicultural challenge to the racist and colonial foundations of capitalism? Does it express some profound truths about the human condition, or will it never be anything more than a niche response to the social and environmental challenges of the 21st century? Requirements will include attendance and participation, a series of short reading responses, several reflective writing assignments, and a final project exploring some aspect of our subject in greater depth.","3","3","No","1","3","A-F - A-F Grade Basis","000571","Periodic Fall"
"HSEM","3027H","What is a Tragedy?","Twin Cities","Fiction or real event, modern condition or historical myth, private drama or public catastrophe: the idea of “tragedy” has always had specific cultural meaning. The particularities of this meaning, however, do shift—according to cultural norms, political pressures, and social changes. This class will ask us to consider what “tragedy” means, from its original context in the dramatic genre, in which political regimes are shaken and often a good number of important people die (Sophocles’ Oedipus Rex cycle, Shakespeare's King Lear, Racine's Phèdre), to its appearance in novels, politics, current events, and contemporary theory. What happens when the notion of tragedy moves out of the ritualized space of the dramatic performance and into other languages, venues, and political arenas?  Is the death of a parent or a child a tragedy? To what extent is contemporary warfare a tragedy? Is food insecurity a tragedy? Is the tragic something we can know only in retrospect, and should we get better at “handling” it? Beginning with literature, this course will examine the components of the tragic, its role in our culture, and what its presence in discourse says about our moral landscape. Interventions from the medical field, bio-ethics, architecture, art history, media and film, anthropology, theater history and performance studies, communications and journalism, religious studies and more can be integrated into our program. We will draw on participants' own academic interests and backgrounds to shape our conversation. All readings in English.","3","3","No","1","3","A-F - A-F Grade Basis","000571","Periodic Fall"
"HSEM","3266V","Democracy and the Climate Crisis: Stories and Solutions","Twin Cities","This course challenges us to consider how we can inspire, cultivate, and sustain political systems that safeguard justice and life for all Earthlings in an era of climate crisis. To do so, we will read about and practice democratic systems. Our readings will draw from political science, literary theory, climate activist and front-line accounts, and—importantly—films, games, novels, and other literature for young people. We will also take turns facilitating democratic processes in the classroom. Together, we will develop the knowledge, skills, and experiences needed to help guide us toward greener, more generative, more just, and more functional societies in a climate changing world.","3","3","No","1","3","A-F - A-F Grade Basis","000585","Periodic Fall & Spring"
"HSEM","3511H","Science Court: Strengthening Democracy through Rational Discourse","Twin Cities","Science Court is a mock trial system designed to promote democratic norms by investigating controversial societal issues, based on facts and sound scientific research, in front of a judge and jury of citizens. Students work together in three teams (Science, Legal and Media) to plan, research, execute, and report a SciCourt case.","3","3","No","1","3","A-F - A-F Grade Basis","000571","Periodic Fall"
"HSEM","3515H","Infrastructure and Society","Twin Cities","This seminar explores the social, economic, and cultural significance of public infrastructure. Drawing on examples from transportation and communication, the seminar will expose students to questions of design, political economy, and expected/unexpected outcomes of infrastructure. The seminar will allow students to visit local sites (in our local infrastructure project), work collaboratively with other students, and critically examine an important but often-overlooked set of built forms. Types of infrastructure examined will include: bridges, subways, water systems, telecommunications, mobile communications, and ‘informal infrastructure’ (when citizens or collectives engage in shared infrastructure-like projects for the common good). The goals of this seminar are to (a) introduce students to different types of infrastructure, including elements that are invisible to users, and (b) engage students in social-economic questions and debates surrounding infrastructure.","3","3","No","1","3","A-F - A-F Grade Basis","000571","Periodic Fall"
"IDES","3614","Interior Design Ethics and Professional Practice","Twin Cities","Business of interior design, professional ethics, and responsible design. Ethical theory/conduct. Responsibility to business, clients, colleagues, and community at large and globally.

prereq: 2604 or DHA 2604; or Interior Environments Minor","4","4","No","1","4","A-F - A-F Grade Basis","004492","Every Fall"
"JOUR","3771","Media Ethics","Twin Cities","Citizens expect journalists to separate fact from falsehoods, opinion and propaganda. But is it possible for journalists to be unbiased and objective? Advertisers are expected to push products. But is it acceptable to mislead by exaggerating what the product can do? Public relations professionals must protect a company's brand. But what should they do when a company becomes entangled in a scandal? This course examines the ethical and unethical ways that communicators respond to such challenges, and uses real-life examples to identify values and principles that can lead to sound, ethical decisions under the most difficult circumstances. Learn about ethical communication on all platforms, from television to social media to newspapers and magazines. Build a solid foundation for your own ethical thinking that can guide you as a student and as a professional communicator.","3","3","No","1","3","OPT - Student Option","-","Every Fall & Spring"
"JOUR","3775","Strategic Communication Law","Twin Cities","Learn practical legal skills and ethics as they pertain to marketing, public relations and advertising by focusing on the actions of the Federal Trade Commission, the Federal Communications, and the Federal Elections Commission. Learn about the administrative process including adjudication and rule making. Learn through a range of legal, policy and ethics discussions ranging from the First Amendment, the regulation of commercial speech, advertising deception, substantiation of material claims, digital privacy, contesting, political advertising, and controls on native advertising and social media influencers.","3","3","No","1","3","OPT - Student Option","-","Every Spring"
"LEAD","1961V","Personal Leadership in the University","Twin Cities","Examine leadership theory, personal views of leadership, differences between personal/positional leadership, leadership ethics/values, personal leadership strengths/skills.","3","3","No","1","3","A-F - A-F Grade Basis","000571","Every Fall & Spring"
"LEAD","1961W","Personal Leadership in the University","Twin Cities","Examine leadership theory, personal views of leadership, differences between personal/positional leadership, leadership ethics/values, personal leadership strengths/skills.","3","3","No","1","3","A-F - A-F Grade Basis","-","Every Fall, Spring & Summer"
"NAV","4402W","Leadership and Ethics","Twin Cities","Junior officer role. Responsibilities faced as leader, manager, professional officer of Naval Services. Develops specific competencies in areas of leadership, management, professional administration, development. Emphasizes Naval Service ethics, core values.

prereq: NAV 4401W","3","3","No","1","3","AFV - A-F or Audit","-","Every Spring"
"NSCI","3001W","Neuroscience and Society","Twin Cities","Ethical implications. Readings, personal reflections, class discussions, debates, and formal writing. Development of logical arguments, writing skills, oral presentation skills, and teamwork. Students present/argue both their own personal views and those of others. What it is like to have altered mentation, i.e. a brain disease or disability. Readings/multimedia reports from primary neuroscience literature as well as philosophy, policy, and law literature and popular media.","4","4","No","1","4","A-F - A-F Grade Basis","-","Every Spring"
"NURS","4104","Ethical Sensitivity and Reasoning in Health Care","Twin Cities","Developing sensitivity to range/complexity of ethical issues/dilemmas in health care. Ethical principles/theories. Key ethical concepts in addressing morally troubling issues in health care settings.","2","2","No","1","2","A-F - A-F Grade Basis","000028","Every Fall"
"NURS","4402","Taking Ethical Action in Health Care","Twin Cities","Ethical dimensions/role obligations of health care professionals related to selected social issues with health consequences.

prereq: Senior undergrad nursing student, [4104 or instr consent]","1","1","No","1","1","A-F - A-F Grade Basis","003208","Every Fall"
"OLPD","1461","Presentations in Work Settings: Business & Marketing Education and Human Resource Development","Twin Cities","This course prepares students to present information and hone their messages based on audience need in a variety of business, leadership, and workplace contexts. Students interested in majoring in Business and Marketing Education (BME), Human Resource Development (HRD), and other majors can take this course in order to develop the disciplinary practices used in training and development, as well as business and industry to convey vital and timely messages.","3","3","No","1","3","AFV - A-F or Audit","-","Every Fall, Spring & Summer"
"OLPD","1905","What is College For?","Twin Cities","What is the purpose of college? Recent poll data suggests that many Americans are questioning the value of higher education. For example, 2/3 of those surveyed stated that colleges were stuck in the past and did not meet the needs of today’s students. Should a 4-year degree be accessible to all? Does a college education lead to attaining the “good life?” In this interactive honors seminar, we will address these questions and more. Students will have the opportunity to examine their own objectives as they relate to pursuing higher education and explore important issues impacting higher education (e.g., student debt, access, and admissions). Students will engage in regular reading, writing, and discussion around critical issues in higher education. Small-group interaction, presentations, media analysis (e.g., podcasts, films), and ongoing reflection will be features of this seminar. Examples of questions we will explore include the following:

*What is the value of higher education and the benefits of attaining a college degree?  
*Who should pay for college? Should college be a public or private good? 
*Who is college for? What are systemic barriers to degree access and completion?
*Is college worth it?

The course will be organized around three main units, each guided by a specific question that we will aim to address. Unit 1 will address the question “What is the purpose and context of higher education?"" Unit II explores: “What are the key current topics in higher education that impact the student experience?” As a part of this unit, we will discuss trends and issues that address the mission of higher education and issues facing students. Unit III will examine the question-issues around students’ experiences and the role of the institution.

This course is taught by Mike Stebleton, a Professor of Higher Education in the College of Education and Human Development. He teaches both undergraduate and graduate students. His research focuses on college student development issues, including career development and career decision-making processes.","3","3","Yes","2","6","A-F - A-F Grade Basis","001475","Periodic Fall, Spring & Summer"
"PA","1005","Great Debates of Our Time: U.S. Policy and Politics","Twin Cities","Topical political/policy debates with prominent government officials/experts. Constitutional crisis over authority/roles of legislative/executive branches. Visiting lecturers, in-class simulations, readings.","3","3","No","1","3","AFV - A-F or Audit","-","Every Spring"
"PA","1401","Public Affairs: Community Organizing Skills for Public Action","Twin Cities","Public affairs work, roles of citizens in democratic way of life. Community organizing skills, their importance for public affairs. Negotiations among diverse audiences, understanding different interests, mapping power relationships. Relevant public affairs and governance theory.","3","3","No","1","3","A-F - A-F Grade Basis","-","Every Fall & Spring"
"PHAR","4204W","Drugs and the U.S. Healthcare System","Twin Cities","Being an empowered patient is important when discussing ethics-driven issues within the U.S. healthcare system. This course will expose students to current controversial issues surrounding medications and national healthcare and help students examine their own role as a participant in this system. Students will learn to draw comparisons between medication use systems around the world and analyze other controversies related to access, choice, and quality of healthcare. During this course, students will explore how their choices, ethics, and behavior affect societal decisions surrounding the availability of medications in the U.S. and what their rights are as a citizen-participant during the healthcare debate.

Students are expected to have completed the first-year writing requirement (https://cla.umn.edu/writing-studies/first-year-writing), or equivalent, prior to registering for this class.  

This is a completely online course with weekly due dates and is offered each Fall and Spring term. For more information, contact phar4204@umn.edu or 612-624-7976.","3","3","No","1","3","OPN - Student Option No Audit","-","Every Fall & Spring"
"PHIL","1003W","Introduction to Ethics","Twin Cities","Are values/principles relative to our culture? Is pleasure valuable? Are there any absolute rules? These questions and others are addressed through critical study of moral theories.","4","4","No","1","4","OPT - Student Option","-","Every Fall & Spring"
"PHIL","1004W","Introduction to Political Philosophy","Twin Cities","Government -- what are its purpose; the limits on its authority; its responsibilities to citizens (and vice versa)? What roles do freedom, equality, rights, property, punishment and justice play here? Join in as we discuss and debate competing views.","4","4","No","1","4","OPT - Student Option","-","Every Fall & Spring"
"PHIL","3009","Existentialism","Twin Cities","What do we mean when we call something ""existential?""  What do we mean when we speak of an ""existential"" crisis? We seem to mean that our core beliefs and assumptions are affected and the relationship with our environment is ruptured; we have fallen out of normalcy. The term existentialism -- turning existential into a noun -- came into being in the 1940s in France, reflecting the collective experience of societal breakdown, of Nazism, and WW2. It has since been applied to all modes of philosophical inquiry that take an individual's experience of alienation from society as their point of departure. The advantage of making alienation the focus of this class, too, is that it allows us to recognize the precise historical and sociological index of the emergence of an existentialist mode of thought and practice. Existentialism looks very different when it responds to a 19th century crisis of faith (Søren Kierkegaard), to 1950s colonialism (Frantz Fanon), to Weimar Germany's new democracy and the specter of a mass society (Martin Heidegger), or to the neo-authoritarian French society of the 1960s (Simone de Beauvoir). Existentialism then is understood in this class not as a conversation between great thinkers or ideas across time and space, but as a response to a specific crisis of norms and values. It only exists in plural. If existentialist concepts -- like being-in-the world, being-towards-death, or the gaze of the other -- are carried forward, then not without being repurposed. Such situatedness is inherent to existentialism itself. Accordingly, existentialist writers have no creed or ethical stance in common; they are found both on the far (fascist) right and on the Marxist left. They do share though a keen interest in a new language and in literary forms of expression and subsequently, they insist on the individuals' capacity of ""world-making"" -- in rupture and rebellion -- against seemingly compromised societal norms.","3","3","No","1","3","OPT - Student Option","-","Spring Even Year"
"PHIL","3302W","Moral Problems of Contemporary Society","Twin Cities"," How do we determine what is right and wrong? How should we approach the complex moral problems that face us today? This course aims to cultivate the ability to think critically, competently, and carefully about moral problems (such as capital punishment, abortion, affirmative action, and animal rights), and to present those arguments in a persuasive and constructive form (specific topics vary with the instructor).","4","4","No","1","4","OPT - Student Option","-","Periodic Fall, Spring & Summer"
"PHIL","3322W","Moral Problems of Contemporary Society","Twin Cities","How do we determine what is right and wrong? How should we approach the complex moral problems that face us today? This course aims to cultivate the ability to think critically, competently, and carefully about moral problems (such as capital punishment, abortion, affirmative action, and animal rights), and to present those arguments in a persuasive and constructive form (specific topics vary with the instructor).","3","3","No","1","3","OPT - Student Option","-","Every Summer"
"POL","1201","Political Ideas","Twin Cities","This course serves as an introduction to the study of political theory. Political theory analyzes the meaning and significance of fundamental concepts in politics. Starting from such basic concerns as the nature of politics, humans, power, and justice, political theorists explore how these basic starting assumptions organize the norms, practices, and institutions of political and social order. To explore these topics, the field turns to key texts, as well as to political and social events and other media (film, historical documents, etc.). In this introductory course, students will investigate some of the basic texts in political theory, with the goal of learning how to read texts more analytically and to address fundamental questions in political theory. Among the topics that might be the nature of justice and injustice, political obligation and civil disobedience, democracy and other forms of governance. Students who complete this course will understand the deep issues about the nature of politics and will have learned to read and analyze complex texts. They will also have had the opportunity to reflect upon their own ethical engagement in political life and upon the ways in which historically, political ideas change.","3","3","No","1","3","OPT - Student Option","-","Every Fall, Spring & Summer"
"POL","3065","Political Engagement Careers: Planning and Preparing For Your Future","Twin Cities","Are you interested in pursuing a career in public service? Do you plan to run for office in the future, or work in a government agency (such as the State Department or the FBI or the MN DNR), or become a professional campaign manager or lobbyist, or work as an issue activist on a cause important to you? Would you like to learn more about the variety of public service careers open to a college graduate? Do you wonder what motivates people to pursue careers in politics, public administration, and community service, and how these motivations vary across career fields? Would you like to explore some options for future internship or service learning while at the University? Then this course is for you!

This course is the Political Science Department's introduction to careers in political and civic engagement. Through readings focused on theories about and case studies of political engagement, and on the ethics of politics and public service, numerous guest speakers with extensive experience as public service professionals, and a discussion-oriented class format, we will explore the meaning of public service and the main types of public service careers that you could pursue. We will think about the virtues and challenges associated with doing public service work, and how these differ across different types of jobs and venues for serving the public. Finally, you will acquire practical knowledge and skills related to the search for public service work opportunities, including how to write a resume and cover letter, how to conduct an informational interview, networking, and the job search and application process. Intended primarily for first- and second-year undergraduates, but open to students of any major at any point in their undergraduate program.","3","3","No","1","3","OPT - Student Option","-","Every Spring"
"POL","3225","American Political Thought","Twin Cities","This course provides an introduction to several key periods and some of the leading concepts and debates in American political thought. It might also focus on a broader theme such as: conceptions of destiny, mission, and exceptionalism; arguments over economic development and inequality; or debates over government and corporate power. The course will begin with Puritan religious and political thought, tracing its secularization over time. Considerable attention will be paid to the ideas behind the Declaration of Independence and the Constitution, such as the social contract and the right of resistance to civil authority, civic republicanism, and the founders’ new science of politics and government. The course will consider some if not all of the following: debates over slavery and emancipation, women’s rights, the rise of imperialism and nationalism, race and racism, and the rise of rule by public and private bureaucratic organizations, and the consequences of these developments for the possibility of continued individual liberty, equality, and justice. This course requires considerable reading of difficult texts. The ultimate goal of this course is for students to gain a deeper understanding of American political thought as a product of the country’s ever-evolving political discourse. prereq: Suggested prerequisite POL 1201","3","3","No","1","3","OPT - Student Option","-","Every Fall, Spring & Summer"
"POL","3235W","Democracy and Citizenship","Twin Cities","This course considers the nature of contemporary democracy and the role that members of the political community do, can, and should play.  While approaches in teaching the class vary, students can expect to read historical and contemporary texts, see films and videos, to approach questions about the nature of democracy, justifications for democracy, and challenges faced by contemporary democracy as it relates to racial inequality, immigration, gender inequality, and ecological crises.  Topics will include: the centrality of social movements for democracies; deliberative and participatory democracy; as well as questions about how members of political communities can best participate in democratic life to address structural inequalities. Students will write a longer essay that allows them to demonstrate their capacities to understand and explain complex ideas and to make a theoretically compelling argument, using appropriate supporting evidence.

prereq: Suggested prerequisite 1201","3","3","No","1","3","OPT - Student Option","-","Every Fall & Spring"
"POL","3252W","Revolution, Democracy, and Empire: Modern Political Thought","Twin Cities","From the seventeenth through the nineteenth centuries, Europe and its colonies were wracked by large scale, sweeping changes: from the violent emergence of the sovereign state, to intense religious conflict, to geographic expansions at once transformative and brutal in search of new economic markets. These changes posed extraordinary challenges to usual ways of conceiving of political order and governance. Our course this semester will read these changes through three key concepts – revolution, democracy, and empire. Class discussion will seek to understand different meanings of these concepts, their political stakes, and ways of knowing how to move between political ideals and historical examples. Students will read a range of materials – from primary historical sources, to philosophic texts, political pamphlets and treatises, and travel journals – so as to study the effects on both the European context and beyond.

prereq: Suggested prerequisite 1201","3","3","No","1","3","OPT - Student Option","-","Spring Even Year"
"POL","3265","Ideas and Protest in French Postwar Thought","Twin Cities","France witnessed a number of extraordinary events in the 20th century:  the carnage and trauma of World Wars I and II; the Vichy regimes collaboration with German Nazis; the general strike and student protests of the 1960s; the tensions prompted by anti-colonialism and later decolonization in North Africa; and the challenges of post-colonialism and racial politics. This course will examine these events, the political and ethical challenges they raised, and the intellectuals who shaped the ensuing public debates. It will draw on historical documents, cultural media (e.g. posters, art, film), and philosophical texts to explore contemporary France in its century of politics and protest.  Thinkers range from film-maker Gillo Pontecorvo, to philosopher-playwright Jean-Paul Sartre, to philosopher Michel Foucault.","3","3","No","1","3","OPT - Student Option","-","Every Fall & Spring"
"POL","3272","Colonial Encounters","Twin Cities","If politics classically is the exercise of power by rulers over the ruled, how have different communities, traditions, and contexts sought to organize this power and render it just?  What are the lessons to be learned from looking to past experiences with political communities ranging in size from the face-to-face polis to the far-flung reaches of empire? How does the ‘discovery’ of other societies disorient our usual frames of reference for thinking about political community? What different frames might we use? What should we make of problems that seem to exceed the capacity of existing institutions to manage, such as mass violence and total war? 

The aim of this course is to examine exemplary moments that consider the radical conflict of interpretations that can arise when different cultures come into contact with one another (whether through trade, war, intellectual exchange, or the like), and how these exchanges transform the scale of political community (local, regional, global, universal). Here, we are concerned with large-scale upheaval, processes that are more than simply difficult political problems, but in fact transform the very institutions, relationships, and concepts through which we come to understand what political community is and can be. The substantive focus of the course varies according to instructor, and may include: Colonial Encounters; the Black Atlantic; Revolutionary Moments; Colonialism and the Post-colony.
","3","3","No","1","3","OPT - Student Option","-","Periodic Fall & Spring"
"POL","3489W","Citizens, Consumers, and Corporations","Twin Cities","Corporations are the most powerful actors in the global political economy. They employ millions of people, produce a wide variety of goods, and have massive effects on the communities where they do business. Although considered to be ""legal persons,"" corporations are not living beings with a conscience. Milton Friedman famously proclaimed that the only moral obligation of corporations is the maximize shareholder returns. Yet maximizing financial returns may negatively affect humans, other living beings, and the planet. This potential conflict between profit and ethics is at the heart of this course, which focuses on how people have mobilized as citizens and consumers to demand ethical behavior from corporations. We will explore these different modes of action through an examination of corporate social responsibility for sweatshops, the industrial food system in the United States, and the privatization of life, water, and war. The course also considers how corporations exploit racial hierarchies and immigration status in their pursuit of profit.","3","3","No","1","3","OPT - Student Option","-","Spring Even Year"
"POL","3767","Political Psychology of Elite Behavior","Twin Cities","Why do some world leaders seek cooperation while others advocate war? Why do some Presidents effect major change while others are relegated to the dustbin of history? How does the personality of leaders affect how they behave in office? In this class, we will address questions like these by exploring the psychology of political elites, those members of society who wield outsized influence over political decisions. This outsized influence means that understanding how elites think is particularly important. It is also unusually difficult, leading some to argue that political psychology can play little role in understanding elite decision-making.

 

Students will exit the class having mastered a body of knowledge about elite decision-making and learned about the different approaches that scholars take to study these decisions. They will also gain the critical capacity to judge arguments about politics, the ability to identify, define, and solve problems, and the skill to locate and critically evaluate information relevant to these tasks. Finally, this course takes a cooperative approach to learning, and many course activities will be structured around learning and working with a group of fellow students over the course of the semester. This course fulfills the Civic Life and Ethics theme requirement.","3","3","No","1","3","OPT - Student Option","-","Fall Odd, Spring Even Year"
"POL","4267","Imperialism and Modern Political Thought","Twin Cities","How has political theory been shaped by imperialism? We will investigate this question through a study of such key thinkers as Kant, Mill, Marx, Lenin, Césaire, Fanon, and Gandhi, reading them through the lens of empire. Our goal is to analyze how such thinkers reflected upon, problematized and, at times, justified forms of Western imperialism. We will look at their explicit reflections on empire, as well as more tangential or ostensibly separate themes that may have only been shaped by the imperial context in indirect ways. Finally, we will reflect upon our contemporary location as readers and agents situated in the wake of these political and intellectual developments, analyzed through the question of what it means to engage in anti-colonial, decolonial, and/or postcolonial critique. This course will combine lectures by the professor with student-led seminar discussion.","3","3","No","1","3","OPT - Student Option","-","Periodic Fall & Spring"
"POL","4501W","The Supreme Court and Constitutional Interpretation","Twin Cities","This Course is designed to introduce students to constitutional law, with an emphasis on the U.S. Supreme Court’s interpretation of Articles I, II, and III. This means that we will discuss how the nation’s Court of last resort has helped shape the powers of and constraints on the three branches of our federal government. We will also discuss and analyze the development of law surrounding the separation of powers, the structure of federalism, congressional power over the commerce clause, and the creation and demise of the concept of substantive due process. Successful completion of this course will satisfy the liberal education requirement of Civic Life and Ethics. Effective citizenship in the 21st century requires an understanding of our how government was created, is structured, and has been interpreted by the Supreme Court over the past two centuries. This course is premised on the notion that such an understanding is best achieved by reading the primary sources that led to these goals – the opinions handed down by the U.S. Supreme Court.","3","3","No","1","3","OPT - Student Option","-","Every Fall"
"POL","4502W","The Supreme Court, Civil Liberties, and Civil Rights","Twin Cities","Today, more than anytime since the civil rights movement of the 1960s, individual liberties are at the heart of controversial debate in the U.S. Groups, from the far left and far right of the political spectrum have pushed free speech towards the boundaries set by the Supreme Court. At the same time, the religion clauses have become as controversial as ever, with corporations and local governments using them in ways they have not been used before. Finally, the right to privacy is at a crossroads as the U.S. Supreme Court considers cases about reproductive rights and personal privacy. 

Given these issues, this course allows students to read all the major cases where the U.S. Supreme Court interprets the balance of protecting civil liberties versus allowing government to limit or suppress such liberties. Specifically, the course covers the 14th Amendment, freedom of speech, press, religion, and the limits of the free speech clause of the 1st Amendment. It also covers the 2nd Amendment and the right to privacy found in the 1st, 3rd, 4th, 5th, 9th, and 14th Amendments.","3","3","No","1","3","OPT - Student Option","-","Every Spring"
"RELS","3671","Hinduism and the Making of Modern India","Twin Cities","This course explores the role that Hinduism has played in Indian culture and politics the late 18th c. to the present, and the way that Hinduism itself has been transformed during this period. In this course, we shall be guided by five overarching questions.
•	What are the key texts and everyday ritual practices of Hinduism, and how have these changed over the course of the last two centuries?  
•	What is the changing place of caste and especially the practice of untouchability in the understanding of what means to be a Hindu?  
•	What role do concerns about the role of women play in the religious reform movements and the emergence of new Hindu identities? 
•	What is the political role played by visions of Hinduism at and in different historical developments?  
By weaving together an analytical narrative centered around these four questions, we shall trace the remaking of Hinduism as a modern religion—one that wrestles with questions around nationalism, the public-private divide, the meaning of worship in a secular society, the relation with other religions, and equality of  co-religionists.   ","3","3","No","1","3","OPT - Student Option","-","Periodic Fall & Spring"
"RELS","4309","Religion in American Public Life: Culture, Politics, and Communities","Twin Cities","How diversity/vitality of American religion shape public life. How religious groups engage in political action, foster understandings of democracy/styles of civic participation. Volunteering/service activities. Race, poverty, the family, sexuality.prereq: Soc majors/minors must register A-F","3","3","No","1","3","AFV - A-F or Audit","-","Periodic Fall & Spring"
"RM","1201","Fashion, Ethics, and Consumption","Twin Cities","Apparel business. Overview of steps in the process of creating, merchandising, selling, and consuming apparel. Various ethical positions reflected in manufacturer, retailer, and consumer decision making are considered.","3","3","No","1","3","OPT - Student Option","-","Every Fall & Spring"
"SCMC","3212W","Documentary Cinema: History and Politics","Twin Cities","This course explores the ethics and aesthetics of documentary cinema, arguably the very first genre of film. We will track the way documentary has widened from largely instructional and experimental uses early in its history to become a distinct genre among today?s familiar feature films. We will screen early documentaries, which may include shocking ethnographies (Nanook of the North, The Mad Masters). Over the course of the term, the syllabus makes its way to recent exemplars of the genre (films may include: Amy, American Teen, I Am Not Your Negro, A Jihad for Love, Generation Wealth, Fetish, Blackfish and so on). One of our aims will be to explore students? relations as viewers and documentarians themselves (via smartphones, Instagram, etc.) to this participatory, revelatory, and always controversial, politically fraught film practice. 

Documentary Cinema includes both full class lectures and discussions as well as small group discussion of films and readings, and may include the opportunity for students to create their own personal documentary. Intellectually, the course balances out a study of the grammar of documentary as an artistic practice with explorations of the ways the genre reflects broader currents of cinematic and cultural history. By the end of the semester, students should have a stronger understanding of the ways documentary cinema opens our senses to the world around us.","4","4","No","1","4","OPN - Student Option No Audit","-","Periodic Fall & Spring"
"SCMC","3221","On Television","Twin Cities","We will study writings on television and specific TV shows from a variety of angles to understand the rise of American broadcast technologies, how race and class are crafted on TV, representations of gender and the home, postmodernity and late capitalism, the rise and demise and of taste, global television and the public sphere, the production of 'reality' in our present historical moment, and changes in televisual technologies. Throughout the course, we will also consider what constitutes television—the technology, the form, and the content—and learn to read these three facets of it concurrently.","3","3","No","1","3","OPT - Student Option","-","Every Fall & Spring"
"SOC","3101","Sociological Perspectives on the Criminal Justice System","Twin Cities","This course introduces students to a sociological account of the U.S. criminal justice system. We will critically examine the components, dynamics, and effects of policing, criminal courts, community supervision, jails, and prisons. Throughout the course, we focus on sociological understandings of these processes, with particular attention to ethnic, racial, class, and gender inequalities as well as long-term problems associated with the high rate of criminal justice supervision in the U.S.

prereq: [SOC 1001] recommended, Sociology majors/minors must register A-F","3","3","No","1","3","AFV - A-F or Audit","-","Every Fall, Spring & Summer"
"SOC","3101H","Honors: Sociological Perspectives on the Criminal Justice System","Twin Cities","This course introduces students to a sociological account of the U.S. criminal justice system. We will critically examine the components, dynamics, and effects of policing, criminal courts, community supervision, jails, and prisons. Throughout the course, we focus on sociological understandings of these processes, with particular attention to ethnic, racial, class, and gender inequalities as well as long-term problems associated with the high rate of criminal justice supervision in the U.S.

Additional special assignments will be discussed with honors participants who seek to earn honors credit toward the end of our first class session. Examples of additional requirements may include:
·   Honor students will be expected to interview a current Sociology graduate student working on a LCD topic. Following this, each student will individually be expected to do an in-class power-point presentation explaining how the interviewees? research relates with themes presented in the course. Students will also be expected to meet as a group and individually with the professor four times during the course semester. 
·   Sign up and prepare 3-4 discussion questions in advance of at least one class session.
·   Work with professor and TA on other small leadership tasks (class discussion, paper exchange, tour).
·   Write two brief (1-page) reflection papers on current news, or a two-page critique of a class reading
·   Attend a presentation, workshop, or seminar on a related topic for this class and write a 2 page maximum reflective paper.

prereq: [SOC 1001] recommended, Sociology majors/minors must register A-F, honors","3","3","No","1","3","A-F - A-F Grade Basis","000571","Every Fall, Spring & Summer"
"SOC","3322W","Social Movements, Protests, and Change","Twin Cities","Focusing on the origins, dynamics, and consequences of social movements, this course explores debates about the dilemmas and challenges facing movement organizations, the relationship between social movements and various institutions, and the role of social movements and protest in bringing about change. The course is organized around general theoretical issues concerning why people join movements, why they leave or remain in movements, how movements are organized, the strategies and tactics they use, and their long-term and short-run impact.

prereq: 1001 recommended; soc majors/minors must register A-F","3","3","No","1","3","AFV - A-F or Audit","-","Periodic Fall & Spring"
"SOC","4309","Religion in American Public Life: Culture, Politics, & Communities","Twin Cities","How diversity/vitality of American religion shape public life. How religious groups engage in political action, foster understandings of democracy/styles of civic participation. Volunteering/service activities. Race, poverty, the family, sexuality.

prereq: Soc majors/minors must register A-F","3","3","No","1","3","AFV - A-F or Audit","-","Periodic Fall & Spring"
"SOC","4309H","Honors: Religion in American Public Life - Culture, Politics, & Communities","Twin Cities","How diversity/vitality of American religion shape public life. How religious groups engage in political action, foster understandings of democracy/styles of civic participation. Volunteering/service activities. Race, poverty, family, sexuality.

Additional special assignments will be discussed with honors participants who seek to earn honors credit toward the end of our first class session.  Students will also be expected to meet as a group and individually with the professor four times during the course semester.
 
Examples of additional requirements may include:
·   Sign up and prepare 3-4 discussion questions in advance of at least one class session.
·   Work with professor and TA on other small leadership tasks (class discussion, paper exchange, tour).
·   Write two brief (1-page) reflection papers on current news, or a two-page critique of a class reading
·   Attend a presentation, workshop, or seminar on a related topic for this class and write a 2 page maximum reflective paper.
·   Interview a current Sociology graduate student and present briefly in class or write a reflective piece, not more than 2 pages in length, to be submitted to the Professor.","3","3","No","1","3","A-F - A-F Grade Basis","000571","Periodic Fall & Spring"
"SPAN","3401","Latino Immigration and Community Engagement","Twin Cities","In 3401, students work with Latino immigrants in the community. They analyze U.S. power structures and human rights related to emigration, issues on the U.S./Mexican border, laws, and treatment of immigrants in the U.S. They study the economic and cultural contributions of Latines in MN, as well as social changes created by them. There is much interaction with Latine immigrants and activists in the classroom and the community.

prereq: C- or better in SPAN 3015W or SPAN 3015V or SPAN 3019W","3","3","No","1","3","OPT - Student Option","011071","Every Fall & Spring"
"SPAN","3403","Latino Immigration on US/Mexican Border","Twin Cities","This course takes place off campus, through an organization called ""Border Links"" that is located in Tucson and works with migrants. Students will experience firsthand many issues that directly affect the migrant journey and meet with many immigrants to hear their personal stories. In addition to learning the history of the situation on the border, students will take a tour of the border wall, visit neighboring communities that work with immigrants, do a legal immigration simulation, walk the migrant trails in the Sonoran Desert and leave water there with Humane Borders, go to a Operation Streamline Deportation Court hearing, visit migrants seeking political asylum in Florence Detention Center, talk with a leader in Southside Workers Center, meet with an author focusing on Border Patrol, and more.

Themes explored in this course include the connection between the roots of emigration and the global economy of violence in Central America; human rights on the border; and issues immigrants face in the US such as immigrants living in the US with or without legal documents, detention and deportation and the work they are doing to make a more just immigration system. Students will gather information during their stay and create a presentation to be shown to people in Minnesota upon returning from the border.","3","3","No","1","3","OPT - Student Option","010169","Periodic Summer"
"WRIT","3102W","Public Writing","Twin Cities","Students in this class examine public documents and apply critical/rhetorical analysis regarding audience, purpose, message, power, and context. Students conduct research and write documents for public audiences on contemporary issues of interest.  ","3","3","No","1","3","A-F - A-F Grade Basis","000595","Every Fall & Spring"
"WRIT","4431W","Science, Technology, and the Law","Twin Cities","In this course students explore the effects of scientific and technological development on the law—and the effects of the law on scientific and technological development. In particular, students will read and discuss government regulation, constitutional guidelines and rights, and federal and state court precedents regarding privacy, intellectual property (patients and copyright), and health law. Specific topics include the following: Search warrants and Four Amendment rights, electronic surveillance law, national security and foreign intelligence, copyright and fair use, citizens’ access to creative works, informed consent, medical expert testimony in the courtroom, and the right to medical treatment. Students will have the opportunity to express their opinions and display their analytical skills in three take-home essay exams. Students from all majors are welcome, including those students interested in law school.","3","3","No","1","3","A-F - A-F Grade Basis","000226","Periodic Fall & Spring"
"YOST","1001","Seeing Youth, Thinking Youth: Media, Popular Media, and Scholarship","Twin Cities","This course is an invitation to meet and engage with the field of Youth Studies. This is an introductory course to a subject you already know about – you’ve lived its content; thought about it; you may even written poems, made a video or posted a meme about this life-moment. Since you know this so well, why take a university course on it? You will leave this course better able to notice the young people around you; wonder about them and their lives; name, describe and analyze what you see and hear and read about youth. This course is about all young people. This means that we are attentive to including material about youth from diverse backgrounds, many ethnic/racial, social class, linguistic, and geographic locations or those who have a variety of physical and mental capacities, those who are “normal” and “typical” and those who are “not”. Together, we will examine myths and stereotypes about youth, where they come from, and how to deconstruct them using a variety of lenses-- social, popular and news media, young adult novels, academic articles, biographies, and more. We will do this through engaging class discussions and activities. You will learn how to use critical ethnography “in the field” where you will observe and write about youth in a variety of settings including malls, sporting events, busses, coffee shops, and music venues. We believe that an introductory college course is a space and time to reflect, analyze, and learn about what matters to you, about who you are and about the work others have done and what you want to do. In these ways, this course introduces ways of being an engaged and thoughtful student, citizen and professional, all of which require critical thinking skills and an ability to work across difference and diversity. In this course, students will develop skills in assessment, reflection/reflexivity, deconstruction, empathy and judgement; all precursors for professional decision-making in careers like youth work, policy, public health, education, communications, and other fields. We hope this course may lead to reflecting on your occupational future and vocational call.","3","3","No","1","3","OPT - Student Option","-","Every Fall & Spring"